gpu-guard: running on GPU(s) [1] -- OK (avoiding [])
Loading climacommon/2025_05_15
  Loading requirement: climaauth/2025_05_15 openmpi/4.1.5-mpitrampoline
    julia/1.11.5 cuda/julia-pref
Precompiling project...
   2161.2 ms  ✓ ClimaParams
   2973.7 ms  ✓ URIs
   3051.6 ms  ✓ ClimaComms
   6899.6 ms  ✓ Insolation → CreateParametersExt
   6424.7 ms  ✓ FilePaths → FilePathsURIsExt
  11325.8 ms  ✓ Thermodynamics → CreateParametersExt
  11042.8 ms  ✓ ClimaUtilities
  10163.0 ms  ✓ SurfaceFluxes → CreateParametersExt
  10874.8 ms  ✓ ClimaComms → ClimaCommsMPIExt
  13601.0 ms  ✓ ClimaTimeSteppers
  10404.1 ms  ✓ ClimaUtilities → ClimaUtilitiesNCDatasetsExt
  35932.0 ms  ✓ RRTMGP
  37538.3 ms  ✓ ClimaComms → ClimaCommsCUDAExt
   5004.3 ms  ✓ RRTMGP → CreateParametersExt
  34128.4 ms  ✓ CloudMicrophysics
  13440.1 ms  ✓ RRTMGP → RRTMGPNCDatasetsExt
  40596.1 ms  ✓ ClimaTimeSteppers → ClimaTimeSteppersBenchmarkToolsExt
  47459.8 ms  ✓ ClimaCalibrate
  26146.7 ms  ✓ RRTMGP → RRTMGPCUDAExt
  83410.1 ms  ✓ ClimaAnalysis
  98056.9 ms  ✓ Reseau
  38675.7 ms  ✓ ClimaAnalysis → ClimaAnalysisMakieExt
  40136.2 ms  ✓ ClimaCalibrate → ClimaCalibrateClimaAnalysisExt
  79397.8 ms  ✓ ClimaCalibrate → ClimaCalibrateMakieExt
  50237.0 ms  ✓ ClimaAnalysis → ClimaAnalysisGeoMakieExt
 120688.8 ms  ✓ HTTP
   2798.1 ms  ✓ FileIO → HTTPExt
   3394.9 ms  ✓ CDSAPI
   3140.4 ms  ✓ ClimaInitialConditions
 254502.3 ms  ✓ ClimaCore
  16003.7 ms  ✓ ClimaTimeSteppers → ClimaTimeSteppersClimaCoreExt
  16616.1 ms  ✓ ClimaCore → KrylovExt
  16620.5 ms  ✓ ClimaUtilities → ClimaUtilitiesClimaCoreExt
  17520.3 ms  ✓ ClimaCore → ClimaCoreRecipesBaseExt
  13618.2 ms  ✓ ClimaUtilities → ClimaUtilitiesClimaCoreNCDatasetsExt
  36580.4 ms  ✓ ClimaCore → ClimaCoreCUDAExt
  20050.7 ms  ✓ ClimaUtilities → ClimaUtilitiesClimaCoreInterpolationsExt
  19714.0 ms  ✓ ClimaDiagnostics
  48933.3 ms  ✓ ClimaCore → ClimaCoreMakieExt
  21965.5 ms  ✓ ClimaLand
  28882.4 ms  ✓ ClimaCoupler
  18091.9 ms  ✓ ClimaLand → FluxnetSimulationsExt
  32408.7 ms  ✓ ClimaLand → ConstrainedNeuralModelExt
  26451.7 ms  ✓ ClimaCoupler → ClimaCouplerClimaLandExt
  65778.1 ms  ✓ ClimaAtmos
  52535.1 ms  ✓ ClimaLand → LandSimulationVisualizationExt
  51829.5 ms  ✓ ClimaCoupler → ClimaCouplerMakieExt
  18083.6 ms  ✓ ClimaCoupler → ClimaCouplerClimaAtmosExt
  48 dependencies successfully precompiled in 389 seconds. 583 already precompiled.
  4 dependencies had output during precompilation:
┌ ClimaTimeSteppers → ClimaTimeSteppersBenchmarkToolsExt
│  ┌ Warning: CUDA runtime library `libcublasLt.so.13` was loaded from a system path, `/usr/local/cuda/lib64/libcublasLt.so.13`.
│  │ This may cause errors.
│  │ 
│  │ If you're running under a profiler, this situation is expected. Otherwise,
│  │ ensure that your library path environment variable (e.g., `PATH` on Windows
│  │ or `LD_LIBRARY_PATH` on Linux) does not include CUDA library paths.
│  │ 
│  │ In any other case, please file an issue.
│  └ @ CUDA ~/.julia/packages/CUDA/FQwqy/src/initialization.jl:198
│  ┌ Warning: CUDA runtime library `libnvJitLink.so.13` was loaded from a system path, `/usr/local/cuda/lib64/libnvJitLink.so.13`.
│  │ This may cause errors.
│  │ 
│  │ If you're running under a profiler, this situation is expected. Otherwise,
│  │ ensure that your library path environment variable (e.g., `PATH` on Windows
│  │ or `LD_LIBRARY_PATH` on Linux) does not include CUDA library paths.
│  │ 
│  │ In any other case, please file an issue.
│  └ @ CUDA ~/.julia/packages/CUDA/FQwqy/src/initialization.jl:198
│  ┌ Warning: CUDA runtime library `libcusparse.so.12` was loaded from a system path, `/usr/local/cuda/lib64/libcusparse.so.12`.
│  │ This may cause errors.
│  │ 
│  │ If you're running under a profiler, this situation is expected. Otherwise,
│  │ ensure that your library path environment variable (e.g., `PATH` on Windows
│  │ or `LD_LIBRARY_PATH` on Linux) does not include CUDA library paths.
│  │ 
│  │ In any other case, please file an issue.
│  └ @ CUDA ~/.julia/packages/CUDA/FQwqy/src/initialization.jl:198
└  
┌ ClimaComms → ClimaCommsCUDAExt
│  ┌ Warning: CUDA runtime library `libcublasLt.so.13` was loaded from a system path, `/usr/local/cuda/lib64/libcublasLt.so.13`.
│  │ This may cause errors.
│  │ 
│  │ If you're running under a profiler, this situation is expected. Otherwise,
│  │ ensure that your library path environment variable (e.g., `PATH` on Windows
│  │ or `LD_LIBRARY_PATH` on Linux) does not include CUDA library paths.
│  │ 
│  │ In any other case, please file an issue.
│  └ @ CUDA ~/.julia/packages/CUDA/FQwqy/src/initialization.jl:198
│  ┌ Warning: CUDA runtime library `libnvJitLink.so.13` was loaded from a system path, `/usr/local/cuda/lib64/libnvJitLink.so.13`.
│  │ This may cause errors.
│  │ 
│  │ If you're running under a profiler, this situation is expected. Otherwise,
│  │ ensure that your library path environment variable (e.g., `PATH` on Windows
│  │ or `LD_LIBRARY_PATH` on Linux) does not include CUDA library paths.
│  │ 
│  │ In any other case, please file an issue.
│  └ @ CUDA ~/.julia/packages/CUDA/FQwqy/src/initialization.jl:198
│  ┌ Warning: CUDA runtime library `libcusparse.so.12` was loaded from a system path, `/usr/local/cuda/lib64/libcusparse.so.12`.
│  │ This may cause errors.
│  │ 
│  │ If you're running under a profiler, this situation is expected. Otherwise,
│  │ ensure that your library path environment variable (e.g., `PATH` on Windows
│  │ or `LD_LIBRARY_PATH` on Linux) does not include CUDA library paths.
│  │ 
│  │ In any other case, please file an issue.
│  └ @ CUDA ~/.julia/packages/CUDA/FQwqy/src/initialization.jl:198
└  
┌ RRTMGP → RRTMGPCUDAExt
│  ┌ Warning: CUDA runtime library `libcublasLt.so.13` was loaded from a system path, `/usr/local/cuda/lib64/libcublasLt.so.13`.
│  │ This may cause errors.
│  │ 
│  │ If you're running under a profiler, this situation is expected. Otherwise,
│  │ ensure that your library path environment variable (e.g., `PATH` on Windows
│  │ or `LD_LIBRARY_PATH` on Linux) does not include CUDA library paths.
│  │ 
│  │ In any other case, please file an issue.
│  └ @ CUDA ~/.julia/packages/CUDA/FQwqy/src/initialization.jl:198
│  ┌ Warning: CUDA runtime library `libnvJitLink.so.13` was loaded from a system path, `/usr/local/cuda/lib64/libnvJitLink.so.13`.
│  │ This may cause errors.
│  │ 
│  │ If you're running under a profiler, this situation is expected. Otherwise,
│  │ ensure that your library path environment variable (e.g., `PATH` on Windows
│  │ or `LD_LIBRARY_PATH` on Linux) does not include CUDA library paths.
│  │ 
│  │ In any other case, please file an issue.
│  └ @ CUDA ~/.julia/packages/CUDA/FQwqy/src/initialization.jl:198
│  ┌ Warning: CUDA runtime library `libcusparse.so.12` was loaded from a system path, `/usr/local/cuda/lib64/libcusparse.so.12`.
│  │ This may cause errors.
│  │ 
│  │ If you're running under a profiler, this situation is expected. Otherwise,
│  │ ensure that your library path environment variable (e.g., `PATH` on Windows
│  │ or `LD_LIBRARY_PATH` on Linux) does not include CUDA library paths.
│  │ 
│  │ In any other case, please file an issue.
│  └ @ CUDA ~/.julia/packages/CUDA/FQwqy/src/initialization.jl:198
└  
┌ ClimaCore → ClimaCoreCUDAExt
│  ┌ Warning: CUDA runtime library `libcublasLt.so.13` was loaded from a system path, `/usr/local/cuda/lib64/libcublasLt.so.13`.
│  │ This may cause errors.
│  │ 
│  │ If you're running under a profiler, this situation is expected. Otherwise,
│  │ ensure that your library path environment variable (e.g., `PATH` on Windows
│  │ or `LD_LIBRARY_PATH` on Linux) does not include CUDA library paths.
│  │ 
│  │ In any other case, please file an issue.
│  └ @ CUDA ~/.julia/packages/CUDA/FQwqy/src/initialization.jl:198
│  ┌ Warning: CUDA runtime library `libnvJitLink.so.13` was loaded from a system path, `/usr/local/cuda/lib64/libnvJitLink.so.13`.
│  │ This may cause errors.
│  │ 
│  │ If you're running under a profiler, this situation is expected. Otherwise,
│  │ ensure that your library path environment variable (e.g., `PATH` on Windows
│  │ or `LD_LIBRARY_PATH` on Linux) does not include CUDA library paths.
│  │ 
│  │ In any other case, please file an issue.
│  └ @ CUDA ~/.julia/packages/CUDA/FQwqy/src/initialization.jl:198
│  ┌ Warning: CUDA runtime library `libcusparse.so.12` was loaded from a system path, `/usr/local/cuda/lib64/libcusparse.so.12`.
│  │ This may cause errors.
│  │ 
│  │ If you're running under a profiler, this situation is expected. Otherwise,
│  │ ensure that your library path environment variable (e.g., `PATH` on Windows
│  │ or `LD_LIBRARY_PATH` on Linux) does not include CUDA library paths.
│  │ 
│  │ In any other case, please file an issue.
│  └ @ CUDA ~/.julia/packages/CUDA/FQwqy/src/initialization.jl:198
└  
┌ Warning: CUDA runtime library `libcublasLt.so.13` was loaded from a system path, `/usr/local/cuda/lib64/libcublasLt.so.13`.
│ This may cause errors.
│ 
│ If you're running under a profiler, this situation is expected. Otherwise,
│ ensure that your library path environment variable (e.g., `PATH` on Windows
│ or `LD_LIBRARY_PATH` on Linux) does not include CUDA library paths.
│ 
│ In any other case, please file an issue.
└ @ CUDA ~/.julia/packages/CUDA/FQwqy/src/initialization.jl:198
┌ Warning: CUDA runtime library `libnvJitLink.so.13` was loaded from a system path, `/usr/local/cuda/lib64/libnvJitLink.so.13`.
│ This may cause errors.
│ 
│ If you're running under a profiler, this situation is expected. Otherwise,
│ ensure that your library path environment variable (e.g., `PATH` on Windows
│ or `LD_LIBRARY_PATH` on Linux) does not include CUDA library paths.
│ 
│ In any other case, please file an issue.
└ @ CUDA ~/.julia/packages/CUDA/FQwqy/src/initialization.jl:198
┌ Warning: CUDA runtime library `libcusparse.so.12` was loaded from a system path, `/usr/local/cuda/lib64/libcusparse.so.12`.
│ This may cause errors.
│ 
│ If you're running under a profiler, this situation is expected. Otherwise,
│ ensure that your library path environment variable (e.g., `PATH` on Windows
│ or `LD_LIBRARY_PATH` on Linux) does not include CUDA library paths.
│ 
│ In any other case, please file an issue.
└ @ CUDA ~/.julia/packages/CUDA/FQwqy/src/initialization.jl:198
Status `~/calkit/clima-gpu-profiling/ClimaCoupler.jl/experiments/AMIP/Project.toml`
  [c7e460c6] ArgParse v1.2.0
⌅ [052768ef] CUDA v5.11.3
  [159f3aea] Cairo v1.1.1
⌃ [13f3f980] CairoMakie v0.15.14
  [29b5916a] ClimaAnalysis v0.5.24
  [b2c96348] ClimaAtmos v0.42.13 `../../../ClimaAtmos.jl`
  [4347a170] ClimaCalibrate v0.6.0
  [3a4d1b5c] ClimaComms v0.6.12
  [d414da3d] ClimaCore v1.0.3 `../../../ClimaCore.jl`
  [4ade58fe] ClimaCoupler v0.2.3 `../..`
  [1ecacbb8] ClimaDiagnostics v0.3.11
  [08f4d4ce] ClimaLand v1.12.3
  [5c42b081] ClimaParams v1.2.1
  [595c0a79] ClimaTimeSteppers v1.0.1
  [b3f4f4ca] ClimaUtilities v0.1.33
  [aa8a2aa5] EnsembleKalmanProcesses v2.7.4
⌅ [61eb1bfa] GPUCompiler v1.17.1
  [db073c08] GeoMakie v0.7.17
  [e98cc03f] Insolation v1.2.1
⌅ [a98d9a8b] Interpolations v0.15.2
⌃ [033835bb] JLD2 v0.6.6
  [da04e1cc] MPI v0.20.27
⌅ [ee78f7c6] Makie v0.24.14
  [85f8d34a] NCDatasets v0.14.15
  [5da4648a] NVTX v1.0.3
⌅ [b946abbf] NaNStatistics v0.6.56
⌃ [08abe8d2] PrettyTables v3.4.8
  [a01a1ee8] RRTMGP v1.0.1 `../../../RRTMGP.jl`
  [1bc83da4] SafeTestsets v0.1.0
⌃ [90137ffa] StaticArrays v1.9.20
⌃ [49b00bb7] SurfaceFluxes v1.2.1
  [b60c26fb] Thermodynamics v1.3.0
⌃ [ddb6d928] YAML v0.4.16
⌅ [9c32591e] Poppler_jll v24.6.0+0
  [de0858da] Printf v1.11.0
Info Packages marked with ⌃ and ⌅ have new versions available. Those with ⌃ may be upgradable, but those with ⌅ are restricted by compatibility constraints from upgrading. To see why use `status --outdated`
┌ Warning: CUDA runtime library `libcublasLt.so.13` was loaded from a system path, `/usr/local/cuda/lib64/libcublasLt.so.13`.
│ This may cause errors.
│ 
│ If you're running under a profiler, this situation is expected. Otherwise,
│ ensure that your library path environment variable (e.g., `PATH` on Windows
│ or `LD_LIBRARY_PATH` on Linux) does not include CUDA library paths.
│ 
│ In any other case, please file an issue.
└ @ CUDA ~/.julia/packages/CUDA/FQwqy/src/initialization.jl:198
┌ Warning: CUDA runtime library `libnvJitLink.so.13` was loaded from a system path, `/usr/local/cuda/lib64/libnvJitLink.so.13`.
│ This may cause errors.
│ 
│ If you're running under a profiler, this situation is expected. Otherwise,
│ ensure that your library path environment variable (e.g., `PATH` on Windows
│ or `LD_LIBRARY_PATH` on Linux) does not include CUDA library paths.
│ 
│ In any other case, please file an issue.
└ @ CUDA ~/.julia/packages/CUDA/FQwqy/src/initialization.jl:198
┌ Warning: CUDA runtime library `libcusparse.so.12` was loaded from a system path, `/usr/local/cuda/lib64/libcusparse.so.12`.
│ This may cause errors.
│ 
│ If you're running under a profiler, this situation is expected. Otherwise,
│ ensure that your library path environment variable (e.g., `PATH` on Windows
│ or `LD_LIBRARY_PATH` on Linux) does not include CUDA library paths.
│ 
│ In any other case, please file an issue.
└ @ CUDA ~/.julia/packages/CUDA/FQwqy/src/initialization.jl:198
┌ Warning: CUDA runtime library `libcupti.so.13.1` was loaded from a system path, `/opt/nvidia/nsight-systems/2025.3.2/target-linux-x64/libcupti.so.13.1`.
│ This may cause errors.
│ 
│ If you're running under a profiler, this situation is expected. Otherwise,
│ ensure that your library path environment variable (e.g., `PATH` on Windows
│ or `LD_LIBRARY_PATH` on Linux) does not include CUDA library paths.
│ 
│ In any other case, please file an issue.
└ @ CUDA ~/.julia/packages/CUDA/FQwqy/src/initialization.jl:198
[ Info: Active project: /home/pbachant/calkit/clima-gpu-profiling/ClimaCoupler.jl/experiments/AMIP
Precompiling FilePathsURIsExt...
    795.7 ms  ✓ FilePaths → FilePathsURIsExt
  1 dependency successfully precompiled in 1 seconds. 12 already precompiled.
[ Info: Using Atmos configuration from ClimaCoupler in config/atmos_configs/climaatmos_progedmf_1m.yml
[ Info: Dict{Any, Any}("sleve_eta" => 0.7, "use_coupler_diagnostics" => true, "era5_diurnal_warming" => nothing, "ocean_progress_interval" => "never", "dt" => "30secs", "prognostic_tke" => true, "use_newton_rtol" => false, "era5_ic_full_pressure" => false, "microphysics_model" => "1M", "output_dir_style" => "ActiveLink", "external_forcing" => nothing, "netcdf_output_at_levels" => true, "device" => "auto", "t_end" => "86400secs", "c_amd" => 0.29, "scm_surface_type" => "ocean", "y_elem" => 6, "z_stretch" => true, "dt_subcol" => "Inf", "extra_atmos_diagnostics" => Dict{Any, Any}[], "edmfx_nh_pressure" => true, "nogw_beres_heating_latent" => false, "era5_initial_condition_dir" => nothing, "cloud_liquid_rain_accretion" => "CloudLiquidRainAccretion", "conservation_softfail" => false, "check_steady_state" => false, "restart_cache" => true, "fixed_terminal_velocity_ice" => true, "update_jacobian_every" => "solve", "test_dycore_consistency" => false, "add_isothermal_boundary_layer" => true, "use_itime" => true, "rad" => "allskywithclear", "binary_area_fraction" => true, "seaice_progress_interval" => "never", "cloud_model" => "quadrature", "initial_condition" => "WeatherModel", "krylov_rtol" => 0.1, "eisenstat_walker_forcing_alpha" => 2.0, "dt_cloud_fraction" => "1hours", "surface_setup" => "PrescribedSurface", "cloud_ice_snow_accretion" => "CloudIceSnowAccretion", "update_constrain_state_every" => "step", "jvp_step_adjustment" => 1.0, "microphysics_n_substeps" => 3, "insolation" => "timevarying", "ocean_diagnostic_mode" => "average", "snow_melt" => "SnowMelt", "log_progress" => true, "site_latitude" => 17.0, "h_elem" => 16, "coupler_toml" => ["/home/pbachant/calkit/clima-gpu-profiling/ClimaCoupler.jl/toml/amip_progedmf_1m.toml"], "netcdf_interpolation_num_points" => nothing, "coupler_output_dir" => "output", "z_max" => 60000.0, "diagnostics" => Any[], "edmfx_filter" => true, "debug_jacobian" => false, "job_id" => "amip_progedmf_1m_land_he16", "sst_adjustment" => 0.0, "log_to_file" => false, "orographic_gravity_wave" => "raw_topo_online", "dt_rad" => "600secs", "simple_ocean" => false, "edmfx_upwinding" => "first_order", "tracer_upwinding" => "vanleer_limiter", "nh_poly" => 3, "edmfx_sgs_diffusive_flux" => true, "y_max" => 300000.0, "non_orographic_gravity_wave" => true, "chemistry_model" => nothing, "print_config_dict" => true, "save_cache" => true, "microphysics_n_substeps_quadrature" => 2, "topography_damping_factor" => 5.0, "cloud_ice_rain_accretion" => "CloudIceRainAccretion", "config" => "sphere", "hyperdiffusion_prandtl_number" => 0.2, "reproducibility_test" => false, "component_dt_dict" => Dict("dt_atmos" => 30.0, "dt_land" => 30.0, "dt_seaice" => 30.0, "dt_ocean" => 30.0), "cloud_liquid_snow_accretion" => "CloudLiquidSnowAccretion", "check_conservation" => false, "rmse_check" => false, "land_spun_up_ic" => false, "cosp_n_subcolumns" => 100, "vertical_water_borrowing_species" => nothing, "auto_jacobian_padding_bands" => nothing, "sgs_distribution" => "gaussian", "implicit_diffusion" => true, "walltime_dt" => nothing, "z_elem" => 63, "snow_autoconversion" => "NoSupersaturation", "ocean_model" => "prescribed", "use_auto_jacobian" => false, "cosp_overlap" => "maximum_random", "disable_surface_flux_tendency" => false, "cfsite_number" => "site23", "dt_ogw" => "1800secs", "turbconv" => "prognostic_edmfx", "x_elem" => 6, "idealized_clouds" => false, "edmfx_mse_q_tot_upwinding" => "first_order", "land_progress_interval" => "never", "check_nan_every" => 1024, "ice_model" => "prescribed", "use_dynamic_krylov_rtol" => false, "fixed_terminal_velocity_rain" => false, "lai_source" => "modis_monthly", "reproducible_restart" => false, "strict_config" => false, "toml" => ["toml/prognostic_edmfx_1M.toml"], "mesh_warp_type" => "SLEVE", "edmfx_detr_model" => "Generalized", "cloud_ice_formation" => "TemperatureDependentIceNumber", "external_forcing_file" => nothing, "cloud_nn_architecture" => "arch_2layers_8nodes.jld2", "topo_smoothing" => true, "hyperdiff" => "Hyperdiffusion", "output_dir" => nothing, "use_intersection_grid" => true, "debug_tendency_diagnostics" => false, "rain_condensation_evaporation" => "RainEvaporation", "nogw_beres_detailed_diagnostics" => false, "constant_horizontal_diffusion" => false, "apply_sem_quasimonotone_limiter" => false, "bubble" => false, "cloud_ice_melt" => "CloudIceMelt", "ode_algo" => "ARS222", "max_newton_iters_ode" => 1, "start_date" => "20100101", "time_varying_trace_gases" => ["CO2", "O3"], "ocean_diagnostic_interval" => "1days", "use_dense_jacobian" => false, "snow_deposition_sublimation" => "DepositionAndSublimation", "detect_restart_file" => false, "prognostic_surface" => "PrescribedSST", "edmfx_vertical_diffusion" => true, "restart_file" => nothing, "unique_seed" => false, "rayleigh_sponge" => true, "nogw_beres_source" => false, "divergence_damping_factor" => 5.0, "edmfx_entr_model" => "Generalized", "edmfx_tracer_upwinding" => "first_order", "energy_check" => false, "land_model" => "integrated", "use_land_diagnostics" => true, "idealized_h2o" => false, "perturb_initstate" => true, "rain_autoconversion" => "Kessler1M", "edmfx_scale_blending" => "SmoothMinimum", "seaice_diagnostic_mode" => "average", "t_start" => "0secs", "land_fraction_source" => "etopo", "dz_bottom" => 30.0, "walltime_debug" => false, "dt_save_state_to_disk" => "30days", "fixed_terminal_velocity_snow" => true, "restart_t" => nothing, "advection_test" => false, "dt_cpl" => "30secs", "checkpoint_dt" => "366days", "topography" => "Earth", "aerosol_radiation" => true, "reference_job_id" => nothing, "vorticity_hyperdiffusion_coefficient" => 0.1857, "viscous_sponge" => true, "strict_params" => true, "config_file" => "ClimaCoupler.jl/config/benchmark_configs/amip_progedmf_1m_land_he16.yml", "cloud_liquid_freezing" => "HomogeneousAndHeterogeneous", "ocean_grid" => "one_deg_tripolar", "bucket_initial_condition" => "", "domain_type" => "global", "approximate_linear_solve_iters" => 2, "land_diagnostics_reduction" => "average", "smagorinsky_lilly" => nothing, "rain_snow_accretion" => "RainSnowAccretion", "enable_diagnostics" => true, "tracer_nonnegativity_method" => nothing, "site_longitude" => -149.0, "evolving_ocean" => true, "cloud_liquid_formation" => "CloudLiquidFormation", "prescribe_clouds_in_radiation" => false, "albedo_model" => "CouplerAlbedo", "edmfx_sgs_horizontal_diffusive_flux" => false, "update_cache_every" => "step", "quadrature_order" => 3, "coupler_diagnostics_period" => nothing, "FLOAT_TYPE" => "Float32", "deep_atmosphere" => true, "updraft_number" => 1, "amd_les" => false, "restart_dir" => nothing, "detect_restart_files" => false, "column_latlon" => [0.0, 0.0], "energy_q_tot_upwinding" => "vanleer_limiter", "prescribed_aerosols" => ["CB1", "CB2", "DST01", "DST02", "DST03", "DST04", "DST05", "OC1", "OC2", "SO4", "SSLT01", "SSLT02", "SSLT03", "SSLT04", "SSLT05"], "dt_nogw" => "1800secs", "output_default_diagnostics" => true, "edmfx_sgs_mass_flux" => true, "x_max" => 300000.0, "radiation_reset_rng_seed" => true, "land_diagnostics_period" => "1months", "newton_rtol" => 1.0e-5, "atmos_config_file" => "config/atmos_configs/climaatmos_progedmf_1m.yml", "edmfx_sgsflux_upwinding" => "none", "mode_name" => "amip", "fixed_terminal_velocity_liquid" => true, "use_sgs_quadrature" => true, "bucket_albedo_type" => "map_static", "atmos_progress_interval" => "never", "vert_diff" => nothing, "use_krylov_method" => false, "sleve_s" => 10.0, "implicit_microphysics" => true, "seaice_diagnostic_interval" => "1days", "prescribed_flow" => nothing, "edmfx_horizontal_diffusion" => false, "coupler_diagnostics_reduction" => "average")
[ Info: Setting up single-process ClimaCoupler run on device: CUDADevice.
[ Info: Dict{Any, Any}("sleve_eta" => 0.7, "use_coupler_diagnostics" => true, "era5_diurnal_warming" => nothing, "ocean_progress_interval" => "never", "dt" => "30secs", "prognostic_tke" => true, "use_newton_rtol" => false, "era5_ic_full_pressure" => false, "microphysics_model" => "1M", "output_dir_style" => "ActiveLink", "external_forcing" => nothing, "netcdf_output_at_levels" => true, "device" => "auto", "t_end" => "86400secs", "c_amd" => 0.29, "scm_surface_type" => "ocean", "y_elem" => 6, "z_stretch" => true, "dt_subcol" => "Inf", "extra_atmos_diagnostics" => Dict{Any, Any}[], "edmfx_nh_pressure" => true, "nogw_beres_heating_latent" => false, "era5_initial_condition_dir" => nothing, "cloud_liquid_rain_accretion" => "CloudLiquidRainAccretion", "conservation_softfail" => false, "check_steady_state" => false, "restart_cache" => true, "fixed_terminal_velocity_ice" => true, "update_jacobian_every" => "solve", "test_dycore_consistency" => false, "add_isothermal_boundary_layer" => true, "use_itime" => true, "rad" => "allskywithclear", "binary_area_fraction" => true, "seaice_progress_interval" => "never", "cloud_model" => "quadrature", "initial_condition" => "WeatherModel", "krylov_rtol" => 0.1, "eisenstat_walker_forcing_alpha" => 2.0, "dt_cloud_fraction" => "1hours", "surface_setup" => "PrescribedSurface", "cloud_ice_snow_accretion" => "CloudIceSnowAccretion", "update_constrain_state_every" => "step", "jvp_step_adjustment" => 1.0, "microphysics_n_substeps" => 3, "insolation" => "timevarying", "ocean_diagnostic_mode" => "average", "snow_melt" => "SnowMelt", "log_progress" => true, "site_latitude" => 17.0, "h_elem" => 16, "coupler_toml" => ["/home/pbachant/calkit/clima-gpu-profiling/ClimaCoupler.jl/toml/amip_progedmf_1m.toml"], "netcdf_interpolation_num_points" => nothing, "coupler_output_dir" => "output", "z_max" => 60000.0, "diagnostics" => Any[], "edmfx_filter" => true, "debug_jacobian" => false, "job_id" => "amip_progedmf_1m_land_he16", "sst_adjustment" => 0.0, "log_to_file" => false, "orographic_gravity_wave" => "raw_topo_online", "dt_rad" => "600secs", "simple_ocean" => false, "edmfx_upwinding" => "first_order", "tracer_upwinding" => "vanleer_limiter", "nh_poly" => 3, "edmfx_sgs_diffusive_flux" => true, "y_max" => 300000.0, "non_orographic_gravity_wave" => true, "chemistry_model" => nothing, "print_config_dict" => true, "save_cache" => true, "microphysics_n_substeps_quadrature" => 2, "topography_damping_factor" => 5.0, "cloud_ice_rain_accretion" => "CloudIceRainAccretion", "config" => "sphere", "hyperdiffusion_prandtl_number" => 0.2, "reproducibility_test" => false, "component_dt_dict" => Dict("dt_atmos" => 30.0, "dt_land" => 30.0, "dt_seaice" => 30.0, "dt_ocean" => 30.0), "cloud_liquid_snow_accretion" => "CloudLiquidSnowAccretion", "check_conservation" => false, "rmse_check" => false, "land_spun_up_ic" => false, "cosp_n_subcolumns" => 100, "vertical_water_borrowing_species" => nothing, "auto_jacobian_padding_bands" => nothing, "sgs_distribution" => "gaussian", "implicit_diffusion" => true, "walltime_dt" => nothing, "z_elem" => 63, "snow_autoconversion" => "NoSupersaturation", "ocean_model" => "prescribed", "use_auto_jacobian" => false, "cosp_overlap" => "maximum_random", "disable_surface_flux_tendency" => false, "cfsite_number" => "site23", "dt_ogw" => "1800secs", "turbconv" => "prognostic_edmfx", "x_elem" => 6, "idealized_clouds" => false, "edmfx_mse_q_tot_upwinding" => "first_order", "land_progress_interval" => "never", "check_nan_every" => 1024, "ice_model" => "prescribed", "use_dynamic_krylov_rtol" => false, "fixed_terminal_velocity_rain" => false, "lai_source" => "modis_monthly", "reproducible_restart" => false, "strict_config" => false, "toml" => ["toml/prognostic_edmfx_1M.toml"], "mesh_warp_type" => "SLEVE", "edmfx_detr_model" => "Generalized", "cloud_ice_formation" => "TemperatureDependentIceNumber", "external_forcing_file" => nothing, "cloud_nn_architecture" => "arch_2layers_8nodes.jld2", "topo_smoothing" => true, "hyperdiff" => "Hyperdiffusion", "output_dir" => nothing, "use_intersection_grid" => true, "debug_tendency_diagnostics" => false, "rain_condensation_evaporation" => "RainEvaporation", "nogw_beres_detailed_diagnostics" => false, "constant_horizontal_diffusion" => false, "apply_sem_quasimonotone_limiter" => false, "bubble" => false, "cloud_ice_melt" => "CloudIceMelt", "ode_algo" => "ARS222", "max_newton_iters_ode" => 1, "start_date" => "20100101", "time_varying_trace_gases" => ["CO2", "O3"], "ocean_diagnostic_interval" => "1days", "use_dense_jacobian" => false, "snow_deposition_sublimation" => "DepositionAndSublimation", "detect_restart_file" => false, "prognostic_surface" => "PrescribedSST", "edmfx_vertical_diffusion" => true, "restart_file" => nothing, "unique_seed" => false, "rayleigh_sponge" => true, "nogw_beres_source" => false, "divergence_damping_factor" => 5.0, "edmfx_entr_model" => "Generalized", "edmfx_tracer_upwinding" => "first_order", "energy_check" => false, "land_model" => "integrated", "use_land_diagnostics" => true, "idealized_h2o" => false, "perturb_initstate" => true, "rain_autoconversion" => "Kessler1M", "edmfx_scale_blending" => "SmoothMinimum", "seaice_diagnostic_mode" => "average", "t_start" => "0secs", "land_fraction_source" => "etopo", "dz_bottom" => 30.0, "walltime_debug" => false, "dt_save_state_to_disk" => "30days", "fixed_terminal_velocity_snow" => true, "restart_t" => nothing, "advection_test" => false, "dt_cpl" => "30secs", "checkpoint_dt" => "366days", "topography" => "Earth", "aerosol_radiation" => true, "reference_job_id" => nothing, "vorticity_hyperdiffusion_coefficient" => 0.1857, "viscous_sponge" => true, "strict_params" => true, "config_file" => "ClimaCoupler.jl/config/benchmark_configs/amip_progedmf_1m_land_he16.yml", "cloud_liquid_freezing" => "HomogeneousAndHeterogeneous", "ocean_grid" => "one_deg_tripolar", "bucket_initial_condition" => "", "domain_type" => "global", "approximate_linear_solve_iters" => 2, "land_diagnostics_reduction" => "average", "smagorinsky_lilly" => nothing, "rain_snow_accretion" => "RainSnowAccretion", "enable_diagnostics" => true, "tracer_nonnegativity_method" => nothing, "site_longitude" => -149.0, "evolving_ocean" => true, "cloud_liquid_formation" => "CloudLiquidFormation", "prescribe_clouds_in_radiation" => false, "albedo_model" => "CouplerAlbedo", "edmfx_sgs_horizontal_diffusive_flux" => false, "update_cache_every" => "step", "quadrature_order" => 3, "coupler_diagnostics_period" => nothing, "FLOAT_TYPE" => "Float32", "deep_atmosphere" => true, "updraft_number" => 1, "amd_les" => false, "restart_dir" => nothing, "detect_restart_files" => false, "column_latlon" => [0.0, 0.0], "energy_q_tot_upwinding" => "vanleer_limiter", "prescribed_aerosols" => ["CB1", "CB2", "DST01", "DST02", "DST03", "DST04", "DST05", "OC1", "OC2", "SO4", "SSLT01", "SSLT02", "SSLT03", "SSLT04", "SSLT05"], "dt_nogw" => "1800secs", "output_default_diagnostics" => true, "edmfx_sgs_mass_flux" => true, "x_max" => 300000.0, "radiation_reset_rng_seed" => true, "land_diagnostics_period" => "1months", "newton_rtol" => 1.0e-5, "atmos_config_file" => "config/atmos_configs/climaatmos_progedmf_1m.yml", "edmfx_sgsflux_upwinding" => "none", "mode_name" => "amip", "fixed_terminal_velocity_liquid" => true, "use_sgs_quadrature" => true, "bucket_albedo_type" => "map_static", "atmos_progress_interval" => "never", "vert_diff" => nothing, "use_krylov_method" => false, "sleve_s" => 10.0, "implicit_microphysics" => true, "seaice_diagnostic_interval" => "1days", "prescribed_flow" => nothing, "edmfx_horizontal_diffusion" => false, "coupler_diagnostics_reduction" => "average")
[ Info: Output directories output/amip_progedmf_1m_land_he16/output_0051
[ Info: Coupler artifacts directory output/amip_progedmf_1m_land_he16/artifacts
[ Info: Coupler checkpoint directory output/amip_progedmf_1m_land_he16/checkpoints
[ Info: Random seed set to 1234
[ Info: Starting from t_start 0.0 seconds (2010-01-01T00:00:00) [counter = 0, period = 1 second, epoch = 2010-01-01T00:00:00]
[ Info: Overwriting Atmos parameters from input TOML file(s): ["/home/pbachant/calkit/clima-gpu-profiling/ClimaCoupler.jl/toml/amip_progedmf_1m.toml"]
┌ Warning: The configuration passed to ClimaAtmos contains unused keys: use_coupler_diagnostics, ocean_progress_interval, use_intersection_grid, scm_surface_type, extra_atmos_diagnostics, ocean_diagnostic_interval, conservation_softfail, restart_cache, use_itime, unique_seed, binary_area_fraction, seaice_progress_interval, energy_check, use_land_diagnostics, land_model, dt_cloud_fraction, seaice_diagnostic_mode, ocean_diagnostic_mode, land_fraction_source, walltime_debug, coupler_toml, restart_t, coupler_output_dir, dt_cpl, checkpoint_dt, config_file, ocean_grid, sst_adjustment, bucket_initial_condition, domain_type, simple_ocean, edmfx_upwinding, land_diagnostics_reduction, evolving_ocean, save_cache, print_config_dict, coupler_diagnostics_period, component_dt_dict, restart_dir, detect_restart_files, rmse_check, column_latlon, land_spun_up_ic, land_diagnostics_period, walltime_dt, atmos_config_file, ocean_model, mode_name, bucket_albedo_type, atmos_progress_interval, land_progress_interval, ice_model, lai_source, seaice_diagnostic_interval, coupler_diagnostics_reduction
└ @ ClimaAtmos ~/calkit/clima-gpu-profiling/ClimaAtmos.jl/src/config/yaml_helper.jl:161
┌ Info: numerics 
│               `energy_q_tot_upwinding`::`Val{:vanleer_limiter}`
│                     `tracer_upwinding`::`Val{:vanleer_limiter}`
│            `edmfx_mse_q_tot_upwinding`::`Val{:first_order}`
│              `edmfx_sgsflux_upwinding`::`Val{:none}`
│               `edmfx_tracer_upwinding`::`Val{:first_order}`
│              `test_dycore_consistency`::`false`
│                 `reproducible_restart`::`false`
│                              `limiter`::`Nothing`
│                            `diff_mode`::`ClimaAtmos.Implicit`
│                            `hyperdiff`::`ClimaAtmos.Hyperdiffusion{Float32}`
└     `vertical_water_borrowing_species`::`Nothing`
┌ Info: AtmosModel: 
│ 
│                             `water`::`ClimaAtmos.AtmosWater{ClimaAtmos.NonEquilibriumMicrophysics1M{CloudMicrophysics.Parameters.Microphysics1MOptions{CloudMicrophysics.Parameters.CloudLiquidFormation, CloudMicrophysics.Parameters.TemperatureDependentIceNumber, CloudMicrophysics.Parameters.CloudIceMelt, CloudMicrophysics.Parameters.HomogeneousAndHeterogeneous, CloudMicrophysics.Parameters.Kessler1M, CloudMicrophysics.Parameters.NoSupersaturation, CloudMicrophysics.Parameters.RainEvaporation, CloudMicrophysics.Parameters.DepositionAndSublimation, CloudMicrophysics.Parameters.SnowMelt, CloudMicrophysics.Parameters.CloudLiquidRainAccretion, CloudMicrophysics.Parameters.CloudLiquidSnowAccretion, CloudMicrophysics.Parameters.CloudIceRainAccretion, CloudMicrophysics.Parameters.CloudIceSnowAccretion, CloudMicrophysics.Parameters.RainSnowAccretion}}, ClimaAtmos.QuadratureCloud, ClimaAtmos.Implicit, Nothing, ClimaAtmos.SGSQuadrature{3, StaticArraysCore.SVector{3, Float32}, StaticArraysCore.SVector{3, Float32}, ClimaAtmos.GaussianSGS, Float32}, ClimaAtmos.FixedTerminalVelocity, ClimaAtmos.FixedTerminalVelocity, ClimaAtmos.DiagnosticTerminalVelocity, ClimaAtmos.FixedTerminalVelocity}`
│                         `scm_setup`::`ClimaAtmos.SCMSetup{Nothing, Nothing, Nothing, Bool, Nothing}`
│                         `radiation`::`ClimaAtmos.AtmosRadiation{ClimaAtmos.RRTMGPInterface.AllSkyRadiationWithClearSkyDiagnostics{ClimaAtmos.InteractiveCloudInRadiation}, ClimaAtmos.TimeVaryingInsolation{Nothing, Nothing, Nothing}, NTuple{15, String}, Tuple{String, String}}`
│                          `turbconv`::`ClimaAtmos.AtmosTurbconv{ClimaAtmos.EDMFXModel{ClimaAtmos.InvZEntrainment, ClimaAtmos.BuoyancyVelocityDetrainment, Val{false}, Val{false}, ClimaAtmos.SmoothMinimumBlending}, ClimaAtmos.PrognosticEDMFX{1, true, Float32}, Nothing, Nothing, Nothing}`
│                   `prescribed_flow`::`Nothing`
│                      `gravity_wave`::`ClimaAtmos.AtmosGravityWave{ClimaAtmos.NonOrographicGravityWave{Float32, Nothing}, ClimaAtmos.FullOrographicGravityWave{Float32, Val{:raw_topo_online}, Val{:Earth}}}`
│                `vertical_diffusion`::`Nothing`
│                            `sponge`::`ClimaAtmos.AtmosSponge{ClimaAtmos.ViscousSponge{Float32}, ClimaAtmos.RayleighSponge{Float32}}`
│                           `surface`::`ClimaAtmos.AtmosSurface{Nothing, ClimaAtmos.SurfaceConditions.AnalyticTemperature{typeof(ClimaAtmos.Setups.zonally_symmetric_temperature)}, ClimaAtmos.SurfaceConditions.SurfaceBoundaryOverrides{Nothing, Nothing, Nothing, Nothing}, ClimaAtmos.CouplerAlbedo}`
│                          `numerics`::`ClimaAtmos.AtmosNumerics{Val{:vanleer_limiter}, Val{:vanleer_limiter}, Val{:first_order}, Val{:none}, Val{:first_order}, Nothing, ClimaAtmos.Implicit, ClimaAtmos.Hyperdiffusion{Float32}, Nothing}`
│                         `chemistry`::`ClimaAtmos.AtmosChem{Nothing}`
└                              `cosp`::`Nothing`
┌ Info: Microphysics settings: 
│                        `n_substeps`::`3`
│                   `n_substeps_quad`::`2`
│            `cloud_liquid_formation`::`CloudLiquidFormation`
│               `cloud_ice_formation`::`TemperatureDependentIceNumber`
│                    `cloud_ice_melt`::`CloudIceMelt`
│             `cloud_liquid_freezing`::`HomogeneousAndHeterogeneous`
│               `rain_autoconversion`::`Kessler1M`
│               `snow_autoconversion`::`NoSupersaturation`
│     `rain_condensation_evaporation`::`RainEvaporation`
│       `snow_deposition_sublimation`::`DepositionAndSublimation`
│                         `snow_melt`::`SnowMelt`
│       `cloud_liquid_rain_accretion`::`CloudLiquidRainAccretion`
│       `cloud_liquid_snow_accretion`::`CloudLiquidSnowAccretion`
│          `cloud_ice_rain_accretion`::`CloudIceRainAccretion`
│          `cloud_ice_snow_accretion`::`CloudIceSnowAccretion`
└               `rain_snow_accretion`::`RainSnowAccretion`
[ Info: Single-process ClimaAtmos run on CUDADevice
[ Info: Using ODE config: `ClimaTimeSteppers.ARS222`
┌ Warning: Removing output/amip_progedmf_1m_land_he16/output_0051/clima_atmos
└ @ ClimaUtilities.OutputPathGenerator ~/.julia/packages/ClimaUtilities/2GLZR/src/OutputPathGenerator.jl:157
┌ Info: Calling weather_model_data_path
└   (start_date = setup.start_date, era5_dir = era5_dir) = (start_date = Dates.DateTime("2010-01-01T00:00:00"), era5_dir = nothing)
[ Info: Overwriting initial conditions with data from file /net/sampo/data1/ClimaArtifacts/artifacts/wxquest_initial_conditions/era5_init_processed_internal_20100101_0000.nc
[ Info: Adjusted surface pressure to account for ERA5/model surface-height differences.
[ Info: Initialized state (55.24 s, 9.41 GiB)
┌ Info: Computing orographic gravity wave drag input at initialization (raw_topo_online)
└   α_smoothing = 1.0f0
┌ Info: Grid-aware OGWD preprocessing
│   Δh_GCM = 192086.0f0
│   smoothing_length_scale = 192086.0f0
│   skip_pt = 26
└   α_smoothing = 1.0f0
[ Info: skip_pt = 26
[ Info: smoothing_length_scale for calc_hpoz_latlon = 192086.0
[ Info: Computing hmax...
[ Info: chi smoothing: length_scale=192086.0, n_cells=nothing
[ Info: Computing velocity potential (Haversine arc, tiny=1e-12)...
[ Info: Computing T tensor...
[ Info: Built cache (298.642 s, 34.07 GiB)
[ Info: Assembled callbacks (374.924 ms, 32.16 MiB)
┌ Info: Jacobian algorithm: ManualSparseJacobian(
│   approximate_solve_iters = 2,
└ )
[ Info: Jacobian derivative flags: topography_flag = UseDerivative, diffusion_flag = UseDerivative
[ Info: Built tendency function (2.791 s, 217.67 MiB)
[ Info: Initialized integrator (230.468 s, 18.59 GiB)
[ Info: Added 75 default ClimaAtmos diagnostics
[ Info: Saving accumulated diagnostics to disk with frequency: 1 hour
[ Info: Set up diagnostics (32.65 s, 1.74 GiB)
[ Info: Initialized 75 total diagnostics
┌ Info: Simulation info
│   job_id = "amip_progedmf_1m_land_he16"
└   output_dir = "output/amip_progedmf_1m_land_he16/output_0051/clima_atmos"
[ Info: ClimaAtmos: get_simulation (19 min 35.1 s, 106.933 GiB, compile 16 min 35.3 s)
[ Info: ClimaAtmos: zeroed fluxes and applied DSS to the state (5.9 s, 517.949 MiB, compile 4.0 s)
[ Info: Initialized atmosphere simulation (19 min 52.1 s, 108.415 GiB, compile 16 min 48.6 s)
[ Info: Created boundary space and surface fields (4.78 s, 496.315 MiB, compile 4.07 s)
[ Info: Computed land fraction (7.26 s, 3.251 GiB, compile 4.83 s)
[ Info: ClimaCoupler.Interfacer.AMIPMode
[ Info: ClimaLand: created domain (9.78 s, 1012.080 MiB, compile 5.9 s)
[ Info: ClimaLand: read MODIS LAI (640.8 ms, 67.994 MiB, compile 631.3 ms)
[ Info: ClimaLand: constructed LandModel (37.25 s, 4.889 GiB, compile 23.54 s)
[ Info: ClimaLand: set up diagnostics (1 min 50.8 s, 799.583 MiB, compile 1 min 50.3 s)
[ Info: ClimaLand: initialized LandSimulation (1 min 43.3 s, 4.622 GiB, compile 1 min 32.9 s)
[ Info: Initialized land simulation (4 min 29.8 s, 12.248 GiB, compile 4 min 0.3 s)
┌ Info: PrescribedOcean: using SST file
└   sst_data = "/net/sampo/data1/ClimaArtifacts/artifacts/historical_sst_sic/MODEL.SST.HAD187001-198110.OI198111-202206.nc"
[ Info: Initialized ocean simulation (4.24 s, 314.019 MiB, compile 3.35 s)
┌ Info: PrescribedIce: using SIC file
└   sic_data = "/net/sampo/data1/ClimaArtifacts/artifacts/historical_sst_sic/MODEL.ICE.HAD187001-198110.OI198111-202206.nc"
┌ Info: PrescribedIce: ISTL1 not in file, using constant initialization
└   file = "/net/sampo/data1/ClimaArtifacts/artifacts/historical_sst_sic/MODEL.ICE.HAD187001-198110.OI198111-202206.nc"
[ Info: Initialized sea ice simulation (7.9 s, 641.329 MiB, compile 6.34 s)
[ Info: Component models initialized: (:atmos_sim, :ice_sim, :land_sim, :ocean_sim)
[ Info: Component model types: ("ClimaAtmosSimulation", "PrescribedIceSimulation", "ClimaLandSimulation", "PrescribedOceanSimulation")
[ Info: Initialized coupler fields (47.9 ms, 6.047 MiB, compile 46.9 ms)
[ Info: Using default coupler diagnostics
[ Info: Set up coupler diagnostics (4.57 s, 350.787 MiB, compile 3.36 s)
┌ Warning: `update_field!` is not extended for the `liquid_precipitation` field of PrescribedIceSimulation: skipping update.
└ @ ClimaCoupler.Interfacer ~/calkit/clima-gpu-profiling/ClimaCoupler.jl/src/Interfacer.jl:376
[ Info: Performed initial exchange and flux computation (3 min 51.5 s, 22.036 GiB, compile 2 min 32.2 s)
[ Info: Memory in use: 13.039 GiB
[ Info: Set up CoupledSimulation (28 min 58.5 s, 148.248 GiB, compile 23 min 57.0 s)
┌ Info: Warmup step 1 / 3
│   wall_ms = 440360.02
│   gc_ms = 24280.84
│   gc_pauses = 67
│   full_sweeps = 2
└   alloc_MB = 60010.4
┌ Info: Warmup step 2 / 3
│   wall_ms = 784.14
│   gc_ms = 0.0
│   gc_pauses = 0
│   full_sweeps = 0
└   alloc_MB = 45.8
┌ Info: Warmup step 3 / 3
│   wall_ms = 167.34
│   gc_ms = 0.0
│   gc_pauses = 0
│   full_sweeps = 0
└   alloc_MB = 13.6
[ Info: Using external CUDA profiler
┌ Info: Step 1 / 120
│   wall_ms = 249.35
│   gc_ms = 0.0
│   gc_pauses = 0
│   full_sweeps = 0
└   alloc_MB = 15.8
┌ Info: Step 2 / 120
│   wall_ms = 263.17
│   gc_ms = 0.0
│   gc_pauses = 0
│   full_sweeps = 0
└   alloc_MB = 13.6
┌ Info: Step 3 / 120
│   wall_ms = 235.08
│   gc_ms = 0.0
│   gc_pauses = 0
│   full_sweeps = 0
└   alloc_MB = 13.6
┌ Info: Step 4 / 120
│   wall_ms = 230.62
│   gc_ms = 0.0
│   gc_pauses = 0
│   full_sweeps = 0
└   alloc_MB = 13.6
┌ Info: Step 5 / 120
│   wall_ms = 290.06
│   gc_ms = 0.0
│   gc_pauses = 0
│   full_sweeps = 0
└   alloc_MB = 13.6
┌ Info: Step 6 / 120
│   wall_ms = 208.67
│   gc_ms = 0.0
│   gc_pauses = 0
│   full_sweeps = 0
└   alloc_MB = 13.6
┌ Info: Step 7 / 120
│   wall_ms = 186.68
│   gc_ms = 0.0
│   gc_pauses = 0
│   full_sweeps = 0
└   alloc_MB = 13.6
┌ Info: Step 8 / 120
│   wall_ms = 197.22
│   gc_ms = 0.0
│   gc_pauses = 0
│   full_sweeps = 0
└   alloc_MB = 13.6
┌ Info: Step 9 / 120
│   wall_ms = 202.43
│   gc_ms = 0.0
│   gc_pauses = 0
│   full_sweeps = 0
└   alloc_MB = 13.6
┌ Info: Step 10 / 120
│   wall_ms = 421.61
│   gc_ms = 0.0
│   gc_pauses = 0
│   full_sweeps = 0
└   alloc_MB = 13.6
┌ Info: Step 11 / 120
│   wall_ms = 269.09
│   gc_ms = 0.0
│   gc_pauses = 0
│   full_sweeps = 0
└   alloc_MB = 13.6
┌ Info: Step 12 / 120
│   wall_ms = 183.52
│   gc_ms = 0.0
│   gc_pauses = 0
│   full_sweeps = 0
└   alloc_MB = 13.6
┌ Info: Step 13 / 120
│   wall_ms = 189.34
│   gc_ms = 0.0
│   gc_pauses = 0
│   full_sweeps = 0
└   alloc_MB = 13.6
┌ Info: Step 14 / 120
│   wall_ms = 216.09
│   gc_ms = 0.0
│   gc_pauses = 0
│   full_sweeps = 0
└   alloc_MB = 13.6
┌ Info: Step 15 / 120
│   wall_ms = 302.12
│   gc_ms = 0.0
│   gc_pauses = 0
│   full_sweeps = 0
└   alloc_MB = 13.6
┌ Info: Step 16 / 120
│   wall_ms = 212.13
│   gc_ms = 0.0
│   gc_pauses = 0
│   full_sweeps = 0
└   alloc_MB = 13.6
┌ Info: Step 17 / 120
│   wall_ms = 2123.17
│   gc_ms = 0.0
│   gc_pauses = 0
│   full_sweeps = 0
└   alloc_MB = 14.0
┌ Info: Step 18 / 120
│   wall_ms = 319.83
│   gc_ms = 0.0
│   gc_pauses = 0
│   full_sweeps = 0
└   alloc_MB = 13.6
┌ Info: Step 19 / 120
│   wall_ms = 266.49
│   gc_ms = 0.0
│   gc_pauses = 0
│   full_sweeps = 0
└   alloc_MB = 13.6
┌ Info: Step 20 / 120
│   wall_ms = 236.47
│   gc_ms = 0.0
│   gc_pauses = 0
│   full_sweeps = 0
└   alloc_MB = 13.6
┌ Info: Step 21 / 120
│   wall_ms = 186.51
│   gc_ms = 0.0
│   gc_pauses = 0
│   full_sweeps = 0
└   alloc_MB = 13.6
┌ Info: Step 22 / 120
│   wall_ms = 189.95
│   gc_ms = 0.0
│   gc_pauses = 0
│   full_sweeps = 0
└   alloc_MB = 13.6
┌ Info: Step 23 / 120
│   wall_ms = 277.52
│   gc_ms = 0.0
│   gc_pauses = 0
│   full_sweeps = 0
└   alloc_MB = 13.6
┌ Info: Step 24 / 120
│   wall_ms = 315.69
│   gc_ms = 0.0
│   gc_pauses = 0
│   full_sweeps = 0
└   alloc_MB = 13.6
┌ Info: Step 25 / 120
│   wall_ms = 300.43
│   gc_ms = 0.0
│   gc_pauses = 0
│   full_sweeps = 0
└   alloc_MB = 13.6
┌ Info: Step 26 / 120
│   wall_ms = 187.97
│   gc_ms = 0.0
│   gc_pauses = 0
│   full_sweeps = 0
└   alloc_MB = 13.6
┌ Info: Step 27 / 120
│   wall_ms = 200.44
│   gc_ms = 0.0
│   gc_pauses = 0
│   full_sweeps = 0
└   alloc_MB = 13.6
┌ Info: Step 28 / 120
│   wall_ms = 623.65
│   gc_ms = 317.15
│   gc_pauses = 1
│   full_sweeps = 0
└   alloc_MB = 13.6
┌ Info: Step 29 / 120
│   wall_ms = 274.61
│   gc_ms = 0.0
│   gc_pauses = 0
│   full_sweeps = 0
└   alloc_MB = 13.6
┌ Info: Step 30 / 120
│   wall_ms = 180.85
│   gc_ms = 0.0
│   gc_pauses = 0
│   full_sweeps = 0
└   alloc_MB = 13.6
┌ Info: Step 31 / 120
│   wall_ms = 183.89
│   gc_ms = 0.0
│   gc_pauses = 0
│   full_sweeps = 0
└   alloc_MB = 13.6
┌ Info: Step 32 / 120
│   wall_ms = 207.9
│   gc_ms = 0.0
│   gc_pauses = 0
│   full_sweeps = 0
└   alloc_MB = 13.6
┌ Info: Step 33 / 120
│   wall_ms = 351.47
│   gc_ms = 0.0
│   gc_pauses = 0
│   full_sweeps = 0
└   alloc_MB = 13.6
┌ Info: Step 34 / 120
│   wall_ms = 314.28
│   gc_ms = 0.0
│   gc_pauses = 0
│   full_sweeps = 0
└   alloc_MB = 13.6
┌ Info: Step 35 / 120
│   wall_ms = 209.91
│   gc_ms = 0.0
│   gc_pauses = 0
│   full_sweeps = 0
└   alloc_MB = 13.6
┌ Info: Step 36 / 120
│   wall_ms = 207.88
│   gc_ms = 0.0
│   gc_pauses = 0
│   full_sweeps = 0
└   alloc_MB = 13.6
┌ Info: Step 37 / 120
│   wall_ms = 2025.29
│   gc_ms = 0.0
│   gc_pauses = 0
│   full_sweeps = 0
└   alloc_MB = 13.9
┌ Info: Step 38 / 120
│   wall_ms = 207.81
│   gc_ms = 0.0
│   gc_pauses = 0
│   full_sweeps = 0
└   alloc_MB = 13.6
┌ Info: Step 39 / 120
│   wall_ms = 217.33
│   gc_ms = 0.0
│   gc_pauses = 0
│   full_sweeps = 0
└   alloc_MB = 13.6
┌ Info: Step 40 / 120
│   wall_ms = 199.72
│   gc_ms = 0.0
│   gc_pauses = 0
│   full_sweeps = 0
└   alloc_MB = 13.6
┌ Info: Step 41 / 120
│   wall_ms = 182.53
│   gc_ms = 0.0
│   gc_pauses = 0
│   full_sweeps = 0
└   alloc_MB = 13.6
┌ Info: Step 42 / 120
│   wall_ms = 279.34
│   gc_ms = 0.0
│   gc_pauses = 0
│   full_sweeps = 0
└   alloc_MB = 13.6
┌ Info: Step 43 / 120
│   wall_ms = 363.04
│   gc_ms = 0.0
│   gc_pauses = 0
│   full_sweeps = 0
└   alloc_MB = 13.6
┌ Info: Step 44 / 120
│   wall_ms = 266.74
│   gc_ms = 0.0
│   gc_pauses = 0
│   full_sweeps = 0
└   alloc_MB = 13.6
┌ Info: Step 45 / 120
│   wall_ms = 194.5
│   gc_ms = 0.0
│   gc_pauses = 0
│   full_sweeps = 0
└   alloc_MB = 13.6
┌ Info: Step 46 / 120
│   wall_ms = 186.23
│   gc_ms = 0.0
│   gc_pauses = 0
│   full_sweeps = 0
└   alloc_MB = 13.6
┌ Info: Step 47 / 120
│   wall_ms = 264.39
│   gc_ms = 0.0
│   gc_pauses = 0
│   full_sweeps = 0
└   alloc_MB = 13.6
┌ Info: Step 48 / 120
│   wall_ms = 274.73
│   gc_ms = 0.0
│   gc_pauses = 0
│   full_sweeps = 0
└   alloc_MB = 13.6
┌ Info: Step 49 / 120
│   wall_ms = 293.29
│   gc_ms = 0.0
│   gc_pauses = 0
│   full_sweeps = 0
└   alloc_MB = 13.6
┌ Info: Step 50 / 120
│   wall_ms = 206.15
│   gc_ms = 0.0
│   gc_pauses = 0
│   full_sweeps = 0
└   alloc_MB = 13.6
┌ Info: Step 51 / 120
│   wall_ms = 186.66
│   gc_ms = 0.0
│   gc_pauses = 0
│   full_sweeps = 0
└   alloc_MB = 13.6
┌ Info: Step 52 / 120
│   wall_ms = 190.26
│   gc_ms = 0.0
│   gc_pauses = 0
│   full_sweeps = 0
└   alloc_MB = 13.6
┌ Info: Step 53 / 120
│   wall_ms = 362.09
│   gc_ms = 0.0
│   gc_pauses = 0
│   full_sweeps = 0
└   alloc_MB = 13.6
┌ Info: Step 54 / 120
│   wall_ms = 281.94
│   gc_ms = 0.0
│   gc_pauses = 0
│   full_sweeps = 0
└   alloc_MB = 13.6
┌ Info: Step 55 / 120
│   wall_ms = 205.17
│   gc_ms = 0.0
│   gc_pauses = 0
│   full_sweeps = 0
└   alloc_MB = 13.6
┌ Info: Step 56 / 120
│   wall_ms = 197.03
│   gc_ms = 0.0
│   gc_pauses = 0
│   full_sweeps = 0
└   alloc_MB = 13.6
┌ Info: Step 57 / 120
│   wall_ms = 2023.88
│   gc_ms = 0.0
│   gc_pauses = 0
│   full_sweeps = 0
└   alloc_MB = 14.3
┌ Info: Step 58 / 120
│   wall_ms = 260.3
│   gc_ms = 0.0
│   gc_pauses = 0
│   full_sweeps = 0
└   alloc_MB = 13.6
┌ Info: Step 59 / 120
│   wall_ms = 183.99
│   gc_ms = 0.0
│   gc_pauses = 0
│   full_sweeps = 0
└   alloc_MB = 13.6
┌ Info: Step 60 / 120
│   wall_ms = 185.32
│   gc_ms = 0.0
│   gc_pauses = 0
│   full_sweeps = 0
└   alloc_MB = 13.6
┌ Info: Step 61 / 120
│   wall_ms = 276.86
│   gc_ms = 0.0
│   gc_pauses = 0
│   full_sweeps = 0
└   alloc_MB = 13.6
┌ Info: Step 62 / 120
│   wall_ms = 270.13
│   gc_ms = 0.0
│   gc_pauses = 0
│   full_sweeps = 0
└   alloc_MB = 13.6
┌ Info: Step 63 / 120
│   wall_ms = 292.54
│   gc_ms = 0.0
│   gc_pauses = 0
│   full_sweeps = 0
└   alloc_MB = 13.6
┌ Info: Step 64 / 120
│   wall_ms = 232.16
│   gc_ms = 0.0
│   gc_pauses = 0
│   full_sweeps = 0
└   alloc_MB = 13.6
┌ Info: Step 65 / 120
│   wall_ms = 186.41
│   gc_ms = 0.0
│   gc_pauses = 0
│   full_sweeps = 0
└   alloc_MB = 13.6
┌ Info: Step 66 / 120
│   wall_ms = 186.5
│   gc_ms = 0.0
│   gc_pauses = 0
│   full_sweeps = 0
└   alloc_MB = 13.6
┌ Info: Step 67 / 120
│   wall_ms = 272.41
│   gc_ms = 0.0
│   gc_pauses = 0
│   full_sweeps = 0
└   alloc_MB = 13.6
┌ Info: Step 68 / 120
│   wall_ms = 368.75
│   gc_ms = 0.0
│   gc_pauses = 0
│   full_sweeps = 0
└   alloc_MB = 13.6
┌ Info: Step 69 / 120
│   wall_ms = 307.14
│   gc_ms = 0.0
│   gc_pauses = 0
│   full_sweeps = 0
└   alloc_MB = 13.6
┌ Info: Step 70 / 120
│   wall_ms = 195.11
│   gc_ms = 0.0
│   gc_pauses = 0
│   full_sweeps = 0
└   alloc_MB = 13.6
┌ Info: Step 71 / 120
│   wall_ms = 195.62
│   gc_ms = 0.0
│   gc_pauses = 0
│   full_sweeps = 0
└   alloc_MB = 13.6
┌ Info: Step 72 / 120
│   wall_ms = 252.22
│   gc_ms = 0.0
│   gc_pauses = 0
│   full_sweeps = 0
└   alloc_MB = 13.6
┌ Info: Step 73 / 120
│   wall_ms = 570.61
│   gc_ms = 290.86
│   gc_pauses = 1
│   full_sweeps = 0
└   alloc_MB = 13.6
┌ Info: Step 74 / 120
│   wall_ms = 201.65
│   gc_ms = 0.0
│   gc_pauses = 0
│   full_sweeps = 0
└   alloc_MB = 13.6
┌ Info: Step 75 / 120
│   wall_ms = 188.67
│   gc_ms = 0.0
│   gc_pauses = 0
│   full_sweeps = 0
└   alloc_MB = 13.6
┌ Info: Step 76 / 120
│   wall_ms = 204.92
│   gc_ms = 0.0
│   gc_pauses = 0
│   full_sweeps = 0
└   alloc_MB = 13.6
┌ Info: Step 77 / 120
│   wall_ms = 2073.91
│   gc_ms = 0.0
│   gc_pauses = 0
│   full_sweeps = 0
└   alloc_MB = 13.9
┌ Info: Step 78 / 120
│   wall_ms = 185.99
│   gc_ms = 0.0
│   gc_pauses = 0
│   full_sweeps = 0
└   alloc_MB = 13.6
┌ Info: Step 79 / 120
│   wall_ms = 195.7
│   gc_ms = 0.0
│   gc_pauses = 0
│   full_sweeps = 0
└   alloc_MB = 13.6
┌ Info: Step 80 / 120
│   wall_ms = 212.45
│   gc_ms = 0.0
│   gc_pauses = 0
│   full_sweeps = 0
└   alloc_MB = 13.6
┌ Info: Step 81 / 120
│   wall_ms = 261.14
│   gc_ms = 0.0
│   gc_pauses = 0
│   full_sweeps = 0
└   alloc_MB = 13.6
┌ Info: Step 82 / 120
│   wall_ms = 303.17
│   gc_ms = 0.0
│   gc_pauses = 0
│   full_sweeps = 0
└   alloc_MB = 13.6
┌ Info: Step 83 / 120
│   wall_ms = 228.54
│   gc_ms = 0.0
│   gc_pauses = 0
│   full_sweeps = 0
└   alloc_MB = 13.6
┌ Info: Step 84 / 120
│   wall_ms = 193.15
│   gc_ms = 0.0
│   gc_pauses = 0
│   full_sweeps = 0
└   alloc_MB = 13.6
┌ Info: Step 85 / 120
│   wall_ms = 194.66
│   gc_ms = 0.0
│   gc_pauses = 0
│   full_sweeps = 0
└   alloc_MB = 13.6
┌ Info: Step 86 / 120
│   wall_ms = 358.47
│   gc_ms = 0.0
│   gc_pauses = 0
│   full_sweeps = 0
└   alloc_MB = 13.6
┌ Info: Step 87 / 120
│   wall_ms = 219.43
│   gc_ms = 0.0
│   gc_pauses = 0
│   full_sweeps = 0
└   alloc_MB = 13.6
┌ Info: Step 88 / 120
│   wall_ms = 320.01
│   gc_ms = 0.0
│   gc_pauses = 0
│   full_sweeps = 0
└   alloc_MB = 13.6
┌ Info: Step 89 / 120
│   wall_ms = 194.6
│   gc_ms = 0.0
│   gc_pauses = 0
│   full_sweeps = 0
└   alloc_MB = 13.6
┌ Info: Step 90 / 120
│   wall_ms = 190.71
│   gc_ms = 0.0
│   gc_pauses = 0
│   full_sweeps = 0
└   alloc_MB = 13.6
┌ Info: Step 91 / 120
│   wall_ms = 250.31
│   gc_ms = 0.0
│   gc_pauses = 0
│   full_sweeps = 0
└   alloc_MB = 13.6
┌ Info: Step 92 / 120
│   wall_ms = 370.25
│   gc_ms = 0.0
│   gc_pauses = 0
│   full_sweeps = 0
└   alloc_MB = 13.6
┌ Info: Step 93 / 120
│   wall_ms = 287.95
│   gc_ms = 0.0
│   gc_pauses = 0
│   full_sweeps = 0
└   alloc_MB = 13.6
┌ Info: Step 94 / 120
│   wall_ms = 177.67
│   gc_ms = 0.0
│   gc_pauses = 0
│   full_sweeps = 0
└   alloc_MB = 13.6
┌ Info: Step 95 / 120
│   wall_ms = 185.78
│   gc_ms = 0.0
│   gc_pauses = 0
│   full_sweeps = 0
└   alloc_MB = 13.6
┌ Info: Step 96 / 120
│   wall_ms = 194.34
│   gc_ms = 0.0
│   gc_pauses = 0
│   full_sweeps = 0
└   alloc_MB = 13.6
┌ Info: Step 97 / 120
│   wall_ms = 2165.84
│   gc_ms = 0.0
│   gc_pauses = 0
│   full_sweeps = 0
└   alloc_MB = 13.9
┌ Info: Step 98 / 120
│   wall_ms = 201.86
│   gc_ms = 0.0
│   gc_pauses = 0
│   full_sweeps = 0
└   alloc_MB = 13.6
┌ Info: Step 99 / 120
│   wall_ms = 271.37
│   gc_ms = 0.0
│   gc_pauses = 0
│   full_sweeps = 0
└   alloc_MB = 13.6
┌ Info: Step 100 / 120
│   wall_ms = 227.04
│   gc_ms = 0.0
│   gc_pauses = 0
│   full_sweeps = 0
└   alloc_MB = 13.6
┌ Info: Step 101 / 120
│   wall_ms = 308.49
│   gc_ms = 0.0
│   gc_pauses = 0
│   full_sweeps = 0
└   alloc_MB = 13.6
┌ Info: Step 102 / 120
│   wall_ms = 216.59
│   gc_ms = 0.0
│   gc_pauses = 0
│   full_sweeps = 0
└   alloc_MB = 13.6
┌ Info: Step 103 / 120
│   wall_ms = 188.58
│   gc_ms = 0.0
│   gc_pauses = 0
│   full_sweeps = 0
└   alloc_MB = 13.6
┌ Info: Step 104 / 120
│   wall_ms = 190.24
│   gc_ms = 0.0
│   gc_pauses = 0
│   full_sweeps = 0
└   alloc_MB = 13.6
┌ Info: Step 105 / 120
│   wall_ms = 372.58
│   gc_ms = 0.0
│   gc_pauses = 0
│   full_sweeps = 0
└   alloc_MB = 13.6
┌ Info: Step 106 / 120
│   wall_ms = 297.5
│   gc_ms = 0.0
│   gc_pauses = 0
│   full_sweeps = 0
└   alloc_MB = 13.6
┌ Info: Step 107 / 120
│   wall_ms = 211.82
│   gc_ms = 0.0
│   gc_pauses = 0
│   full_sweeps = 0
└   alloc_MB = 13.6
┌ Info: Step 108 / 120
│   wall_ms = 189.4
│   gc_ms = 0.0
│   gc_pauses = 0
│   full_sweeps = 0
└   alloc_MB = 13.6
┌ Info: Step 109 / 120
│   wall_ms = 187.98
│   gc_ms = 0.0
│   gc_pauses = 0
│   full_sweeps = 0
└   alloc_MB = 13.6
┌ Info: Step 110 / 120
│   wall_ms = 281.7
│   gc_ms = 0.0
│   gc_pauses = 0
│   full_sweeps = 0
└   alloc_MB = 13.6
┌ Info: Step 111 / 120
│   wall_ms = 372.93
│   gc_ms = 0.0
│   gc_pauses = 0
│   full_sweeps = 0
└   alloc_MB = 13.6
┌ Info: Step 112 / 120
│   wall_ms = 234.42
│   gc_ms = 0.0
│   gc_pauses = 0
│   full_sweeps = 0
└   alloc_MB = 13.6
┌ Info: Step 113 / 120
│   wall_ms = 187.83
│   gc_ms = 0.0
│   gc_pauses = 0
│   full_sweeps = 0
└   alloc_MB = 13.6
┌ Info: Step 114 / 120
│   wall_ms = 185.91
│   gc_ms = 0.0
│   gc_pauses = 0
│   full_sweeps = 0
└   alloc_MB = 13.6
┌ Info: Step 115 / 120
│   wall_ms = 290.97
│   gc_ms = 0.0
│   gc_pauses = 0
│   full_sweeps = 0
└   alloc_MB = 13.6
┌ Info: Step 116 / 120
│   wall_ms = 315.45
│   gc_ms = 0.0
│   gc_pauses = 0
│   full_sweeps = 0
└   alloc_MB = 13.6
┌ Info: Step 117 / 120
│   wall_ms = 53326.23
│   gc_ms = 1409.33
│   gc_pauses = 6
│   full_sweeps = 0
└   alloc_MB = 3136.3
┌ Info: Step 118 / 120
│   wall_ms = 241.74
│   gc_ms = 0.0
│   gc_pauses = 0
│   full_sweeps = 0
└   alloc_MB = 13.6
┌ Info: Step 119 / 120
│   wall_ms = 333.38
│   gc_ms = 0.0
│   gc_pauses = 0
│   full_sweeps = 0
└   alloc_MB = 13.6
┌ Info: Step 120 / 120
│   wall_ms = 189.18
│   gc_ms = 0.0
│   gc_pauses = 0
│   full_sweeps = 0
└   alloc_MB = 13.6
Capture range started in the application.
Capture range ended in the application.
Generating '/tmp/nsys-report-02b0.qdstrm'
[1/1] [0%                          ] baseline.nsys-repProcessing events...
[1/1] [0%                          ] baseline.nsys-rep[1/1] [9%                          ] baseline.nsys-rep[1/1] [10%                         ] baseline.nsys-rep[1/1] [11%                         ] baseline.nsys-rep[1/1] [12%                         ] baseline.nsys-rep[1/1] [11%                         ] baseline.nsys-rep[1/1] [10%                         ] baseline.nsys-rep[1/1] [11%                         ] baseline.nsys-rep[1/1] [10%                         ] baseline.nsys-rep[1/1] [9%                          ] baseline.nsys-rep[1/1] [10%                         ] baseline.nsys-rep[1/1] [9%                          ] baseline.nsys-rep[1/1] [8%                          ] baseline.nsys-rep[1/1] [9%                          ] baseline.nsys-rep[1/1] [8%                          ] baseline.nsys-rep[1/1] [9%                          ] baseline.nsys-rep[1/1] [8%                          ] baseline.nsys-rep[1/1] [9%                          ] baseline.nsys-rep[1/1] [8%                          ] baseline.nsys-rep[1/1] [12%                         ] baseline.nsys-rep[1/1] [11%                         ] baseline.nsys-rep[1/1] [10%                         ] baseline.nsys-rep[1/1] [9%                          ] baseline.nsys-rep[1/1] [8%                          ] baseline.nsys-rep[1/1] [7%                          ] baseline.nsys-rep[1/1] [6%                          ] baseline.nsys-rep[1/1] [5%                          ] baseline.nsys-rep[1/1] [0%                          ] baseline.nsys-rep[1/1] [5%                          ] baseline.nsys-rep[1/1] [6%                          ] baseline.nsys-rep[1/1] [7%                          ] baseline.nsys-rep[1/1] [8%                          ] baseline.nsys-rep[1/1] [9%                          ] baseline.nsys-rep[1/1] [10%                         ] baseline.nsys-rep[1/1] [11%                         ] baseline.nsys-rep[1/1] [12%                         ] baseline.nsys-rep[1/1] [13%                         ] baseline.nsys-rep[1/1] [14%                         ] baseline.nsys-rep[1/1] [=15%                        ] baseline.nsys-rep[1/1] [=16%                        ] baseline.nsys-rep[1/1] [=17%                        ] baseline.nsys-rep[1/1] [==18%                       ] baseline.nsys-rep[1/1] [==19%                       ] baseline.nsys-rep[1/1] [==20%                       ] baseline.nsys-rep[1/1] [==21%                       ] baseline.nsys-rep[1/1] [===22%                      ] baseline.nsys-rep[1/1] [===23%                      ] baseline.nsys-rep[1/1] [===24%                      ] baseline.nsys-rep[1/1] [====25%                     ] baseline.nsys-rep[1/1] [====26%                     ] baseline.nsys-rep[1/1] [====27%                     ] baseline.nsys-rep[1/1] [====28%                     ] baseline.nsys-rep[1/1] [=====29%                    ] baseline.nsys-rep[1/1] [=====30%                    ] baseline.nsys-rep[1/1] [=====31%                    ] baseline.nsys-rep[1/1] [=====32%                    ] baseline.nsys-rep[1/1] [======33%                   ] baseline.nsys-rep[1/1] [======34%                   ] baseline.nsys-rep[1/1] [======35%                   ] baseline.nsys-rep[1/1] [=======36%                  ] baseline.nsys-rep[1/1] [=======37%                  ] baseline.nsys-rep[1/1] [=======38%                  ] baseline.nsys-rep[1/1] [=======39%                  ] baseline.nsys-rep[1/1] [========40%                 ] baseline.nsys-rep[1/1] [========41%                 ] baseline.nsys-rep[1/1] [========42%                 ] baseline.nsys-rep[1/1] [=========43%                ] baseline.nsys-rep[1/1] [=========44%                ] baseline.nsys-rep[1/1] [=========45%                ] baseline.nsys-rep[1/1] [=========46%                ] baseline.nsys-rep[1/1] [==========47%               ] baseline.nsys-rep[1/1] [==========48%               ] baseline.nsys-rep[1/1] [==========49%               ] baseline.nsys-rep[1/1] [===========50%              ] baseline.nsys-rep[1/1] [===========51%              ] baseline.nsys-rep[1/1] [===========52%              ] baseline.nsys-rep[1/1] [===========53%              ] baseline.nsys-rep[1/1] [============54%             ] baseline.nsys-rep[1/1] [============55%             ] baseline.nsys-rep[1/1] [============56%             ] baseline.nsys-rep[1/1] [============57%             ] baseline.nsys-rep[1/1] [=============58%            ] baseline.nsys-rep[1/1] [=============59%            ] baseline.nsys-rep[1/1] [=============60%            ] baseline.nsys-rep[1/1] [==============61%           ] baseline.nsys-rep[1/1] [==============62%           ] baseline.nsys-rep[1/1] [==============63%           ] baseline.nsys-rep[1/1] [==============64%           ] baseline.nsys-rep[1/1] [===============65%          ] baseline.nsys-rep[1/1] [===============66%          ] baseline.nsys-rep[1/1] [===============67%          ] baseline.nsys-rep[1/1] [================68%         ] baseline.nsys-rep[1/1] [================69%         ] baseline.nsys-rep[1/1] [================70%         ] baseline.nsys-rep[1/1] [================71%         ] baseline.nsys-rep[1/1] [=================72%        ] baseline.nsys-rep[1/1] [=================73%        ] baseline.nsys-rep[1/1] [=================74%        ] baseline.nsys-rep[1/1] [==================75%       ] baseline.nsys-rep[1/1] [==================76%       ] baseline.nsys-rep[1/1] [==================77%       ] baseline.nsys-rep[1/1] [==================78%       ] baseline.nsys-rep[1/1] [===================79%      ] baseline.nsys-rep[1/1] [===================80%      ] baseline.nsys-rep[1/1] [===================81%      ] baseline.nsys-rep[1/1] [===================82%      ] baseline.nsys-rep[1/1] [====================83%     ] baseline.nsys-rep[1/1] [====================84%     ] baseline.nsys-rep[1/1] [====================85%     ] baseline.nsys-rep[1/1] [=====================86%    ] baseline.nsys-rep[1/1] [=====================87%    ] baseline.nsys-rep[1/1] [=====================88%    ] baseline.nsys-rep[1/1] [=====================89%    ] baseline.nsys-rep[1/1] [======================90%   ] baseline.nsys-rep[1/1] [======================91%   ] baseline.nsys-rep[1/1] [======================92%   ] baseline.nsys-rep[1/1] [=======================93%  ] baseline.nsys-rep[1/1] [=======================94%  ] baseline.nsys-rep[1/1] [=======================95%  ] baseline.nsys-rep[1/1] [=======================96%  ] baseline.nsys-rep[1/1] [========================97% ] baseline.nsys-rep[1/1] [========================98% ] baseline.nsys-rep[1/1] [========================100%] baseline.nsys-rep[1/1] [========================100%] baseline.nsys-rep
Generated:
	/home/pbachant/calkit/clima-gpu-profiling/results/nsys/baseline.nsys-rep
Generating SQLite file results/nsys/baseline.sqlite from results/nsys/baseline.nsys-rep
Processing [results/nsys/baseline.sqlite] with [/opt/nvidia/nsight-systems/2025.3.2/host-linux-x64/reports/nvtx_sum.py]... 

 ** NVTX Range Summary (nvtx_sum):

 Time (%)  Total Time (ns)  Instances    Avg (ns)      Med (ns)     Min (ns)    Max (ns)    StdDev (ns)    Style                                                   Range                                                
 --------  ---------------  ---------  ------------  ------------  ----------  -----------  ------------  --------  ----------------------------------------------------------------------------------------------------
     35.5      79722848969        360   221452358.2    26923946.0     1154985  53246426102  2805579349.9  StartEnd  ClimaCoupler.Interfacer:step!(sim::AbstractComponentSimulation, t::ITime) /home/pbachant/calkit/cli…
     23.4      52625492270        360   146181923.0     2668304.0       69690  51216978462  2699232039.1  StartEnd  ClimaDiagnostics:orchestrate_diagnostics(integrator, diagnostic_handler::DiagnosticsHandler) /home/…
     10.2      22922472759        360    63673535.4    24182193.0     1151265    511096452    77965462.1  StartEnd  ClimaTimeSteppers:step_u!(integrator) /home/pbachant/.julia/packages/ClimaTimeSteppers/ZxgOv/src/in…
      6.6      14738363776         74   199167078.1   162816819.0    98109394   1420271395   226738378.3  StartEnd  ClimaDiagnostics.Writers:interpolate_field!(writer::NetCDFWriter, field, diagnostic, u, p, t) /home…
      3.6       8052441355        360    22367892.7    20682912.0     6867731     93228415    14571439.3  StartEnd  ClimaTimeSteppers:solve_newton!(alg::NewtonsMethod, cache, x, f!, j! = nothing, prepare_for_f! = no…
      2.7       5992640123         74    80981623.3    56516370.0    34565773   1305096623   148275640.1  StartEnd  ClimaDiagnostics.Writers:write_field!(writer::NetCDFWriter, field, diagnostic, u, p, t) /home/pbach…
      2.0       4407713239        720     6121823.9     5256828.0     2658579     56379071     5339349.9  StartEnd  ClimaAtmos:set_implicit_precomputed_quantities!(Y, p, t) /home/pbachant/calkit/clima-gpu-profiling/…
      1.8       4067535082        240    16948062.8    12454532.0     9616639    371976112    24752497.9  StartEnd  ClimaAtmos:remaining_tendency!(Yₜ, Yₜ_lim, Y, p, t) /home/pbachant/calkit/clima-gpu-profiling/Clima…
      1.7       3714121072          2  1857060536.0  1857060536.0  1856573683   1857547389      688514.1  StartEnd  ClimaAtmos:ogw_model_callback!(integrator) /home/pbachant/calkit/clima-gpu-profiling/ClimaAtmos.jl/…
      1.1       2478736978        240    10328070.7     8524314.0     4580381     58602372     8083298.9  StartEnd  ClimaAtmos:implicit_tendency!(Yₜ, Y, p, t) /home/pbachant/calkit/clima-gpu-profiling/ClimaAtmos.jl/…
      1.1       2461649006        600     4102748.3      782626.5      359449     55975862     6599677.5  StartEnd  ClimaCore.MatrixFields:field_matrix_solve!(solver::FieldMatrixSolver, x::Fields.FieldVector, A::Fie…
      1.1       2385941099        840     2840406.1     1117555.0      379349     60603083     4458353.4  StartEnd  ClimaAtmos:dss!(Y, p, t) /home/pbachant/calkit/clima-gpu-profiling/ClimaAtmos.jl/src/prognostic_equ…
      1.0       2151873273        240     8966138.6     7256309.5     4024913     55977452     8020706.9  StartEnd  ClimaAtmos:LinearAlgebra.ldiv!(ΔY::Fields.FieldVector, jacobian::Jacobian, R::Fields.FieldVector) /…
      0.9       2117938137        240     8824742.2     7122685.0     5496507     60569083     6839341.7  StartEnd  ClimaAtmos:hyperdiffusion_tendency!(Yₜ, Yₜ_lim, Y, p, t) /home/pbachant/calkit/clima-gpu-profiling/…
      0.8       1773980896       8040      220644.4      146174.0       15650     48618244     1204282.7  StartEnd  ClimaCore.MatrixFields:Base.Broadcast.materialize!(dest::FieldNameDict, vector_or_matrix::FieldName…
      0.8       1737245048       8040      216075.3      144689.5       15050     48613334     1173428.3  StartEnd  ClimaCore.MatrixFields:copyto_foreach!(dest::FieldNameDict, vector_or_matrix::FieldNameDict) /home/…
      0.7       1569022945        120    13075191.2    10927688.5     8215915     49204572     8011661.9  StartEnd  ClimaAtmos:set_explicit_precomputed_quantities!(Y, p, t) /home/pbachant/calkit/clima-gpu-profiling/…
      0.7       1526104502        240     6358768.8     5463537.0     2939788     33415888     5217850.8  StartEnd  ClimaAtmos:update_jacobian!(jacobian, Y, p, dtγ, t) /home/pbachant/calkit/clima-gpu-profiling/Clima…
      0.5       1147312784        240     4780469.9     2821093.0     1525324    362957670    23502560.2  StartEnd  ClimaAtmos:additional_tendency!(Yₜ, Y, p, t) /home/pbachant/calkit/clima-gpu-profiling/ClimaAtmos.j…
      0.4        912857035        120     7607142.0     7387503.5     4321702     38280118     4237985.7  StartEnd  ClimaLand:exp_tendency!(dY, Y, p, t) /home/pbachant/.julia/packages/ClimaLand/olfEs/src/ClimaLand.j…
      0.4        873548942        480     1819893.6     1588773.0      845347     29930463     2691674.1  StartEnd  ClimaCore.MatrixFields:lazy_mul(A₂₂′::LazySchurComplement, x₂) /home/pbachant/calkit/clima-gpu-prof…
      0.2        427016875        720      593079.0      494207.5      248229     24704796     1557965.8  StartEnd  ClimaAtmos:set_prognostic_edmf_precomputed_quantities_environment!(Y, p, ᶠuₕ³, t) /home/pbachant/ca…
      0.2        400164245        360     1111567.3      847571.0      451338     37673360     3180934.0  StartEnd  ClimaLand:compute_imp_tendency!(dY, Y, p, t) /home/pbachant/.julia/packages/ClimaLand/olfEs/src/Cli…
      0.2        392009873        120     3266748.9     3496460.5     2105391     17752125     1499176.8  StartEnd  ClimaLand:update_boundary_fluxes!(p, Y, t) /home/pbachant/.julia/packages/ClimaLand/olfEs/src/integ…
      0.2        386947632        120     3224563.6     2781648.0     1525264     32800971     3495686.8  StartEnd  ClimaLand:update_aux!(p, Y, t) /home/pbachant/.julia/packages/ClimaLand/olfEs/src/integrated/land.j…
      0.2        359206170        360      997794.9      797642.0      437698     22017356     2049700.2  StartEnd  ClimaLand:update_implicit_cache!(p, Y, t) /home/pbachant/.julia/packages/ClimaLand/olfEs/src/integr…
      0.1        302860241        240     1261917.7      904821.5      476348     25122803     2765396.1  StartEnd  ClimaAtmos:horizontal_tracer_advection_tendency!(Yₜ, Y, p, t) /home/pbachant/calkit/clima-gpu-profi…
      0.1        302469748        720      420096.9      405754.0      198699     13541512      698775.6  StartEnd  ClimaAtmos:set_prognostic_edmf_precomputed_quantities_draft!(Y, p, ᶠuₕ³, t) /home/pbachant/calkit/c…
      0.1        301387525        240     1255781.4     1121155.0      611238     27617173     2049034.3  StartEnd  ClimaAtmos:apply_hyperdiffusion_tendency!(Yₜ, Y, p, t) /home/pbachant/calkit/clima-gpu-profiling/Cl…
      0.1        299494427        360      831929.0      602022.5      324809     25417552     2129858.8  StartEnd  ClimaLand:compute_jacobian!(jacobian, Y, p, dtγ, t) /home/pbachant/.julia/packages/ClimaLand/olfEs/…
      0.1        245224505        240     1021768.8      779597.0      442318     26904015     2675599.8  StartEnd  ClimaAtmos:explicit_vertical_advection_tendency!(Yₜ, Y, p, t) /home/pbachant/calkit/clima-gpu-profi…
      0.1        225085379        240      937855.7      909941.0      489628     12092889     1034566.9  StartEnd  ClimaAtmos:viscous_sponge_tendency!(Yₜ, Y, p) /home/pbachant/calkit/clima-gpu-profiling/ClimaAtmos.…
      0.1        220686628       9240       23883.8       23870.0       11710       296269       10714.9  StartEnd  ClimaCoupler.Interfacer:remap!(target_field::CC.Fields.Field, source_field::CC.Fields.Field) /home/…
      0.1        209573868        240      873224.4      641372.5      349339     22925123     2096025.4  StartEnd  ClimaAtmos:horizontal_dynamics_tendency!(Yₜ, Y, p, t) /home/pbachant/calkit/clima-gpu-profiling/Cli…
      0.1        208813952        240      870058.1      817086.5      332998     19380518     1233938.4  StartEnd  ClimaCoupler.FluxCalculator:compute_surface_fluxes!(csf, sim::Interfacer.AbstractSurfaceSimulation,…
      0.1        205058574        240      854410.7      672062.0      373419     27735543     2121262.8  StartEnd  ClimaAtmos:apply_tracer_hyperdiffusion_tendency!(Yₜ, Y, p, t) /home/pbachant/calkit/clima-gpu-profi…
      0.1        178380295        240      743251.2      696087.0      408538     13169535      937366.2  StartEnd  ClimaAtmos:prep_hyperdiffusion_tendency!(Yₜ, Y, p, t) /home/pbachant/calkit/clima-gpu-profiling/Cli…
      0.1        154424431        480      321717.6      249969.0      129720     22508455     1110463.2  StartEnd  ClimaCore.MatrixFields:apply_preconditioner(P_alg, P_cache, P, lazy_b) /home/pbachant/calkit/clima-…
      0.1        153633841        360      426760.7      436068.0      236029      8269015      426617.9  StartEnd  ClimaLand.Soil:compute_imp_tendency!(dY, Y, p, t) /home/pbachant/.julia/packages/ClimaLand/olfEs/sr…
      0.1        151539108        120     1262825.9      876566.0      396388     30855729     3114443.9  StartEnd  ClimaLand.Soil:update_aux!(p, Y, t) /home/pbachant/.julia/packages/ClimaLand/olfEs/src/standalone/S…
      0.1        143460949        360      398502.6      279434.0      149769     24442686     1503448.1  StartEnd  ClimaLand.Soil.Biogeochemistry:compute_jacobian!(jacobian::MatrixFields.FieldMatrixWithSolver, Y, p…
      0.1        132668123        120     1105567.7      965991.0      545568     14097711     1701368.0  StartEnd  ClimaAtmos:constrain_state!(Y, p, t) /home/pbachant/calkit/clima-gpu-profiling/ClimaAtmos.jl/src/pr…
      0.1        131224278        120     1093535.6     1185645.0      708697      2291711      265360.4  StartEnd  ClimaLand.Soil:update_boundary_fluxes!(p, Y, t) /home/pbachant/.julia/packages/ClimaLand/olfEs/src/…
      0.1        131163260        120     1093027.2      922876.5      554438     12120698     1495383.4  StartEnd  ClimaLand.Canopy:update_aux!(p, Y, t) /home/pbachant/.julia/packages/ClimaLand/olfEs/src/standalone…
      0.1        130131463        120     1084428.9      850851.0      495058     25191353     2531615.0  StartEnd  ClimaAtmos:set_prognostic_edmf_precomputed_quantities_explicit_closures!(Y, p, t) /home/pbachant/ca…
      0.1        124977272        120     1041477.3     1132020.0      672757      2224771      254417.5  StartEnd  ClimaLand:soil_boundary_fluxes!(bc::AtmosDrivenFluxBC, prognostic_land_components::Union{Val{(:cano…
      0.1        123523733        360      343121.5      231139.0      125200     24501826     1480596.1  StartEnd  ClimaLand.Soil:compute_jacobian!(jacobian::MatrixFields.FieldMatrixWithSolver, Y, p, dtγ, t) /home/…
      0.1        114716538        360      318657.0      122464.0       61760     36200886     2617262.0  StartEnd  ClimaLand.Canopy:compute_imp_tendency!(dY, Y, p, t) /home/pbachant/.julia/packages/ClimaLand/olfEs/…
      0.0        104445998        360      290127.8      219329.0      116919     32423333     1699020.8  StartEnd  ClimaLand.Soil.Biogeochemistry:compute_imp_tendency!(dY, Y, p, t) /home/pbachant/.julia/packages/Cl…
      0.0         90672946        240      377803.9      304698.5      155439     20464943     1313623.0  StartEnd  ClimaAtmos:prep_tracer_hyperdiffusion_tendency!(Yₜ, Y, p, t) /home/pbachant/calkit/clima-gpu-profil…
      0.0         89305583        360      248071.1      234789.0      130830     11419201      593349.2  StartEnd  ClimaLand:implicit_radiant_energy_fluxes!(p, land::LandModel{FT}, canopy_radiation::Canopy.Abstract…
      0.0         88622703        360      246174.2      176374.0       96380     20373543     1215883.8  StartEnd  ClimaLand.Soil.Biogeochemistry:update_boundary_fluxes!(p, Y, t) /home/pbachant/.julia/packages/Clim…
      0.0         87689459        120      730745.5      665683.0      410148     14845487     1305518.9  StartEnd  ClimaLand:lsm_radiant_energy_fluxes!(p, land::LandModel{FT}, canopy_radiation::Canopy.AbstractRadia…
      0.0         86916750        240      362153.1      212714.5      107360     24379547     1778264.2  StartEnd  ClimaAtmos:correct_implicit_advection_tendency!(Yₜ, Y, p, t) /home/pbachant/calkit/clima-gpu-profil…
      0.0         69095999        120      575800.0      629662.5      382999       898416      124593.2  StartEnd  ClimaLand.Snow:update_boundary_fluxes!(p, Y, t) /home/pbachant/.julia/packages/ClimaLand/olfEs/src/…
      0.0         67541599        120      562846.7      619332.5      364729       829877      125766.1  StartEnd  ClimaLand.Soil:compute_exp_tendency!(dY, Y, p, t) /home/pbachant/.julia/packages/ClimaLand/olfEs/sr…
      0.0         61790125        120      514917.7      243609.0      144779     34475184     3127008.4  StartEnd  ClimaAtmos:set_buoyancy_gradient_inputs!(Y, p, thermo_params) /home/pbachant/calkit/clima-gpu-profi…
      0.0         51389463        120      428245.5      411388.0      256968      3512475      305394.5  StartEnd  ClimaLand.Snow:update_aux!(p, Y, t) /home/pbachant/.julia/packages/ClimaLand/olfEs/src/standalone/S…
      0.0         46599974        360      129444.4      104404.5       56680     11221322      586742.1  StartEnd  ClimaLand.Soil:update_imp_aux!(p, Y, t) /home/pbachant/.julia/packages/ClimaLand/olfEs/src/standalo…
      0.0         41349039        240      172287.7      182729.0      104659       416868       37468.0  StartEnd  ClimaCore.MatrixFields:lazy_or_concrete_preconditioner(P_alg, P_cache, A) /home/pbachant/calkit/cli…
      0.0         40274081          6     6712346.8     6577412.0     6242074      7380639      396241.0  StartEnd  ClimaAtmos:rrtmgp_solver_callback!(integrator) /home/pbachant/calkit/clima-gpu-profiling/ClimaAtmos…
      0.0         38428158        120      320234.7      349543.5      205229       612227       76120.0  StartEnd  ClimaLand.Soil.Biogeochemistry:update_aux!(p, Y, t) /home/pbachant/.julia/packages/ClimaLand/olfEs/…
      0.0         34130631        120      284421.9      309883.5      185039       490938       65640.3  StartEnd  ClimaLand:snow_boundary_fluxes!(bc::Snow.AtmosDrivenSnowBC, prognostic_land_components::Union{Val{(…
      0.0         32970678        120      274755.7      306323.5      172780       398848       62785.7  StartEnd  ClimaLand.Canopy:canopy_boundary_fluxes!(p::NamedTuple, canopy::CanopyModel, Y::ClimaCore.Fields.Fi…
      0.0         31641348        120      263677.9      277849.0      167199       609357       63070.6  StartEnd  ClimaAtmos:set_face_diffusivities!(Y, p) /home/pbachant/calkit/clima-gpu-profiling/ClimaAtmos.jl/sr…
      0.0         28402573        120      236688.1      259969.0      150549       394458       53969.2  StartEnd  ClimaAtmos:set_sgs_moments_and_cloud_fraction!(Y, p) /home/pbachant/calkit/clima-gpu-profiling/Clim…
      0.0         27894439        360       77484.6       77640.0       42280       143030       20380.4  StartEnd  ClimaLand.Canopy:compute_jacobian!(W, Y, p, dtγ, t) /home/pbachant/.julia/packages/ClimaLand/olfEs/…
      0.0         24438750        120      203656.3      222729.0      126879       350059       51337.6  StartEnd  ClimaLand:ClimaLand.source!(dY::ClimaCore.Fields.FieldVector, src::RootExtraction, Y::ClimaCore.Fie…
      0.0         21513598        120      179280.0       79555.0       48780     12293597     1115582.0  StartEnd  ClimaLand.Snow:compute_exp_tendency!(dY, Y, p, t) /home/pbachant/.julia/packages/ClimaLand/olfEs/sr…
      0.0         21504761        120      179206.3      194634.0      119620       297429       37973.0  StartEnd  ClimaLand:update_soil_snow_ground_heat_flux!(p, Y, soil_params, snow_params, soil_domain, FT) /home…
      0.0         20674865        120      172290.5      182564.0      107180       640418       62732.1  StartEnd  ClimaLand.Soil.Biogeochemistry:compute_exp_tendency!(dY, Y, p, t) /home/pbachant/.julia/packages/Cl…
      0.0         20081077        240       83671.2       80195.0       43440      1132075       72967.0  StartEnd  ClimaAtmos:set_cloud_fraction!(Y, p, ::MoistMicrophysics, ::QuadratureCloud) /home/pbachant/calkit/…
      0.0         19043387        120      158694.9      154124.0      101259       299399       34691.0  StartEnd  ClimaLand.Canopy:compute_exp_tendency!(dY, Y, p, t) /home/pbachant/.julia/packages/ClimaLand/olfEs/…
      0.0         18523460        120      154362.2      161634.5       97160       379588       49413.5  StartEnd  ClimaLand:update_piecewise_soil_moisture_stress!(ground::PrognosticGroundConditions, p, Y, model, c…
      0.0         18470598        120      153921.6      170054.5       98869       231009       35722.7  StartEnd  ClimaLand.Soil:ClimaLand.source!(dY::ClimaCore.Fields.FieldVector, src::PhaseChange, Y::ClimaCore.F…
      0.0         13613613        120      113446.8      121679.5       73280       372018       33635.8  StartEnd  ClimaLand.Soil.Biogeochemistry:ClimaLand.source!(dY::ClimaCore.Fields.FieldVector, src::MicrobeProd…
      0.0         13038769        120      108656.4      112714.5       67460       602907       54121.2  StartEnd  ClimaLand:update_root_extraction!(p, Y, t, land) /home/pbachant/.julia/packages/ClimaLand/olfEs/src…
      0.0         10630712        120       88589.3       96739.5       58459       141969       18444.1  StartEnd  ClimaLand:ClimaLand.source!(dY::ClimaCore.Fields.FieldVector, src::PartialAreaSoilSublimation{FT}, …
      0.0          3435756          2     1717878.0     1717878.0     1475994      1959762      342075.6  StartEnd  ClimaAtmos:nogw_model_callback!(integrator) /home/pbachant/calkit/clima-gpu-profiling/ClimaAtmos.jl…
      0.0           452399          6       75399.8       46215.0       35750       216049       69473.3  StartEnd  ClimaLand:update_drivers!(p, t) /home/pbachant/.julia/packages/ClimaLand/olfEs/src/shared_utilities…
      0.0           369777        120        3081.5        3085.0        1510        14540        1520.7  StartEnd  ClimaLand:Soil.compute_infiltration_energy_flux(p, runoff, atmos, prognostic_land_components::Val{(…
      0.0           320910        360         891.4         860.0         390         7320         558.8  StartEnd  ClimaAtmos:limiters_func!(Y, p, t, ref_Y) /home/pbachant/calkit/clima-gpu-profiling/ClimaAtmos.jl/s…
      0.0           234090        360         650.3         680.0         270         2980         249.6  StartEnd  ClimaLand.Soil:update_imp_bf!(p, Y, t) /home/pbachant/.julia/packages/ClimaLand/olfEs/src/standalon…
      0.0           186189        240         775.8         650.0         220         8230         724.0  StartEnd  ClimaCoupler.Interfacer:remap(target_space::CC.Spaces.AbstractSpace, source_field::CC.Fields.Field)…
      0.0           127760        120        1064.7        1115.0         500         7590         671.9  StartEnd  ClimaLand:Soil.compute_liquid_influx(p, model, prognostic_land_components::Val{(:snow, :soil)}) /ho…

Processing [results/nsys/baseline.sqlite] with [/opt/nvidia/nsight-systems/2025.3.2/host-linux-x64/reports/osrt_sum.py]... 

 ** OS Runtime Summary (osrt_sum):

 Time (%)  Total Time (ns)  Num Calls    Avg (ns)      Med (ns)     Min (ns)    Max (ns)    StdDev (ns)            Name         
 --------  ---------------  ---------  ------------  ------------  ----------  -----------  ------------  ----------------------
     40.4     312229792125        232  1345818069.5   771078603.5       44410  54479774128  6131926725.6  pthread_cond_wait     
     23.8     184150475029       1786   103107768.8   100988066.5   100073085    121990452     3664264.8  poll                  
     23.6     182601109846        136  1342655219.5   189382817.0    13693531  94125901871  9216628953.0  sem_wait              
     11.9      92050237708         23  4002184248.2  4000766746.0  4000114319   4009036041     2913374.8  pthread_cond_timedwait
      0.1        836368091        392     2133592.1        2440.0        1000    113329839    12848461.8  epoll_pwait           
      0.1        634075479        478     1326517.7      116329.5        7300     45928895     4798105.7  open64                
      0.1        528408707       6216       85007.8       13420.0        5510     10911464      347666.1  pwrite64              
      0.0        326227772       3466       94122.3       57254.5        1100     27174855      655408.6  ioctl                 
      0.0         60010346         19     3158439.3       93219.0       24210     43516556    10149121.6  pthread_rwlock_wrlock 
      0.0         20399293        148      137833.1       22725.0        3400     13042784     1073517.4  write                 
      0.0         14603425        245       59605.8        6430.0        1040     10624865      679881.2  pthread_cond_signal   
      0.0         10934664          2     5467332.0     5467332.0        3430     10931234     7727124.3  pthread_mutex_lock    
      0.0          8951135        420       21312.2       14020.0        2230       216689       20188.6  read                  
      0.0          6269522        257       24395.0       22450.0        2140       238589       14646.4  close                 
      0.0          5689738         15      379315.9      120610.0       40899      2852008      765358.3  pthread_rwlock_rdlock 
      0.0          4418247         89       49643.2       10430.0        2380      3194036      337305.6  munmap                
      0.0          2455355        290        8466.7        5130.0        2150       117309       14943.6  fread                 
      0.0          2247262         24       93635.9       37165.0       18890       358639      103203.2  fopen                 
      0.0          2231070         24       92961.3       71715.0       19010       480588       96221.0  open                  
      0.0          1143828         56       20425.5       15060.0        6170        76320       14909.0  mmap                  
      0.0          1091586         42       25990.1       26064.5        2600        81800       17355.0  fwrite                
      0.0           913664         74       12346.8       12115.0        8490        17380        1922.8  flock                 
      0.0           854696         34       25138.1       19170.0        2480       105150       25200.4  mprotect              
      0.0           649788         24       27074.5       17629.5       13710        56290       15913.4  fclose                
      0.0           483977         15       32265.1       51379.0        1640        65249       29077.1  sigaction             
      0.0           292359          8       36544.9       30255.0       25830        60639       14414.9  waitpid               
      0.0           131720          8       16465.0       16030.0       12070        21050        3376.4  pipe2                 
      0.0            96170         24        4007.1        3235.0        1820        14160        2575.0  epoll_ctl             
      0.0            58280          2       29140.0       29140.0       18500        39780       15047.2  mmap64                
      0.0            56899         11        5172.6        3290.0        1070        31300        8719.0  fcntl                 
      0.0            18780          8        2347.5        2215.0        1290         3320         641.0  dup2                  
      0.0             4040          2        2020.0        2020.0        1670         2370         495.0  signal                
      0.0             3860          3        1286.7        1360.0        1130         1370         135.8  fflush                
      0.0             3820          1        3820.0        3820.0        3820         3820           0.0  pthread_cond_broadcast

Processing [results/nsys/baseline.sqlite] with [/opt/nvidia/nsight-systems/2025.3.2/host-linux-x64/reports/cuda_api_sum.py]... 

 ** CUDA API Summary (cuda_api_sum):

 Time (%)  Total Time (ns)  Num Calls  Avg (ns)   Med (ns)  Min (ns)   Max (ns)   StdDev (ns)           Name         
 --------  ---------------  ---------  ---------  --------  --------  ----------  -----------  ----------------------
     73.5      17739343964       2986  5940838.6  260424.0      1880  1850786867   82303527.6  cuStreamSynchronize   
     15.8       3807551116     391922     9715.1    7260.0      2800    32098254     196728.9  cuLaunchKernel        
      5.6       1344895627    8890360      151.3     130.0        60    26338868      20225.3  cuCtxGetId            
      2.5        597038356    3662750      163.0     150.0        80    22137716      16473.9  cuStreamGetCaptureInfo
      1.5        351656166       6228    56463.7   11770.0      3570    27604522     485470.4  cuMemAlloc_v2         
      0.5        127587073       5457    23380.4    7060.0      4550     2720809      65033.0  cuMemFree_v2          
      0.3         66837029        316   211509.6   46525.0     18420     4438561     553049.2  cuMemcpyDtoHAsync_v2  
      0.2         55278271       4234    13055.8   10480.0      3400      291559       9454.2  cuMemsetD32Async      
      0.2         48633204        804    60489.1   19555.0      5120      707347     100728.4  cuMemcpyHtoDAsync_v2  
      0.0          3009997          8   376249.6  357004.0    277929      473588      71907.2  cuModuleLoadDataEx    
      0.0          1476869         74    19957.7   19420.0     10360       66469       7446.2  cuMemcpyDtoDAsync_v2  
      0.0           717969          8    89746.1   83809.5     33910      184770      42801.2  cuMemGetInfo_v2       
      0.0           115370          9    12818.9   11800.0      9840       21190       3357.5  cuCtxSynchronize      
      0.0             4590          1     4590.0    4590.0      4590        4590          0.0  cuProfilerStart       
      0.0              600          1      600.0     600.0       600         600          0.0  cuProfilerStop        

Processing [results/nsys/baseline.sqlite] with [/opt/nvidia/nsight-systems/2025.3.2/host-linux-x64/reports/cuda_gpu_kern_sum.py]... 

 ** CUDA GPU Kernel Summary (cuda_gpu_kern_sum):

 Time (%)  Total Time (ns)  Instances   Avg (ns)     Med (ns)    Min (ns)   Max (ns)   StdDev (ns)                                                  Name                                                
 --------  ---------------  ---------  -----------  -----------  ---------  ---------  -----------  ----------------------------------------------------------------------------------------------------
     12.7       3750464499        120   31253870.8   31067843.0   30631198   38545255     927948.3  set_microphysics_tendency_cache__FILE_ClimaAtmos_jl_src_cache_microphysics_cache_jl_L1021           
     10.0       2941587030          6  490264505.0  490500574.5  489115767  491504406     879829.9  rte_lw_2stream_solve_CUDA_(FluxLW<Float32, CuDeviceArray<Float32, (int)2, (int)1>>, FluxLW<Float32,…
      9.5       2798646793          6  466441132.2  466406970.5  465466525  467142564     634599.6  rte_lw_2stream_solve_CUDA_(FluxLW<Float32, CuDeviceArray<Float32, (int)2, (int)1>>, FluxLW<Float32,…
      8.9       2611290910          6  435215151.7  435380795.5  434051721  435924574     726799.8  rte_sw_2stream_solve_CUDA_(FluxSW<Float32, CuDeviceArray<Float32, (int)2, (int)1>>, FluxSW<Float32,…
      8.4       2467019440          6  411169906.7  411116788.0  410518936  412102743     543488.6  rte_sw_2stream_solve_CUDA_(FluxSW<Float32, CuDeviceArray<Float32, (int)2, (int)1>>, FluxSW<Float32,…
      3.5       1027958574      26400      38937.8      28544.0       3296     232863      33972.6  _FILE_ClimaCore_jl_src_MatrixFields_field_name_dict_jl_L1056                                        
      2.6        781411285      13440      58140.7      61375.0      27744      79263      10475.0  run_field_matrix_solver__FILE_ClimaCore_jl_src_MatrixFields_field_matrix_solver_jl_L375             
      1.9        554043092       2880     192376.1     205374.5     151167     273374      36374.2  horizontal_tracer_advection_tendency__NVTX                                                          
      1.7        503255881        120    4193799.0    4166322.5    4107557    5223797     136977.0  set_microphysics_tendency_cache__FILE_ClimaAtmos_jl_src_cache_microphysics_cache_jl_L975            
      1.7        492654432       1680     293246.7     183135.0     119840     792089     204098.1  prep_hyperdiffusion_tendency__NVTX                                                                  
      1.5        450320687       7200      62544.5      16672.0      13056     756665     115459.5  viscous_sponge_tendency__NVTX                                                                       
      1.5        434920992       2880     151014.2     117680.0      17920     765403     166624.7  apply_hyperdiffusion_tendency__NVTX                                                                 
      1.0        296861219       3360      88351.6      64671.0      61184     195487      41594.6  _FILE_ClimaAtmos_jl_src_cache_microphysics_cache_jl_L227                                            
      0.7        219455524       2880      76199.8      82607.0      52608     115263      17222.0  set_prognostic_edmf_precomputed_quantities_environment__NVTX                                        
      0.7        212679348       1440     147694.0     143711.5      24288     486621     124611.2  horizontal_dynamics_tendency__NVTX                                                                  
      0.7        198073703        960     206326.8     205663.0     204414     246718       5102.4  _FILE_ClimaAtmos_jl_src_prognostic_equations_implicit_manual_sparse_jacobian_jl_L1398               
      0.7        196658757       5760      34142.1      31136.0      18112      66240      12461.6  set_implicit_precomputed_quantities__NVTX                                                           
      0.6        189918229       4800      39566.3      21152.0       3264     129663      40381.4  dss_transform__FILE_ClimaCore_jl_src_Topologies_dss_jl_L119                                         
      0.6        188900149       4800      39354.2      17312.0       3103     147199      45868.9  dss_untransform__FILE_ClimaCore_jl_src_Topologies_dss_jl_L172                                       
      0.6        188895008       3120      60543.3      74975.0       9920     162591      43928.1  explicit_vertical_advection_tendency__NVTX                                                          
      0.6        184538732       1440     128151.9     127743.0     124639     142367       1896.6  _FILE_ClimaAtmos_jl_src_prognostic_equations_implicit_manual_sparse_jacobian_jl_L1549               
      0.6        178602056       3360      53155.4      53056.0      49535      67391       2010.6  _FILE_ClimaAtmos_jl_src_cache_microphysics_cache_jl_L226                                            
      0.6        175652249      17031      10313.7      10080.0       7104      13728        702.0  set_covariance_cache_and_cloud_fraction__FILE_ClimaAtmos_jl_src_parameterized_tendencies_microphysi…
      0.6        163707368       4320      37895.2      10144.0       8512     155487      50283.8  weighted_dss_internal__FILE_ClimaCore_jl_src_Spaces_dss_jl_L149                                     
      0.5        152281938       2160      70500.9      70271.0      68895      84063       1679.3  set_velocity_quantities__FILE_ClimaAtmos_jl_src_cache_precomputed_quantities_jl_L566                
      0.5        151490468       1200     126242.1     126783.0     119167     159775       4622.2  _FILE_ClimaAtmos_jl_src_prognostic_equations_hyperdiffusion_jl_L430                                 
      0.5        145658624        960     151727.7     151231.0     148447     185343       4221.9  updraft_sedimentation__FILE_ClimaAtmos_jl_src_prognostic_equations_advection_jl_L546                
      0.5        137024904       4560      30049.3      20703.0      13087     147295      30486.1  apply_tracer_hyperdiffusion_tendency__NVTX                                                          
      0.5        135752522        960     141408.9     141695.0     136255     160574       3063.4  edmfx_entr_detr_tendency__FILE_ClimaAtmos_jl_src_prognostic_equations_edmfx_entr_detr_jl_L628       
      0.4        130456101       1680      77652.4      77408.0      75871      92992       1941.9  edmfx_sgs_mass_flux_tendency__FILE_ClimaAtmos_jl_src_prognostic_equations_edmfx_sgs_flux_jl_L90     
      0.4        125490218        240     522875.9     521436.0     514749     612091      11429.2  set_cloud_fraction__NVTX                                                                            
      0.4        121258391        960     126310.8     126655.0     114175     135711       4149.8  _FILE_ClimaAtmos_jl_src_prognostic_equations_implicit_manual_sparse_jacobian_jl_L955                
      0.4        118988552       1920      61973.2      62143.5      54527      68351       2001.6  _FILE_ClimaAtmos_jl_src_prognostic_equations_implicit_manual_sparse_jacobian_jl_L933                
      0.4        113735855       3000      37912.0       5152.0       2719     218431      68365.0  gpu_broadcast_kernel_linear(CompilerMetadata<DynamicSize, DynamicCheck, void, CartesianIndices<(int…
      0.4        111689671       1440      77562.3      77344.0      76319      92991       1918.9  edmfx_sgs_vertical_advection_tendency__FILE_ClimaAtmos_jl_src_prognostic_equations_advection_jl_L352
      0.4        106225771       1920      55325.9      55136.0      54208      67391       1530.6  implicit_vertical_advection_tendency__FILE_ClimaAtmos_jl_src_prognostic_equations_implicit_implicit…
      0.4        106002840        720     147226.2     146655.0     145279     179519       3900.5  hgrad_invariant__FILE_ClimaAtmos_jl_src_parameterized_tendencies_microphysics_cloud_fraction_jl_L285
      0.3        103176949        960     107476.0     107199.0     102591     123455       2563.5  _FILE_ClimaAtmos_jl_src_prognostic_equations_water_advection_jl_L159                                
      0.3        101522203       1440      70501.5      70464.0      68511      85727       1956.7  update_sgs_advection_jacobian__FILE_ClimaAtmos_jl_src_prognostic_equations_implicit_manual_sparse_j…
      0.3        100405593       5400      18593.6      17791.0       2784      63040      16465.0  compute_field__FILE_ClimaDiagnostics_Q9hyU_src_clima_diagnostics_jl_L332                            
      0.3         98460840       3360      29303.8      29376.0      27904      31360        527.5  _FILE_ClimaAtmos_jl_src_cache_microphysics_cache_jl_L245                                            
      0.3         98216740        240     409236.4     412845.5     138015     855513     270518.8  set_sgs_moments_and_cloud_fraction__NVTX                                                            
      0.3         97890933       5040      19422.8      17568.0      12256      31424       4613.9  set_prognostic_edmf_precomputed_quantities_draft__NVTX                                              
      0.3         93632506        600     156054.2     163839.0     119839     194495      17505.2  turbulent_fluxes__FILE_ClimaLand_olfEs_src_shared_utilities_drivers_jl_L427                         
      0.3         93144283       1200      77620.2      77408.0      75200      90367       1781.1  updraft_sedimentation__FILE_ClimaAtmos_jl_src_prognostic_equations_advection_jl_L540                
      0.3         90206464        960      93965.1      93727.0      92351     110048       2003.3  _FILE_ClimaAtmos_jl_src_prognostic_equations_water_advection_jl_L141                                
      0.3         89229381       1440      61964.8      61728.0      59936      76480       1709.9  _FILE_ClimaAtmos_jl_src_prognostic_equations_surface_flux_jl_L132                                   
      0.3         87984402        960      91650.4      91391.0      89087     114367       2761.5  _FILE_ClimaAtmos_jl_src_prognostic_equations_implicit_manual_sparse_jacobian_jl_L1791               
      0.3         87969474       5520      15936.5       4320.0       3168     255997      47873.9  gpu_broadcast_kernel_linear(CompilerMetadata<DynamicSize, DynamicCheck, void, CartesianIndices<(int…
      0.3         84807382       1200      70672.8      70400.0      68384      86687       1861.2  _FILE_ClimaAtmos_jl_src_prognostic_equations_surface_flux_jl_L140                                   
      0.3         83951335       2408      34863.5      12480.0       8768     149535      33937.9  _FILE_ClimaCore_jl_src_Operators_integrals_jl_L141                                                  
      0.3         81514943       4320      18869.2      18720.0      16896      26144       1003.8  set_precipitation_surface_fluxes__FILE_ClimaAtmos_jl_src_cache_microphysics_cache_jl_L1327          
      0.3         81056678        720     112578.7     112335.5     110527     127743       1812.3  set_covariance_cache__FILE_ClimaAtmos_jl_src_parameterized_tendencies_microphysics_cloud_fraction_j…
      0.3         78913137        960      82201.2      82079.0      80223      98111       1965.1  implicit_vertical_advection_tendency__FILE_ClimaAtmos_jl_src_prognostic_equations_implicit_implicit…
      0.3         78809308      12602       6253.7       3264.0       2496     184478      16969.9  copy_FILE_ClimaCore_jl_src_Fields_broadcast_jl_L139                                                 
      0.3         78682383        960      81960.8      81856.0      80160      86112        714.8  _FILE_ClimaAtmos_jl_src_prognostic_equations_water_advection_jl_L82                                 
      0.3         78235336       2400      32598.1      34111.5      19488      54656       7529.6  additional_tendency__NVTX                                                                           
      0.3         76080865       1200      63400.7      64927.0      51104      84095       6222.0  _h_eff_plus____FILE_ClimaAtmos_jl_src_prognostic_equations_eddy_diffusion_closures_jl_L768          
      0.3         75521059       2160      34963.5       6336.0       2944     307006      77645.5  gpu_broadcast_kernel_linear(CompilerMetadata<DynamicSize, DynamicCheck, void, CartesianIndices<(int…
      0.3         74897216        960      78017.9      77184.0      73695      96095       2880.1  edmfx_sgs_mass_flux_tendency__FILE_ClimaAtmos_jl_src_prognostic_equations_edmfx_sgs_flux_jl_L160    
      0.3         74844659       4200      17820.2       3360.0       2176     180575      42251.6  gpu_broadcast_kernel_linear(CompilerMetadata<DynamicSize, DynamicCheck, void, CartesianIndices<(int…
      0.2         72824865        960      75859.2      75744.0      73824      83135        940.8  _FILE_ClimaAtmos_jl_src_prognostic_equations_water_advection_jl_L138                                
      0.2         72428185        240     301784.1     300014.0     297438     366589       8479.6  edmfx_sgs_diffusive_flux_tendency__FILE_ClimaAtmos_jl_src_prognostic_equations_edmfx_sgs_flux_jl_L3…
      0.2         71932057       5520      13031.2       3520.0       2848     210142      37907.4  gpu_broadcast_kernel_linear(CompilerMetadata<DynamicSize, DynamicCheck, void, CartesianIndices<(int…
      0.2         69992901        960      72909.3      72768.0      71968      80959       1006.0  _FILE_ClimaAtmos_jl_src_prognostic_equations_water_advection_jl_L84                                 
      0.2         69629626        960      72530.9      72288.0      71552      80352       1014.4  _FILE_ClimaAtmos_jl_src_prognostic_equations_water_advection_jl_L72                                 
      0.2         68188534        960      71029.7      70879.0      69568      75295        810.1  _FILE_ClimaAtmos_jl_src_prognostic_equations_water_advection_jl_L155                                
      0.2         68109488       3360      20270.7       8768.0       8608      67007      19952.6  _FILE_ClimaAtmos_jl_src_cache_microphysics_cache_jl_L239                                            
      0.2         67573569       4684      14426.5      14400.0      11488      16064        248.2  postprocess_and_accumulate__FILE_ClimaAtmos_jl_src_parameterized_tendencies_gravity_wave_drag_non_o…
      0.2         67195039        480     139989.7     138222.5      31743     261758     106142.8  gpu_broadcast_kernel_linear(CompilerMetadata<DynamicSize, DynamicCheck, void, CartesianIndices<(int…
      0.2         66851144        960      69636.6      69375.0      67647      88255       2164.7  _FILE_ClimaAtmos_jl_src_prognostic_equations_advection_jl_L253                                      
      0.2         63976819       6480       9873.0       8255.0       6239      25248       3551.0  compute_jacobian__NVTX                                                                              
      0.2         63290143       3360      18836.4      18848.0      17952      20416        308.4  _FILE_ClimaAtmos_jl_src_cache_microphysics_cache_jl_L259                                            
      0.2         63110865        960      65740.5      65600.0      63904      69664        793.2  _FILE_ClimaAtmos_jl_src_prognostic_equations_water_advection_jl_L136                                
      0.2         62611156        960      65220.0      64991.0      64128      79711       1862.8  _FILE_ClimaAtmos_jl_src_prognostic_equations_implicit_manual_sparse_jacobian_jl_L1410               
      0.2         59108513       3360      17591.8      17503.5      16768      21184        488.5  _FILE_ClimaAtmos_jl_src_cache_microphysics_cache_jl_L240                                            
      0.2         58866279       3360      17519.7      17376.0      16608      20448        482.2  _FILE_ClimaAtmos_jl_src_cache_microphysics_cache_jl_L238                                            
      0.2         58766252        960      61214.8      60960.0      60351      75167       1784.1  run_field_matrix_solver__FILE_ClimaCore_jl_src_MatrixFields_field_matrix_solver_jl_L532             
      0.2         58554341        360     162650.9     161375.0     159135     201278       4917.4  materialized_mixing_length__FILE_ClimaAtmos_jl_src_parameterized_tendencies_microphysics_cloud_frac…
      0.2         58084726        960      60504.9      60959.0      54879      65568       2223.2  _FILE_ClimaAtmos_jl_src_prognostic_equations_implicit_manual_sparse_jacobian_jl_L926                
      0.2         57432635       3360      17093.0      17024.0      16448      20480        426.7  _FILE_ClimaAtmos_jl_src_cache_microphysics_cache_jl_L257                                            
      0.2         57411390       2160      26579.3      26464.0      25471      33600       1002.5  set_velocity_quantities__FILE_ClimaAtmos_jl_src_cache_precomputed_quantities_jl_L564                
      0.2         56287906       5040      11168.2       3232.0       2656      39872      12844.2  compute_imp_tendency__NVTX                                                                          
      0.2         55784304        960      58108.7      51712.0      16320     150527      40704.8  set_prognostic_edmf_precomputed_quantities_explicit_closures__NVTX                                  
      0.2         54999835       3360      16369.0      16288.0      15648      19968        454.2  _FILE_ClimaAtmos_jl_src_cache_microphysics_cache_jl_L241                                            
      0.2         54495691        960      56766.3      56576.0      55583      69983       1625.0  _FILE_ClimaAtmos_jl_src_prognostic_equations_implicit_manual_sparse_jacobian_jl_L1416               
      0.2         52624427       4086      12879.2      12960.0       9280      16096        919.0  non_orographic_gravity_wave_compute_tendency__FILE_ClimaAtmos_jl_src_parameterized_tendencies_gravi…
      0.2         52456908        240     218570.5     218158.5      47423     401789     167209.2  gpu_broadcast_kernel_linear(CompilerMetadata<DynamicSize, DynamicCheck, void, CartesianIndices<(int…
      0.2         51089232        240     212871.8     212046.5     210815     262142       6260.4  solve_sgs_u__implicit_stage_analytic__FILE_ClimaAtmos_jl_src_prognostic_equations_implicit_initiali…
      0.2         49949528       1200      41624.6      40576.0      39712      47999       2005.8  update_sgs_massflux_jacobian__FILE_ClimaAtmos_jl_src_prognostic_equations_implicit_manual_sparse_ja…
      0.2         47884103        480      99758.5     105775.0      91199     131199       7930.7  correct_implicit_advection_tendency__NVTX                                                           
      0.2         47179079        960      49144.9      48800.0      45856      55935       2339.3  update_sgs_massflux_jacobian__FILE_ClimaAtmos_jl_src_prognostic_equations_implicit_manual_sparse_ja…
      0.2         46200096       2160      21388.9      21280.0      20224      26400        656.0  set_velocity_quantities__FILE_ClimaAtmos_jl_src_cache_precomputed_quantities_jl_L565                
      0.2         44524794        240     185520.0     183310.5      37856     334750     144428.8  gpu_broadcast_kernel_linear(CompilerMetadata<DynamicSize, DynamicCheck, void, CartesianIndices<(int…
      0.1         43045739        240     179357.2     178719.0     175583     214495       4471.0  edmfx_entr_detr_tke_source__FILE_ClimaAtmos_jl_src_prognostic_equations_edmfx_tke_jl_L169           
      0.1         42945836        240     178941.0     178270.0     177791     219646       5240.5  solve_sgs__a_implicit_stage_analytic__FILE_ClimaAtmos_jl_src_prognostic_equations_implicit_initiali…
      0.1         41234291       1920      21476.2      21312.0      21024      25984        580.8  copyto_foreach__NVTX                                                                                
      0.1         41143864       1200      34286.6      34432.0      32000      42912       1181.0  edmfx_sgs_mass_flux_tendency__FILE_ClimaAtmos_jl_src_prognostic_equations_edmfx_sgs_flux_jl_L96     
      0.1         40245174        720      55896.1      55904.0      54176      60319        848.3  set_covariance_cache__FILE_ClimaAtmos_jl_src_parameterized_tendencies_microphysics_cloud_fraction_j…
      0.1         39858115        360     110717.0     110175.0     108607     136607       3293.2  compute__T_____FILE_ClimaAtmos_jl_src_parameterized_tendencies_microphysics_cloud_fraction_jl_L167  
      0.1         39643305        840      47194.4      47167.0      46176      49407        470.4  set_precipitation_velocities__FILE_ClimaAtmos_jl_src_cache_microphysics_cache_jl_L263               
      0.1         38832701          4    9708175.3    9662639.5    9605828    9901594     138490.0  non_orographic_gravity_wave_forcing_FILE_ClimaAtmos_jl_src_parameterized_tendencies_gravity_wave_dr…
      0.1         37853984       5640       6711.7       4832.0       2560      13855       3945.8  single_field_solve__FILE_ClimaCore_jl_src_MatrixFields_single_field_solver_jl_L41                   
      0.1         35960829        600      59934.7      24367.0      14400     252702      70592.8  set_face_diffusivities__NVTX                                                                        
      0.1         35340159        240     147250.7     146863.0     144927     180254       4138.1  solve_sgs__a_implicit_stage_analytic__FILE_ClimaAtmos_jl_src_prognostic_equations_implicit_initiali…
      0.1         35305097        240     147104.6     146719.0     144159     163231       2272.2  edmfx_entr_detr_tendency__FILE_ClimaAtmos_jl_src_prognostic_equations_edmfx_entr_detr_jl_L617       
      0.1         35261194        840      41977.6      32079.5      29472      75487      13122.5  set_buoyancy_gradient_inputs__NVTX                                                                  
      0.1         35121581       1440      24390.0      22752.0      21920      32191       2625.2  update_sgs_massflux_jacobian__FILE_ClimaAtmos_jl_src_prognostic_equations_implicit_manual_sparse_ja…
      0.1         33810065        240     140875.3     140527.0     138431     171583       3904.6  solve_sgs__a_implicit_stage_analytic__FILE_ClimaAtmos_jl_src_prognostic_equations_implicit_initiali…
      0.1         33265775       1200      27721.5      27616.0      27232      33280        704.2  vertical_advection_of_water_tendency__FILE_ClimaAtmos_jl_src_prognostic_equations_water_advection_j…
      0.1         32746834        240     136445.1     136143.0     134015     152287       2125.0  edmfx_entr_detr_tendency__FILE_ClimaAtmos_jl_src_prognostic_equations_edmfx_entr_detr_jl_L619       
      0.1         32506414        960      33860.8      33728.0      33312      40672        844.5  _FILE_ClimaAtmos_jl_src_prognostic_equations_implicit_manual_sparse_jacobian_jl_L1394               
      0.1         32241449        960      33584.8      33471.0      33024      41311        984.4  updraft_sedimentation__FILE_ClimaAtmos_jl_src_prognostic_equations_advection_jl_L543                
      0.1         31344927        360      87069.2      86831.5      82912      95807       1415.0  picard_step__FILE_ClimaAtmos_jl_src_parameterized_tendencies_microphysics_cloud_fraction_jl_L63     
      0.1         30961978       2400      12900.8      11936.0       2495      33023       8629.8  update_aux__NVTX                                                                                    
      0.1         29415250        480      61281.8      61024.0      60703      75455       1833.1  run_field_matrix_solver__FILE_ClimaCore_jl_src_MatrixFields_field_matrix_solver_jl_L377             
      0.1         28405294        480      59177.7      59088.0      52320      66367       3186.7  _FILE_ClimaAtmos_jl_src_prognostic_equations_implicit_manual_sparse_jacobian_jl_L777                
      0.1         28304689        240     117936.2     115647.5     109855     160222       7574.4  edmfx_sgs_diffusive_flux_tendency__FILE_ClimaAtmos_jl_src_prognostic_equations_edmfx_sgs_flux_jl_L2…
      0.1         27975633        720      38855.0      38784.0      38176      46847       1024.3  set_sgs__u___FILE_ClimaAtmos_jl_src_cache_precomputed_quantities_jl_L584                            
      0.1         27058532       3360       8053.1       5856.0       5439      17855       3973.0  _FILE_ClimaAtmos_jl_src_cache_microphysics_cache_jl_L249                                            
      0.1         27021563        960      28147.5      28000.0      27039      34048        919.5  update_advection_jacobian__FILE_ClimaAtmos_jl_src_prognostic_equations_implicit_manual_sparse_jacob…
      0.1         25540837        960      26605.0      27455.5      22720      34720       3404.0  microphysics_tendency__FILE_ClimaAtmos_jl_src_parameterized_tendencies_microphysics_tendency_jl_L172
      0.1         25507952        480      53141.6      52992.0      52480      62015       1130.6  update_diffusion_jacobian__FILE_ClimaAtmos_jl_src_prognostic_equations_implicit_manual_sparse_jacob…
      0.1         25452556        240     106052.3     105727.0     104800     125503       2495.7  solve_sgs__a_implicit_stage_analytic__FILE_ClimaAtmos_jl_src_prognostic_equations_implicit_initiali…
      0.1         24371752        240     101549.0     101311.0      99839     123519       2858.1  update_advection_jacobian__FILE_ClimaAtmos_jl_src_prognostic_equations_implicit_manual_sparse_jacob…
      0.1         24161103        240     100671.3     100495.5      98783     108479       1173.2  edmfx_pressure_drag_tke_source__FILE_ClimaAtmos_jl_src_prognostic_equations_edmfx_tke_jl_L109       
      0.1         23545053        480      49052.2      49023.5      46463      53855       1314.1  non_orographic_gravity_wave_apply_tendency__FILE_ClimaAtmos_jl_src_parameterized_tendencies_gravity…
      0.1         23510224        240      97959.3      97631.0      95903     119199       2727.5  update_sgs_massflux_jacobian__FILE_ClimaAtmos_jl_src_prognostic_equations_implicit_manual_sparse_ja…
      0.1         22961508        240      95672.9      95279.5      94240     114559       2456.3  update_sgs_massflux_jacobian__FILE_ClimaAtmos_jl_src_prognostic_equations_implicit_manual_sparse_ja…
      0.1         22954391       4228       5429.1       5440.0       4864       6976        213.9  set_precipitation_velocities__FILE_ClimaAtmos_jl_src_cache_microphysics_cache_jl_L195               
      0.1         22402933        600      37338.2      36064.0      32896      47616       3267.4  enforce_edmf_updraft_constraints__FILE_ClimaAtmos_jl_src_prognostic_equations_mass_flux_closures_jl…
      0.1         21385092        240      89104.6      88767.0      88159     109407       2641.5  implicit_vertical_advection_tendency__FILE_ClimaAtmos_jl_src_prognostic_equations_implicit_implicit…
      0.1         21147570       1680      12587.8      12896.0       9887      16256       2342.5  set_precipitation_surface_fluxes__FILE_ClimaAtmos_jl_src_cache_microphysics_cache_jl_L1348          
      0.1         20741609        240      86423.4      87327.0      20992     177279      65299.4  gpu_broadcast_kernel_linear(CompilerMetadata<DynamicSize, DynamicCheck, void, CartesianIndices<(int…
      0.1         20424020        960      21275.0      20896.0      20160      27328        887.1  _FILE_ClimaAtmos_jl_src_prognostic_equations_implicit_manual_sparse_jacobian_jl_L923                
      0.1         19859518       1440      13791.3      13824.0      12927      15744        411.7  edmfx_sgs_mass_flux_tendency__FILE_ClimaAtmos_jl_src_prognostic_equations_edmfx_sgs_flux_jl_L66     
      0.1         19630997        960      20449.0      21152.0      17088      28128       2815.9  microphysics_tendency__FILE_ClimaAtmos_jl_src_parameterized_tendencies_microphysics_tendency_jl_L180
      0.1         19181108        120     159842.6     159246.5     157567     185342       4091.2  update_surf_temp__FILE_ClimaLand_olfEs_src_standalone_Snow_snow_parameterizations_jl_L1003          
      0.1         18947901        240      78949.6      78719.0      78175      92063       1703.3  edmfx_sgs_diffusive_flux_tendency__FILE_ClimaAtmos_jl_src_prognostic_equations_edmfx_sgs_flux_jl_L2…
      0.1         18795220        240      78313.4      78080.0      77631      92416       1815.2  surface_flux_tendency__FILE_ClimaAtmos_jl_src_prognostic_equations_surface_flux_jl_L111             
      0.1         18719617        480      38999.2      40543.5      34272      48480       3339.0  _FILE_ClimaAtmos_jl_src_prognostic_equations_implicit_manual_sparse_jacobian_jl_L783                
      0.1         18597407        960      19372.3      19856.0      16192      25920       2670.0  microphysics_tendency__FILE_ClimaAtmos_jl_src_parameterized_tendencies_microphysics_tendency_jl_L185
      0.1         18541368       1680      11036.5       5856.0       3200      37984       9322.4  source__NVTX                                                                                        
      0.1         18360200        480      38250.4      38304.0      37663      40704        429.4  update_sgs_diffusion_jacobian__FILE_ClimaAtmos_jl_src_prognostic_equations_implicit_manual_sparse_j…
      0.1         18145793        960      18901.9      18816.0      18399      23200        564.2  updraft_sedimentation__FILE_ClimaAtmos_jl_src_prognostic_equations_advection_jl_L542                
      0.1         17868329        240      74451.4      74335.0      73599      81663        912.1  radiation_tendency__FILE_ClimaAtmos_jl_src_parameterized_tendencies_radiation_radiation_jl_L556     
      0.1         17438853        240      72661.9      72463.5      71359      82623       1306.7  edmfx_sgs_mass_flux_tendency__FILE_ClimaAtmos_jl_src_prognostic_equations_edmfx_sgs_flux_jl_L82     
      0.1         16442422        240      68510.1      68287.0      67392      80351       1411.0  edmfx_sgs_mass_flux_tendency__FILE_ClimaAtmos_jl_src_prognostic_equations_edmfx_sgs_flux_jl_L112    
      0.1         16014955        240      66729.0      66528.0      65983      78143       1481.5  edmfx_sgs_diffusive_flux_tendency__FILE_ClimaAtmos_jl_src_prognostic_equations_edmfx_sgs_flux_jl_L3…
      0.1         15817550        480      32953.2      33727.0      29376      40416       2014.7  update_sgs_boundary_condition_jacobian__FILE_ClimaAtmos_jl_src_prognostic_equations_implicit_manual…
      0.1         15643911        240      65183.0      65088.0      64415      71264        743.0  radiation_tendency__FILE_ClimaAtmos_jl_src_parameterized_tendencies_radiation_radiation_jl_L547     
      0.1         15635526       5555       2814.7       2880.0       2367      13248        258.3  _FILE_ClimaDiagnostics_Q9hyU_src_clima_diagnostics_jl_L148                                          
      0.1         15556396        960      16204.6      16208.0      13152      23328       2531.7  enforce_grid_mean_microphysics_constraints__FILE_ClimaAtmos_jl_src_prognostic_equations_mass_flux_c…
      0.1         15143763        240      63099.0      62911.0      62176      74143       1468.3  surface_flux_tendency__FILE_ClimaAtmos_jl_src_prognostic_equations_surface_flux_jl_L120             
      0.1         14914103        240      62142.1      61087.5      59231      78591       2594.8  update_diffusion_jacobian__FILE_ClimaAtmos_jl_src_prognostic_equations_implicit_manual_sparse_jacob…
      0.1         14763549        120     123029.6     122655.0     120927     142143       2586.7  turbulent_fluxes__FILE_ClimaLand_olfEs_src_standalone_Soil_energy_hydrology_jl_L1196                
      0.0         14573929        240      60724.7      60352.0      60063      73759       1715.3  implicit_vertical_advection_tendency__FILE_ClimaAtmos_jl_src_prognostic_equations_implicit_implicit…
      0.0         14404346        240      60018.1      59839.0      59391      70111       1327.0  implicit_vertical_advection_tendency__FILE_ClimaAtmos_jl_src_prognostic_equations_implicit_implicit…
      0.0         14282680        840      17003.2      16960.0      16288      21088        546.0  set_precipitation_velocities__FILE_ClimaAtmos_jl_src_cache_microphysics_cache_jl_L262               
      0.0         14034598        240      58477.5      58720.0      55520      67039       2022.7  update_diffusion_jacobian__FILE_ClimaAtmos_jl_src_prognostic_equations_implicit_manual_sparse_jacob…
      0.0         13863607        240      57765.0      57600.0      57312      66655       1158.4  update_sgs_massflux_jacobian__FILE_ClimaAtmos_jl_src_prognostic_equations_implicit_manual_sparse_ja…
      0.0         13487952        240      56199.8      55119.5      54592      59360       1386.5  update_diffusion_jacobian__FILE_ClimaAtmos_jl_src_prognostic_equations_implicit_manual_sparse_jacob…
      0.0         13320258        240      55501.1      55328.0      54880      65407       1244.6  surface_flux_tendency__FILE_ClimaAtmos_jl_src_prognostic_equations_surface_flux_jl_L116             
      0.0         13128741        240      54703.1      54560.0      54143      63744       1150.4  edmfx_sgs_diffusive_flux_tendency__FILE_ClimaAtmos_jl_src_prognostic_equations_edmfx_sgs_flux_jl_L2…
      0.0         13001367        240      54172.4      53711.5      51424      59456       1319.4  update_advection_jacobian__FILE_ClimaAtmos_jl_src_prognostic_equations_implicit_manual_sparse_jacob…
      0.0         12933447        240      53889.4      53696.0      53279      64191       1320.7  update_sgs_massflux_jacobian__FILE_ClimaAtmos_jl_src_prognostic_equations_implicit_manual_sparse_ja…
      0.0         12883236        240      53680.2      53632.0      52096      59423        850.5  _VanLeer_gradient__FILE_ClimaAtmos_jl_src_prognostic_equations_eddy_diffusion_closures_jl_L517      
      0.0         12588993        240      52454.1      52655.5      48191      55712       1574.8  update_sgs_massflux_jacobian__FILE_ClimaAtmos_jl_src_prognostic_equations_implicit_manual_sparse_ja…
      0.0         12190379       3120       3907.2       3776.0       3104       6272        488.0  lsm_radiant_energy_fluxes__NVTX                                                                     
      0.0         12178472        480      25371.8      26031.5      21632      32576       2023.2  edmfx_sgs_diffusive_flux_tendency__FILE_ClimaAtmos_jl_src_prognostic_equations_edmfx_sgs_flux_jl_L3…
      0.0         12156359        240      50651.5      50176.0      49152      55520       1047.8  update_advection_jacobian__FILE_ClimaAtmos_jl_src_prognostic_equations_implicit_manual_sparse_jacob…
      0.0         11669969        480      24312.4      24288.0      23616      29536        699.1  update_diffusion_jacobian__FILE_ClimaAtmos_jl_src_prognostic_equations_implicit_manual_sparse_jacob…
      0.0         11602293        480      24171.4      24128.0      20992      31232       1654.4  edmfx_sgs_diffusive_flux_tendency__FILE_ClimaAtmos_jl_src_prognostic_equations_edmfx_sgs_flux_jl_L3…
      0.0         11591618       4560       2542.0       2400.0       2335       3872        227.4  regrid_OGW_info_FILE_ClimaAtmos_jl_src_parameterized_tendencies_gravity_wave_drag_orographic_gravit…
      0.0         11576467        240      48235.3      48527.5      41151      52448       1609.8  update_sgs_massflux_jacobian__FILE_ClimaAtmos_jl_src_prognostic_equations_implicit_manual_sparse_ja…
      0.0         11525871        240      48024.5      47840.0      47456      58815       1392.8  update_advection_jacobian__FILE_ClimaAtmos_jl_src_prognostic_equations_implicit_manual_sparse_jacob…
      0.0         11221837        960      11689.4      12079.5       6944      18048       4464.9  boundary_flux__FILE_ClimaLand_olfEs_src_standalone_Soil_Biogeochemistry_Biogeochemistry_jl_L945     
      0.0         11156396        240      46485.0      46368.0      45312      54304       1086.1  set_microphysics_tendency_cache__FILE_ClimaAtmos_jl_src_cache_microphysics_cache_jl_L996            
      0.0         11065168        240      46104.9      45968.0      44863      56896       1754.5  compute_fractional_absorbances__FILE_ClimaLand_olfEs_src_standalone_Vegetation_radiation_jl_L501    
      0.0         11039119        240      45996.3      45983.0      42655      49312       1312.7  update_diffusion_jacobian__FILE_ClimaAtmos_jl_src_prognostic_equations_implicit_manual_sparse_jacob…
      0.0         10957674        240      45657.0      45503.5      44575      54847       1154.6  set_microphysics_tendency_cache__FILE_ClimaAtmos_jl_src_cache_microphysics_cache_jl_L997            
      0.0         10927229        240      45530.1      45599.0      43583      48032       1114.5  update_advection_jacobian__FILE_ClimaAtmos_jl_src_prognostic_equations_implicit_manual_sparse_jacob…
      0.0         10894359        240      45393.2      45216.0      44832      54912       1244.2  update_sedimentation_jacobian__FILE_ClimaAtmos_jl_src_prognostic_equations_implicit_manual_sparse_j…
      0.0         10790573        480      22480.4      22431.0      22016      27008        576.0  edmfx_sgs_diffusive_flux_tendency__FILE_ClimaAtmos_jl_src_prognostic_equations_edmfx_sgs_flux_jl_L2…
      0.0         10779060       2160       4990.3       5056.0       4192       6304        303.5  check_land_equality_FILE_ClimaLand_olfEs_src_shared_utilities_utils_jl_L59                          
      0.0         10648499        240      44368.7      44223.0      43519      52160       1023.7  update_advection_jacobian__FILE_ClimaAtmos_jl_src_prognostic_equations_implicit_manual_sparse_jacob…
      0.0         10427712        240      43448.8      43407.5      42176      53375       1322.5  edmfx_pressure_drag_tke_source__FILE_ClimaAtmos_jl_src_prognostic_equations_edmfx_tke_jl_L107       
      0.0         10053113        480      20944.0      21024.0      19776      23328        651.8  _kappa_m_field__FILE_ClimaAtmos_jl_src_prognostic_equations_implicit_manual_sparse_jacobian_jl_L658 
      0.0          9930435        480      20688.4      20608.0      20256      25024        562.2  update_advection_jacobian__FILE_ClimaAtmos_jl_src_prognostic_equations_implicit_manual_sparse_jacob…
      0.0          9890525        240      41210.5      41088.0      40544      48191        907.8  update_sgs_massflux_jacobian__FILE_ClimaAtmos_jl_src_prognostic_equations_implicit_manual_sparse_ja…
      0.0          9818828        720      13637.3      13600.0      13183      15296        253.3  edmfx_sgs_mass_flux_tendency__FILE_ClimaAtmos_jl_src_prognostic_equations_edmfx_sgs_flux_jl_L80     
      0.0          9816227        240      40900.9      40831.0      40319      44960        569.4  update_sgs_massflux_jacobian__FILE_ClimaAtmos_jl_src_prognostic_equations_implicit_manual_sparse_ja…
      0.0          9800214       2880       3402.9       3360.0       2368       6016        660.9  remap__NVTX                                                                                         
      0.0          9549697        240      39790.4      39775.5      37376      49919       1439.7  edmfx_sgs_vertical_advection_tendency__FILE_ClimaAtmos_jl_src_prognostic_equations_advection_jl_L383
      0.0          9463716        240      39432.2      39935.5      35520      42111       1618.9  update_advection_jacobian__FILE_ClimaAtmos_jl_src_prognostic_equations_implicit_manual_sparse_jacob…
      0.0          9352788        720      12990.0      12960.0      12704      16192        407.6  update_sedimentation_jacobian__FILE_ClimaAtmos_jl_src_prognostic_equations_implicit_manual_sparse_j…
      0.0          8797897        360      24438.6      24160.0      23488      26240        576.9  set_microphysics_tendency_cache__FILE_ClimaAtmos_jl_src_cache_microphysics_cache_jl_L995            
      0.0          8777123        240      36571.3      35647.5      34080      52608       2522.4  update_diffusion_jacobian__FILE_ClimaAtmos_jl_src_prognostic_equations_implicit_manual_sparse_jacob…
      0.0          8759266       1440       6082.8       6112.0       5568       7135        260.5  set_velocity_at_surface__FILE_ClimaAtmos_jl_src_cache_precomputed_quantities_jl_L484                
      0.0          8374373        240      34893.2      34815.0      34432      40384        706.3  edmfx_sgs_vertical_advection_tendency__FILE_ClimaAtmos_jl_src_prognostic_equations_advection_jl_L341
      0.0          8285618        720      11507.8      11456.0      11104      14400        352.4  source__FILE_ClimaLand_olfEs_src_standalone_Soil_Runoff_Runoff_jl_L355                              
      0.0          7977516        480      16619.8      17056.0      12959      23072       3294.6  enforce_grid_mean_microphysics_constraints__FILE_ClimaAtmos_jl_src_prognostic_equations_mass_flux_c…
      0.0          7906816        240      32945.1      32800.0      32352      39648        876.2  update_advection_jacobian__FILE_ClimaAtmos_jl_src_prognostic_equations_implicit_manual_sparse_jacob…
      0.0          7758758       1680       4618.3       4128.0       3168       7168       1314.8  gpu_broadcast_kernel_linear(CompilerMetadata<DynamicSize, DynamicCheck, void, CartesianIndices<(int…
      0.0          7687498        240      32031.2      31919.5      31680      38432        810.1  solve_sgs_u__implicit_stage_analytic__FILE_ClimaAtmos_jl_src_prognostic_equations_implicit_initiali…
      0.0          7575149        240      31563.1      31456.0      31135      37728        727.3  edmfx_tke_sources__FILE_ClimaAtmos_jl_src_prognostic_equations_edmfx_tke_jl_L74                     
      0.0          7433737       1440       5162.3       5120.0       4608       6272        245.4  set_velocity_at_surface__FILE_ClimaAtmos_jl_src_cache_precomputed_quantities_jl_L488                
      0.0          7424428        240      30935.1      30815.5      30271      37535        861.4  solve_sgs_u__implicit_stage_analytic__FILE_ClimaAtmos_jl_src_prognostic_equations_implicit_initiali…
      0.0          7326349        240      30526.5      30399.0      30048      37312        870.6  solve_sgs_u__implicit_stage_analytic__FILE_ClimaAtmos_jl_src_prognostic_equations_implicit_initiali…
      0.0          7316909         90      81299.0      81039.5      74368      89088       3170.2  update_aerosol_concentrations__FILE_ClimaAtmos_jl_src_parameterized_tendencies_radiation_update_inp…
      0.0          7030195        240      29292.5      29199.5      28896      34016        628.8  update_diffusion_jacobian__FILE_ClimaAtmos_jl_src_prognostic_equations_implicit_manual_sparse_jacob…
      0.0          6883309        240      28680.5      28319.0      27359      35552       1173.2  update_diffusion_jacobian__FILE_ClimaAtmos_jl_src_prognostic_equations_implicit_manual_sparse_jacob…
      0.0          6841545        240      28506.4      28416.0      27904      31296        437.6  edmfx_sgs_mass_flux_tendency__FILE_ClimaAtmos_jl_src_prognostic_equations_edmfx_sgs_flux_jl_L67     
      0.0          6703725        240      27932.2      27808.0      27520      33920        773.6  solve_sgs_u__implicit_stage_analytic__FILE_ClimaAtmos_jl_src_prognostic_equations_implicit_initiali…
      0.0          6591684        240      27465.3      27328.0      26720      33919        794.2  edmfx_tke_sources__FILE_ClimaAtmos_jl_src_prognostic_equations_edmfx_tke_jl_L76                     
      0.0          6410610       2286       2804.3       2880.0       2367       3680        268.8  set_insolation_variables__FILE_ClimaAtmos_jl_src_callbacks_callbacks_jl_L274                        
      0.0          6203153        480      12923.2      12864.0      12576      16192        477.2  update_sedimentation_jacobian__FILE_ClimaAtmos_jl_src_prognostic_equations_implicit_manual_sparse_j…
      0.0          6139123        240      25579.7      25472.0      24992      30944        695.4  initialize_implicit_stage_problem__FILE_ClimaAtmos_jl_src_prognostic_equations_implicit_initialize_…
      0.0          6038704        240      25161.3      25392.0      22880      28864       1419.9  update_advection_jacobian__FILE_ClimaAtmos_jl_src_prognostic_equations_implicit_manual_sparse_jacob…
      0.0          6006170        240      25025.7      24959.0      24768      29663        602.2  solve_sgs_u__implicit_stage_analytic__FILE_ClimaAtmos_jl_src_prognostic_equations_implicit_initiali…
      0.0          5887608        240      24531.7      24416.0      23999      30176        723.0  solve_sgs_u__implicit_stage_analytic__FILE_ClimaAtmos_jl_src_prognostic_equations_implicit_initiali…
      0.0          5629183       2400       2345.5       2304.0       2271       3072        104.0  import_atmos_fields__FILE_ClimaCoupler_jl_ext_ClimaCouplerClimaLandExt_climaland_integrated_jl_L373 
      0.0          5583771       1800       3102.1       3008.0       2783       4319        258.7  update_flux_fields__FILE_ClimaCoupler_jl_src_FluxCalculator_jl_L519                                 
      0.0          5444993        240      22687.5      22592.0      21920      27200        592.7  initialize_implicit_stage_problem__FILE_ClimaAtmos_jl_src_prognostic_equations_implicit_initialize_…
      0.0          5422751        120      45189.6      45055.0      44191      53407       1106.6  set_microphysics_tendency_cache__FILE_ClimaAtmos_jl_src_cache_microphysics_cache_jl_L998            
      0.0          5401974        120      45016.4      44895.5      43904      53695       1167.7  set_microphysics_tendency_cache__FILE_ClimaAtmos_jl_src_cache_microphysics_cache_jl_L999            
      0.0          5319710        480      11082.7      11071.0      10495      12864        323.8  __p__q_tot_field__FILE_ClimaAtmos_jl_src_prognostic_equations_implicit_manual_sparse_jacobian_jl_L6…
      0.0          5227008        840       6222.6       6176.0       5920       7488        195.9  set_precipitation_surface_fluxes__FILE_ClimaAtmos_jl_src_cache_microphysics_cache_jl_L1350          
      0.0          5216380       1560       3343.8       3200.0       2719       5248        464.2  update_boundary_fluxes__NVTX                                                                        
      0.0          5211704        240      21715.4      21632.0      21024      26304        609.3  update_advection_jacobian__FILE_ClimaAtmos_jl_src_prognostic_equations_implicit_manual_sparse_jacob…
      0.0          5134913       1440       3565.9       3552.0       3455       4640        134.6  check_land_equality_FILE_ClimaLand_olfEs_src_shared_utilities_utils_jl_L57                          
      0.0          5124058         24     213502.4     213454.5     211294     217118       1447.3  gpu_permutedims_kernel_(CompilerMetadata<DynamicSize, DynamicCheck, void, CartesianIndices<(int)3, …
      0.0          5107230        480      10640.1      10592.0       9951      12608        324.5  non_orographic_gravity_wave_apply_tendency__FILE_ClimaAtmos_jl_src_parameterized_tendencies_gravity…
      0.0          5076257        360      14100.7      14048.0      13312      16064        319.3  _FILE_ClimaAtmos_jl_src_prognostic_equations_eddy_diffusion_closures_jl_L683                        
      0.0          5021976        240      20924.9      20832.0      20352      25440        610.1  initialize_implicit_stage_problem__FILE_ClimaAtmos_jl_src_prognostic_equations_implicit_initialize_…
      0.0          4778750        240      19911.5      21072.0      17664      23872       1772.3  enforce_grid_mean_microphysics_constraints__FILE_ClimaAtmos_jl_src_prognostic_equations_mass_flux_c…
      0.0          4704573        240      19602.4      19520.0      19136      24000        574.2  enforce_grid_mean_microphysics_constraints__FILE_ClimaAtmos_jl_src_prognostic_equations_mass_flux_c…
      0.0          4615068        240      19229.5      19168.0      18624      23616        563.4  solve_sgs__a_implicit_stage_analytic__FILE_ClimaAtmos_jl_src_prognostic_equations_implicit_initiali…
      0.0          4613058        240      19221.1      19168.0      18592      22719        495.2  implicit_vertical_advection_tendency__FILE_ClimaAtmos_jl_src_prognostic_equations_implicit_implicit…
      0.0          4468355        360      12412.1      12384.0      12064      15456        483.9  gpu_broadcast_kernel_cartesian(CompilerMetadata<DynamicSize, DynamicCheck, void, CartesianIndices<(…
      0.0          4424925        360      12291.5       4800.0       4544      33279      10693.0  update_root_extraction__NVTX                                                                        
      0.0          4391034        360      12197.3      12160.0      11775      14079        280.2  set_covariance_cache__FILE_ClimaAtmos_jl_src_parameterized_tendencies_microphysics_cloud_fraction_j…
      0.0          4323361        240      18014.0      17952.0      17344      20704        457.6  solve_sgs_u__implicit_stage_analytic__FILE_ClimaAtmos_jl_src_prognostic_equations_implicit_initiali…
      0.0          4308006        480       8975.0       9040.0       7296      11360       1389.8  edmfx_boundary_condition_tendency__FILE_ClimaAtmos_jl_src_prognostic_equations_edmfx_boundary_condi…
      0.0          4001699        360      11115.8      11072.0      10592      13120        290.2  set_covariance_cache__FILE_ClimaAtmos_jl_src_parameterized_tendencies_microphysics_cloud_fraction_j…
      0.0          3934339       1200       3278.6       3168.0       3103       4640        252.4  update_flux_fields__FILE_ClimaCoupler_jl_src_FluxCalculator_jl_L501                                 
      0.0          3878020        240      16158.4      16096.0      15904      19520        438.1  compute_field__FILE_ClimaDiagnostics_Q9hyU_src_clima_diagnostics_jl_L303                            
      0.0          3729898        240      15541.2      15904.0      10624      20767       4347.6  set_edmfx_surface_conditions__FILE_ClimaAtmos_jl_src_prognostic_equations_edmfx_boundary_condition_…
      0.0          3683782        120      30698.2      30560.0      30207      37183        858.9  set_microphysics_tendency_cache__FILE_ClimaAtmos_jl_src_cache_microphysics_cache_jl_L1020           
      0.0          3669989        240      15291.6      15232.0      14624      18656        461.4  solve_sgs__a_implicit_stage_analytic__FILE_ClimaAtmos_jl_src_prognostic_equations_implicit_initiali…
      0.0          3643628        480       7590.9       7551.5       7168       8864        267.4  boundary_flux__FILE_ClimaLand_olfEs_src_standalone_Soil_Biogeochemistry_Biogeochemistry_jl_L933     
      0.0          3460971       1080       3204.6       3168.0       3135       4096        127.2  combine_surfaces__FILE_ClimaCoupler_jl_src_FieldExchanger_jl_L408                                   
      0.0          3432903        480       7151.9       7135.0       6912       8352        156.3  boundary_flux__FILE_ClimaLand_olfEs_src_standalone_Soil_Biogeochemistry_Biogeochemistry_jl_L1086    
      0.0          3241154        240      13504.8      13456.0      12896      16064        348.3  solve_sgs_u__implicit_stage_analytic__FILE_ClimaAtmos_jl_src_prognostic_equations_implicit_initiali…
      0.0          3240300        960       3375.3       3264.0       2784       4800        473.1  boundary_fields_FILE_ClimaCoupler_jl_src_SimCoordinator_jl_L204                                     
      0.0          3191210        240      13296.7      13280.0      12832      15328        277.1  solve_sgs_u__implicit_stage_analytic__FILE_ClimaAtmos_jl_src_prognostic_equations_implicit_initiali…
      0.0          3137252        120      26143.8      26079.0      24704      29695        648.6  enforce_edmf_updraft_constraints__FILE_ClimaAtmos_jl_src_prognostic_equations_mass_flux_closures_jl…
      0.0          3018664        240      12577.8      12543.5      12255      15328        369.0  sgs__a_implicit_tendency__FILE_ClimaAtmos_jl_src_prognostic_equations_implicit_initialize_implicit_…
      0.0          2901167        240      12088.2      12032.0      11360      14784        404.3  initialize_implicit_stage_problem__FILE_ClimaAtmos_jl_src_prognostic_equations_implicit_initialize_…
      0.0          2827338        360       7853.7       7808.0       7584       9664        238.8  update_imp_aux__NVTX                                                                                
      0.0          2581033        240      10754.3      10720.0      10368      12800        299.3  sgs_u__implicit_tendency__FILE_ClimaAtmos_jl_src_prognostic_equations_implicit_initialize_implicit_…
      0.0          2569706        360       7138.1       3424.0       3232      15807       5291.5  orchestrate_diagnostics_NVTX                                                                        
      0.0          2522797        960       2627.9       2592.0       2400       3328        101.8  copyto__FILE_ClimaCore_jl_src_Fields_broadcast_jl_L377                                              
      0.0          2419283        120      20160.7      20096.0      19904      24800        605.2  enforce_edmf_updraft_constraints__FILE_ClimaAtmos_jl_src_prognostic_equations_mass_flux_closures_jl…
      0.0          2393611        480       4986.7       4768.0       4640       6912        420.2  dss__FILE_ClimaCore_jl_src_Topologies_dss_jl_L417                                                   
      0.0          2372946        720       3295.8       3360.0       2976       4320        264.7  update_implicit_boundary_fluxes__FILE_ClimaLand_olfEs_src_standalone_Vegetation_canopy_energy_jl_L1…
      0.0          2298254        120      19152.1      19072.0      18816      21248        348.6  set_edmfx_surface_conditions__FILE_ClimaAtmos_jl_src_prognostic_equations_edmfx_boundary_condition_…
      0.0          2265906        960       2360.3       2399.0       2240       3008         95.8  ClimaAtmosSimulation_FILE_ClimaCoupler_jl_ext_ClimaCouplerClimaAtmosExt_jl_L110                     
      0.0          2222225        120      18518.5      18496.0      17952      19840        283.1  set_microphysics_tendency_cache__FILE_ClimaAtmos_jl_src_cache_microphysics_cache_jl_L1019           
      0.0          2124757        120      17706.3      17615.5      17120      19904        382.2  enforce_edmf_updraft_constraints__FILE_ClimaAtmos_jl_src_prognostic_equations_mass_flux_closures_jl…
      0.0          2124309         74      28706.9      48064.0       4064      50112      21911.4  interpolate__FILE_ClimaCore_jl_src_Remapping_distributed_remapping_jl_L1270                         
      0.0          2111030        120      17591.9      17536.0      17088      18976        296.2  update_turbulent_fluxes__FILE_ClimaCoupler_jl_ext_ClimaCouplerClimaAtmosExt_jl_L507                 
      0.0          2044465         84      24338.9      23936.0      23424      25888        816.3  gpu_broadcast_kernel_cartesian(CompilerMetadata<DynamicSize, DynamicCheck, void, CartesianIndices<(…
      0.0          2034155        120      16951.3      16896.0      16416      20320        475.8  soil_infiltration_capacity_FILE_ClimaLand_olfEs_src_standalone_Soil_Runoff_Runoff_jl_L404           
      0.0          1895921         84      22570.5      22528.0      21920      23456        345.3  gpu_broadcast_kernel_cartesian(CompilerMetadata<DynamicSize, DynamicCheck, void, CartesianIndices<(…
      0.0          1894577        126      15036.3      15008.0      14144      18400        454.2  _FILE_ClimaAtmos_jl_src_setups_common_overwrite_from_file_jl_L72                                    
      0.0          1815736        600       3026.2       2912.0       2847       4320        255.8  compute_surface_fluxes__FILE_ClimaCoupler_jl_ext_ClimaCouplerClimaLandExt_climaland_integrated_jl_L…
      0.0          1727826        120      14398.5      14336.0      13952      17024        381.0  set_covariance_cache_and_cloud_fraction__FILE_ClimaAtmos_jl_src_parameterized_tendencies_microphysi…
      0.0          1669071        240       6954.5       7488.0       5632       9600       1269.8  component_specific_humidity_FILE_ClimaLand_olfEs_src_standalone_Soil_energy_hydrology_jl_L1020      
      0.0          1666903        120      13890.9      13856.0      13407      16736        434.7  compute_soilo2__FILE_ClimaLand_olfEs_src_diagnostics_land_compute_methods_jl_L665                   
      0.0          1598522        120      13321.0      13151.5      12576      14752        499.4  set_edmfx_surface_conditions__FILE_ClimaAtmos_jl_src_prognostic_equations_edmfx_boundary_condition_…
      0.0          1575569        360       4376.6       4352.0       4192       5376        142.5  compute_imp_tendency__FILE_ClimaLand_olfEs_src_standalone_Vegetation_canopy_energy_jl_L174          
      0.0          1574098        120      13117.5      13039.5      12800      16064        482.4  update_photosynthesis__FILE_ClimaLand_olfEs_src_standalone_Vegetation_pmodel_jl_L798                
      0.0          1550390        240       6460.0       6432.0       6112       7328        154.1  update_sgs_boundary_condition_jacobian__FILE_ClimaAtmos_jl_src_prognostic_equations_implicit_manual…
      0.0          1544562        240       6435.7       6944.0       5216       9184       1165.5  update_soil_snow_ground_heat_flux__NVTX                                                             
      0.0          1531255        360       4253.5       4256.0       3583       5792        437.6  snow_boundary_fluxes__NVTX                                                                          
      0.0          1503800        120      12531.7      12480.0      12096      14336        274.9  enforce_edmf_updraft_constraints__FILE_ClimaAtmos_jl_src_prognostic_equations_mass_flux_closures_jl…
      0.0          1482449        360       4117.9       4096.0       4032       5056        126.6  set_eff_land_radiation_properties__FILE_ClimaLand_olfEs_src_integrated_land_radiation_jl_L14        
      0.0          1463605        216       6775.9       2880.0       2816      12640       4394.0  _FILE_ClimaUtilities_2GLZR_ext_TimeVaryingInputsExt_jl_L427                                         
      0.0          1457041        480       3035.5       3008.0       2976       3776        116.3  ice_rhs__FILE_ClimaCoupler_jl_src_Models_prescr_seaice_jl_L490                                      
      0.0          1452316        240       6051.3       6048.0       5600       7968        381.8  gpu_getindex_kernel(CompilerMetadata<DynamicSize, DynamicCheck, void, CartesianIndices<(int)1, Tupl…
      0.0          1440946        480       3002.0       2976.0       2943       3744        114.7  ice_rhs__FILE_ClimaCoupler_jl_src_Models_prescr_seaice_jl_L487                                      
      0.0          1437913        360       3994.2       3968.0       3872       4864        122.6  compute_jacobian__FILE_ClimaLand_olfEs_src_standalone_Vegetation_canopy_energy_jl_L246              
      0.0          1428178        360       3967.2       3936.0       3871       4960        157.9  combine_surfaces__FILE_ClimaCoupler_jl_src_FieldExchanger_jl_L436                                   
      0.0          1412506        480       2942.7       2816.0       2783       4032        229.7  _FILE_ClimaCoupler_jl_src_Models_prescr_seaice_jl_L272                                              
      0.0          1405656        360       3904.6       3872.0       3712       4864        138.6  single_field_solve__FILE_ClimaCore_jl_src_MatrixFields_single_field_solver_jl_L46                   
      0.0          1357078        480       2827.2       2784.0       2752       3776        122.4  _FILE_ClimaCoupler_jl_src_Models_prescr_seaice_jl_L266                                              
      0.0          1313208        240       5471.7       5440.0       5344       6752        174.6  precomputed_quantities_FILE_ClimaAtmos_jl_src_cache_precomputed_quantities_jl_L268                  
      0.0          1278581        480       2663.7       2624.0       2592       3328        103.5  _FILE_ClimaCoupler_jl_src_Models_prescr_seaice_jl_L269                                              
      0.0          1251704        240       5215.4       5184.0       5120       6464        161.9  solve_sgs_u__implicit_stage_analytic__FILE_ClimaAtmos_jl_src_prognostic_equations_implicit_initiali…
      0.0          1251383        360       3476.1       3456.0       3328       4288        118.3  set_eff_land_radiation_properties__FILE_ClimaLand_olfEs_src_integrated_land_radiation_jl_L12        
      0.0          1236596        240       5152.5       5392.0       3360       8096       1635.2  soil_boundary_fluxes__NVTX                                                                          
      0.0          1235031        120      10291.9      10240.0       9792      12192        298.9  set_edmfx_surface_conditions__FILE_ClimaAtmos_jl_src_prognostic_equations_edmfx_boundary_condition_…
      0.0          1221429        120      10178.6      10112.0       9951      12448        368.3  update_photosynthesis__FILE_ClimaLand_olfEs_src_standalone_Vegetation_pmodel_jl_L812                
      0.0          1216150        240       5067.3       5056.0       4896       6272        155.7  solve_sgs_u__implicit_stage_analytic__FILE_ClimaAtmos_jl_src_prognostic_equations_implicit_initiali…
      0.0          1204760          2     602380.0     602380.0     599676     605084       3824.0  calc_saturation_profile__FILE_ClimaAtmos_jl_src_parameterized_tendencies_gravity_wave_drag_orograph…
      0.0          1192117        360       3311.4       3296.0       3168       4160        123.3  compute_jacobian__FILE_ClimaLand_olfEs_src_standalone_Vegetation_canopy_energy_jl_L245              
      0.0          1098812         24      45783.8      45760.0      45024      46592        393.6  gpu_permutedims_kernel_(CompilerMetadata<DynamicSize, DynamicCheck, void, CartesianIndices<(int)2, …
      0.0          1096698        240       4569.6       4544.0       4416       5600        129.7  solve_sgs__a_implicit_stage_analytic__FILE_ClimaAtmos_jl_src_prognostic_equations_implicit_initiali…
      0.0          1085624        120       9046.9       9007.5       8704      10976        279.8  update_infiltration_water_flux__FILE_ClimaLand_olfEs_src_standalone_Soil_Runoff_Runoff_jl_L249      
      0.0          1078803        240       4495.0       4512.0       4223       5632        210.1  update_albedo__FILE_ClimaLand_olfEs_src_standalone_Soil_soil_albedo_jl_L193                         
      0.0          1058040        360       2939.0       2912.0       2720       3552        117.2  compute_exp_tendency__NVTX                                                                          
      0.0           959387        240       3997.4       4000.0       3840       4864        126.6  compute_sensible_heat_flux__FILE_ClimaLand_olfEs_src_diagnostics_land_compute_methods_jl_L1089      
      0.0           917849        240       3824.4       3808.0       3775       4736        117.3  compute_surface_fluxes__NVTX                                                                        
      0.0           899260        120       7493.8       7488.0       7264       8896        207.5  compute_10cm_water_mass__FILE_ClimaLand_olfEs_src_diagnostics_land_compute_methods_jl_L593          
      0.0           889689         66      13480.1      13280.0      12288      16000        919.4  update_cloud_properties__FILE_ClimaAtmos_jl_src_parameterized_tendencies_radiation_update_inputs_jl…
      0.0           878427        120       7320.2       7264.0       7232       8992        268.4  update_SIF__FILE_ClimaLand_olfEs_src_standalone_Vegetation_solar_induced_fluorescence_jl_L92        
      0.0           851707        120       7097.6       7072.0       6912       8768        228.1  update_infiltration_water_flux__FILE_ClimaLand_olfEs_src_standalone_Soil_Runoff_Runoff_jl_L261      
      0.0           829915          6     138319.2     138287.0     136448     140767       1510.9  update_cloud_properties__FILE_ClimaAtmos_jl_src_parameterized_tendencies_radiation_update_inputs_jl…
      0.0           811550        120       6762.9       6752.0       6528       7840        167.5  linear_interpolation_to_surface__FILE_ClimaLand_olfEs_src_shared_utilities_Domains_jl_L1026         
      0.0           809175        240       3371.6       3360.0       3136       4128        137.0  update_ground_albedo_PAR__FILE_ClimaLand_olfEs_src_integrated_land_jl_L1109                         
      0.0           797594        240       3323.3       3328.0       3104       4064        129.5  compute_total_respiration__FILE_ClimaLand_olfEs_src_diagnostics_land_compute_methods_jl_L1008       
      0.0           796346         40      19908.7      19904.0      19776      20223         67.2  gpu_broadcast_kernel_cartesian(CompilerMetadata<DynamicSize, DynamicCheck, void, CartesianIndices<(…
      0.0           788731        240       3286.4       3344.0       3008       4192        252.5  canopy_boundary_fluxes__NVTX                                                                        
      0.0           785973        240       3274.9       3264.0       3040       4064        115.4  _FILE_ClimaAtmos_jl_src_prognostic_equations_surface_flux_jl_L127                                   
      0.0           769977        240       3208.2       3200.0       3040       4160        147.5  update_turbulent_fluxes__FILE_ClimaCoupler_jl_ext_ClimaCouplerClimaAtmosExt_jl_L516                 
      0.0           763739        240       3182.2       3136.0       3104       3808        101.3  solve_sgs__a_implicit_stage_analytic__FILE_ClimaAtmos_jl_src_prognostic_equations_implicit_initiali…
      0.0           757179        272       2783.7       2944.0       2399       3808        328.4  compute_PAR__FILE_ClimaLand_olfEs_src_standalone_Vegetation_radiation_jl_L163                       
      0.0           753499        120       6279.2       6207.5       6016      10784        511.2  minimum_FILE_ClimaCore_jl_src_Fields_mapreduce_jl_L95                                               
      0.0           745721        120       6214.3       6176.0       6080       7584        224.2  maximum_FILE_ClimaCore_jl_src_Fields_mapreduce_jl_L83                                               
      0.0           743930        120       6199.4       6176.0       6015       7552        192.3  get_residual_melt_flux_FILE_ClimaLand_olfEs_src_standalone_Snow_snow_parameterizations_jl_L1089     
      0.0           711289        120       5927.4       5903.5       5728       7040        159.4  compute_exp_tendency__FILE_ClimaLand_olfEs_src_standalone_Vegetation_pmodel_jl_L756                 
      0.0           604124        120       5034.4       5024.0       4832       6272        168.8  component_specific_humidity_FILE_ClimaLand_olfEs_src_standalone_Snow_snow_parameterizations_jl_L158 
      0.0           588861        120       4907.2       4896.0       4736       5888        139.2  update_infiltration_water_flux__FILE_ClimaLand_olfEs_src_standalone_Soil_Runoff_Runoff_jl_L252      
      0.0           583739        120       4864.5       4832.0       4768       6048        155.0  compute_10cm_water_mass__FILE_ClimaLand_olfEs_src_diagnostics_land_compute_methods_jl_L606          
      0.0           578204        120       4818.4       4800.0       4704       5888        142.5  update_turbulent_fluxes__FILE_ClimaCoupler_jl_ext_ClimaCouplerClimaAtmosExt_jl_L532                 
      0.0           569403        240       2372.5       2432.0       2240       3328        136.2  init_sfc_conditions_zero__FILE_ClimaAtmos_jl_src_surface_conditions_surface_conditions_jl_L142      
      0.0           567994        240       2366.6       2383.5       2272       3008         94.9  update_bf__FILE_ClimaLand_olfEs_src_standalone_Soil_Biogeochemistry_Biogeochemistry_jl_L437         
      0.0           558683        120       4655.7       4640.0       4448       5440        118.6  get_update_surface_humidity_function_FILE_ClimaLand_olfEs_src_standalone_Soil_energy_hydrology_jl_L…
      0.0           554109        120       4617.6       4576.0       4512       5728        170.1  update_snow_cover_fraction__FILE_ClimaLand_olfEs_src_standalone_Snow_snow_parameterizations_jl_L73  
      0.0           553341        120       4611.2       4576.0       4480       5696        171.3  update_field__FILE_ClimaCoupler_jl_ext_ClimaCouplerClimaAtmosExt_jl_L400                            
      0.0           526686        120       4389.1       4367.5       4255       5120        109.1  get_update_surface_humidity_function_FILE_ClimaLand_olfEs_src_standalone_Soil_energy_hydrology_jl_L…
      0.0           519739        120       4331.2       4320.0       4223       5311        129.5  compute_evapotranspiration__FILE_ClimaLand_olfEs_src_diagnostics_land_compute_methods_jl_L961       
      0.0           505083         12      42090.3      42191.5      41024      43135        615.2  update_cloud_properties__FILE_ClimaAtmos_jl_src_parameterized_tendencies_radiation_update_inputs_jl…
      0.0           486335        120       4052.8       4032.0       3872       4800        132.1  compute_exp_tendency__FILE_ClimaLand_olfEs_src_standalone_Vegetation_plant_hydraulics_jl_L401       
      0.0           484731        120       4039.4       4000.0       3904       5056        162.8  update_autotrophic_respiration__FILE_ClimaLand_olfEs_src_standalone_Vegetation_autotrophic_respirat…
      0.0           469312        120       3910.9       3904.0       3776       4576        108.9  get_update_surface_humidity_function_FILE_ClimaLand_olfEs_src_standalone_Soil_energy_hydrology_jl_L…
      0.0           465502        120       3879.2       3872.0       3776       4736        114.4  update_turbulent_fluxes__FILE_ClimaCoupler_jl_ext_ClimaCouplerClimaAtmosExt_jl_L550                 
      0.0           463231        120       3860.3       3840.0       3776       4736        142.4  update_field__FILE_ClimaCoupler_jl_ext_ClimaCouplerClimaAtmosExt_jl_L413                            
      0.0           429279        120       3577.3       3552.0       3424       4416        143.9  update_snow_albedo__FILE_ClimaLand_olfEs_src_standalone_Snow_snow_parameterizations_jl_L49          
      0.0           427037        120       3558.6       3552.0       3488       4352        103.3  update_turbulent_fluxes__FILE_ClimaCoupler_jl_ext_ClimaCouplerClimaAtmosExt_jl_L530                 
      0.0           420990        120       3508.3       3488.0       3424       4320        130.6  update_density_and_depth__FILE_ClimaLand_olfEs_src_standalone_Snow_snow_parameterizations_jl_L630   
      0.0           415358        120       3461.3       3456.0       3423       4288        130.6  combine_surfaces__FILE_ClimaCoupler_jl_src_FieldExchanger_jl_L442                                   
      0.0           404383        120       3369.9       3360.0       3168       4224        131.2  compute_precip__FILE_ClimaLand_olfEs_src_diagnostics_land_compute_methods_jl_L537                   
      0.0           402362        120       3353.0       3343.5       3232       4064        101.6  compute_net_ecosystem_exchange__FILE_ClimaLand_olfEs_src_diagnostics_land_compute_methods_jl_L133   
      0.0           397118        120       3309.3       3296.0       3264       4096        123.9  update_canopy_conductance__FILE_ClimaLand_olfEs_src_standalone_Vegetation_stomatalconductance_jl_L1…
      0.0           397051         40       9926.3       8256.0       8064      19551       2689.6  average_pre_output_hook__FILE_ClimaDiagnostics_Q9hyU_src_DiagnosticVariables_jl_L122                
      0.0           394110          2     197055.0     197055.0     196959     197151        135.8  calc_saturation_profile__FILE_ClimaAtmos_jl_src_parameterized_tendencies_gravity_wave_drag_orograph…
      0.0           389024        120       3241.9       3232.0       3200       4000        121.1  gpu_broadcast_kernel_linear(CompilerMetadata<DynamicSize, DynamicCheck, void, CartesianIndices<(int…
      0.0           374940        120       3124.5       3104.0       3072       3872         99.0  update_infiltration_water_flux__FILE_ClimaLand_olfEs_src_standalone_Soil_Runoff_Runoff_jl_L259      
      0.0           373694        120       3114.1       3104.0       3072       3840         96.0  update_turbulent_fluxes__FILE_ClimaCoupler_jl_ext_ClimaCouplerClimaAtmosExt_jl_L554                 
      0.0           367615        120       3063.5       3040.0       2912       3776        127.6  update_hydraulics__FILE_ClimaLand_olfEs_src_standalone_Vegetation_plant_hydraulics_jl_L514          
      0.0           366303        120       3052.5       3040.0       3008       3776         95.5  compute_10cm_water_mass__FILE_ClimaLand_olfEs_src_diagnostics_land_compute_methods_jl_L609          
      0.0           363326        120       3027.7       3008.0       2976       3744         92.7  update_subsurface_energy_runoff__FILE_ClimaLand_olfEs_src_standalone_Soil_Runoff_Runoff_jl_L282     
      0.0           362173        120       3018.1       3008.0       2880       3616        102.7  compute_canopy_transpiration__FILE_ClimaLand_olfEs_src_diagnostics_land_compute_methods_jl_L235     
      0.0           349213          6      58202.2      58367.0      57631      58528        379.0  gpu_broadcast_kernel_cartesian(CompilerMetadata<DynamicSize, DynamicCheck, void, CartesianIndices<(…
      0.0           346236          6      57706.0      57663.0      56928      58496        596.5  update_relative_humidity__FILE_ClimaAtmos_jl_src_parameterized_tendencies_radiation_update_inputs_j…
      0.0           345533        120       2879.4       2848.0       2847       3552        107.7  update_field__FILE_ClimaCoupler_jl_ext_ClimaCouplerClimaLandExt_climaland_integrated_jl_L327        
      0.0           343228        120       2860.2       2848.0       2815       3552        110.4  update_density_and_depth__FILE_ClimaLand_olfEs_src_standalone_Snow_snow_parameterizations_jl_L629   
      0.0           342559          6      57093.2      56656.0      54303      60128       2451.5  non_orographic_gravity_wave_compute_tendency__FILE_ClimaAtmos_jl_src_parameterized_tendencies_gravi…
      0.0           342239        120       2852.0       2848.0       2815       3520        108.6  gpu_broadcast_kernel_linear(CompilerMetadata<DynamicSize, DynamicCheck, void, CartesianIndices<(int…
      0.0           339423        120       2828.5       2816.0       2784       3520        108.7  update_radiative_transfer__FILE_ClimaLand_olfEs_src_standalone_Vegetation_radiation_jl_L821         
      0.0           328798        120       2740.0       2720.0       2688       3424        114.1  update_surf_temp__FILE_ClimaLand_olfEs_src_standalone_Snow_snow_parameterizations_jl_L1027          
      0.0           317823        120       2648.5       2624.0       2592       3264        100.1  update_biomass__FILE_ClimaLand_olfEs_src_standalone_Vegetation_biomass_jl_L326                      
      0.0           315902        126       2507.2       2496.0       2464       3072         74.1  set_insolation_variables__FILE_ClimaAtmos_jl_src_callbacks_callbacks_jl_L273                        
      0.0           312095        120       2600.8       2592.0       2560       3200         79.6  update_infiltration_water_flux__FILE_ClimaLand_olfEs_src_standalone_Soil_Runoff_Runoff_jl_L264      
      0.0           304478         12      25373.2      25359.5      20864      30080       4339.4  gpu_broadcast_kernel_cartesian(CompilerMetadata<DynamicSize, DynamicCheck, void, CartesianIndices<(…
      0.0           301436        120       2512.0       2496.0       2464       3104         94.5  update_snow_albedo__FILE_ClimaLand_olfEs_src_standalone_Snow_snow_parameterizations_jl_L52          
      0.0           255358          6      42559.7      42624.0      41951      42912        325.5  compute_col_gas_CUDA_(SubArray<Float32, (int)2, CuDeviceArray<Float32, (int)3, (int)1>, Tuple<Int64…
      0.0           232479         48       4843.3       4864.0       4512       5216        148.9  gpu_broadcast_kernel_linear(CompilerMetadata<DynamicSize, DynamicCheck, void, CartesianIndices<(int…
      0.0           218944          6      36490.7      36480.0      36416      36576         59.6  gpu_broadcast_kernel_cartesian(CompilerMetadata<DynamicSize, DynamicCheck, void, CartesianIndices<(…
      0.0           210813          4      52703.3      52879.5      50623      54431       1967.9  non_orographic_gravity_wave_compute_tendency__FILE_ClimaAtmos_jl_src_parameterized_tendencies_gravi…
      0.0           207455         12      17287.9      17280.0      16160      18432       1070.6  update_volume_mixing_ratios__FILE_ClimaAtmos_jl_src_parameterized_tendencies_radiation_update_input…
      0.0           198270          6      33045.0      33039.5      32672      33344        269.9  gpu_broadcast_kernel_cartesian(CompilerMetadata<DynamicSize, DynamicCheck, void, CartesianIndices<(…
      0.0           194398          4      48599.5      48479.5      47552      49887       1149.6  _ddz_FILE_ClimaAtmos_jl_src_parameterized_tendencies_gravity_wave_drag_orographic_gravity_wave_jl_L…
      0.0           193663          4      48415.8      48447.5      48192      48576        178.9  _d2dz2_FILE_ClimaAtmos_jl_src_parameterized_tendencies_gravity_wave_drag_orographic_gravity_wave_jl…
      0.0           190208          6      31701.3      31696.0      31360      32128        262.1  gpu_broadcast_kernel_cartesian(CompilerMetadata<DynamicSize, DynamicCheck, void, CartesianIndices<(…
      0.0           186943          4      46735.8      46784.0      46495      46880        168.8  calc_nonpropagating_forcing__FILE_ClimaAtmos_jl_src_parameterized_tendencies_gravity_wave_drag_orog…
      0.0           186335         10      18633.5      18927.5      17472      19264        654.4  field_shiftlevel_up__FILE_ClimaAtmos_jl_src_parameterized_tendencies_gravity_wave_drag_non_orograph…
      0.0           178367          6      29727.8      29840.0      28768      30144        496.9  update_relative_humidity__FILE_ClimaAtmos_jl_src_parameterized_tendencies_radiation_update_inputs_j…
      0.0           176476          6      29412.7      29375.5      29119      29887        271.8  update_cloud_properties__FILE_ClimaAtmos_jl_src_parameterized_tendencies_radiation_update_inputs_jl…
      0.0           175071          2      87535.5      87535.5      87455      87616        113.8  get_pbl_z__FILE_ClimaAtmos_jl_src_parameterized_tendencies_gravity_wave_drag_orographic_gravity_wav…
      0.0           173791          4      43447.8      43391.5      42944      44064        480.1  calc_propagate_forcing__FILE_ClimaAtmos_jl_src_parameterized_tendencies_gravity_wave_drag_orographi…
      0.0           172095          6      28682.5      28720.0      27839      29312        498.0  gpu_broadcast_kernel_cartesian(CompilerMetadata<DynamicSize, DynamicCheck, void, CartesianIndices<(…
      0.0           164415          2      82207.5      82207.5      81952      82463        361.3  calc_nonpropagating_forcing__FILE_ClimaAtmos_jl_src_parameterized_tendencies_gravity_wave_drag_orog…
      0.0           144575          2      72287.5      72287.5      72287      72288          0.7  calc_nonpropagating_forcing__FILE_ClimaAtmos_jl_src_parameterized_tendencies_gravity_wave_drag_orog…
      0.0           131679          2      65839.5      65839.5      65759      65920        113.8  calc_base_flux__FILE_ClimaAtmos_jl_src_parameterized_tendencies_gravity_wave_drag_orographic_gravit…
      0.0           129119         12      10759.9      10720.0      10496      11296        236.3  gpu_broadcast_kernel_linear(CompilerMetadata<DynamicSize, DynamicCheck, void, CartesianIndices<(int…
      0.0           126238         34       3712.9       3712.0       3008       4032        147.5  gpu_broadcast_kernel_cartesian(CompilerMetadata<DynamicSize, DynamicCheck, void, CartesianIndices<(…
      0.0           123136          6      20522.7      20496.0      20448      20672         87.4  gpu_broadcast_kernel_cartesian(CompilerMetadata<DynamicSize, DynamicCheck, void, CartesianIndices<(…
      0.0           121054         12      10087.8      10095.0       9952      10208         92.7  gpu_broadcast_kernel_linear(CompilerMetadata<DynamicSize, DynamicCheck, void, CartesianIndices<(int…
      0.0           115551          6      19258.5      19216.0      19040      19519        173.1  gpu_broadcast_kernel_cartesian(CompilerMetadata<DynamicSize, DynamicCheck, void, CartesianIndices<(…
      0.0           115168          6      19194.7      19104.0      18880      19712        312.5  gpu_broadcast_kernel_cartesian(CompilerMetadata<DynamicSize, DynamicCheck, void, CartesianIndices<(…
      0.0           109887          6      18314.5      18304.0      18207      18400         75.1  gpu_broadcast_kernel_cartesian(CompilerMetadata<DynamicSize, DynamicCheck, void, CartesianIndices<(…
      0.0           104544          6      17424.0      17392.0      17312      17632        115.8  gpu_broadcast_kernel_cartesian(CompilerMetadata<DynamicSize, DynamicCheck, void, CartesianIndices<(…
      0.0           102144          4      25536.0      25520.0      24160      26944       1483.8  postprocess_and_accumulate__FILE_ClimaAtmos_jl_src_parameterized_tendencies_gravity_wave_drag_non_o…
      0.0           102015          2      51007.5      51007.5      50688      51327        451.8  calc_propagate_forcing__FILE_ClimaAtmos_jl_src_parameterized_tendencies_gravity_wave_drag_orographi…
      0.0            97984          4      24496.0      24496.0      24288      24704        174.3  non_orographic_gravity_wave_compute_tendency__FILE_ClimaAtmos_jl_src_parameterized_tendencies_gravi…
      0.0            94238         12       7853.2       7776.0       7488       8320        338.5  gpu_broadcast_kernel_cartesian(CompilerMetadata<DynamicSize, DynamicCheck, void, CartesianIndices<(…
      0.0            88062          2      44031.0      44031.0      43935      44127        135.8  non_orographic_gravity_wave_compute_tendency__FILE_ClimaAtmos_jl_src_parameterized_tendencies_gravi…
      0.0            66848          2      33424.0      33424.0      33344      33504        113.1  calc_saturation_profile__FILE_ClimaAtmos_jl_src_parameterized_tendencies_gravity_wave_drag_orograph…
      0.0            66175          2      33087.5      33087.5      32512      33663        813.9  calc_nonpropagating_forcing__FILE_ClimaAtmos_jl_src_parameterized_tendencies_gravity_wave_drag_orog…
      0.0            63264          4      15816.0      15840.0      15584      16000        174.0  gw_average__FILE_ClimaAtmos_jl_src_parameterized_tendencies_gravity_wave_drag_non_orographic_gravit…
      0.0            53728          6       8954.7       8944.0       8864       9056         79.5  set_insolation_variables__FILE_ClimaAtmos_jl_src_callbacks_callbacks_jl_L258                        
      0.0            52096          2      26048.0      26048.0      25856      26240        271.5  calc_nonpropagating_forcing__FILE_ClimaAtmos_jl_src_parameterized_tendencies_gravity_wave_drag_orog…
      0.0            47104          6       7850.7       7824.0       7808       7936         56.0  update_drivers__FILE_ClimaLand_olfEs_src_shared_utilities_drivers_jl_L1252                          
      0.0            32704          4       8176.0       8224.0       7904       8352        192.9  gw_average__FILE_ClimaAtmos_jl_src_parameterized_tendencies_gravity_wave_drag_non_orographic_gravit…
      0.0            32127          2      16063.5      16063.5      16063      16064          0.7  field_shiftface_down__FILE_ClimaAtmos_jl_src_parameterized_tendencies_gravity_wave_drag_orographic_…
      0.0            32032          2      16016.0      16016.0      15936      16096        113.1  calc_nonpropagating_forcing__FILE_ClimaAtmos_jl_src_parameterized_tendencies_gravity_wave_drag_orog…
      0.0            31616          2      15808.0      15808.0      15776      15840         45.3  calc_nonpropagating_forcing__FILE_ClimaAtmos_jl_src_parameterized_tendencies_gravity_wave_drag_orog…
      0.0            28864          6       4810.7       4816.0       4640       4960        136.8  non_orographic_gravity_wave_forcing_FILE_ClimaAtmos_jl_src_parameterized_tendencies_gravity_wave_dr…
      0.0            28704          6       4784.0       4768.0       4704       4896         63.2  gpu_broadcast_kernel_linear(CompilerMetadata<DynamicSize, DynamicCheck, void, CartesianIndices<(int…
      0.0            28032          6       4672.0       4672.0       4672       4672          0.0  gpu_broadcast_kernel_linear(CompilerMetadata<DynamicSize, DynamicCheck, void, CartesianIndices<(int…
      0.0            27648          4       6912.0       6864.0       6720       7200        223.2  orographic_gravity_wave_forcing__FILE_ClimaAtmos_jl_src_parameterized_tendencies_gravity_wave_drag_…
      0.0            27648          6       4608.0       4592.0       4544       4736         73.0  gpu_broadcast_kernel_linear(CompilerMetadata<DynamicSize, DynamicCheck, void, CartesianIndices<(int…
      0.0            26944          6       4490.7       4480.0       4480       4512         16.5  gpu_broadcast_kernel_linear(CompilerMetadata<DynamicSize, DynamicCheck, void, CartesianIndices<(int…
      0.0            23584          2      11792.0      11792.0      11488      12096        429.9  calc_nonpropagating_forcing__FILE_ClimaAtmos_jl_src_parameterized_tendencies_gravity_wave_drag_orog…
      0.0            20768          6       3461.3       3456.0       3456       3488         13.1  gpu_broadcast_kernel_linear(CompilerMetadata<DynamicSize, DynamicCheck, void, CartesianIndices<(int…
      0.0            17504          2       8752.0       8752.0       8640       8864        158.4  non_orographic_gravity_wave_compute_tendency__FILE_ClimaAtmos_jl_src_parameterized_tendencies_gravi…
      0.0            16703          4       4175.8       4208.0       4000       4287        129.0  postprocess_and_accumulate__FILE_ClimaAtmos_jl_src_parameterized_tendencies_gravity_wave_drag_non_o…
      0.0            16384          2       8192.0       8192.0       8128       8256         90.5  orographic_gravity_wave_compute_tendency__FILE_ClimaAtmos_jl_src_parameterized_tendencies_gravity_w…
      0.0            16128          4       4032.0       4048.0       3904       4128        101.2  calc_base_flux__FILE_ClimaAtmos_jl_src_parameterized_tendencies_gravity_wave_drag_orographic_gravit…
      0.0            16064          2       8032.0       8032.0       7840       8224        271.5  orographic_gravity_wave_compute_tendency__FILE_ClimaAtmos_jl_src_parameterized_tendencies_gravity_w…
      0.0            14592          2       7296.0       7296.0       7264       7328         45.3  calc_nonpropagating_forcing__FILE_ClimaAtmos_jl_src_parameterized_tendencies_gravity_wave_drag_orog…
      0.0            14112          2       7056.0       7056.0       7040       7072         22.6  partial_mapreduce_grid(identity, _, Bool, CartesianIndices<(int)5, Tuple<OneTo<Int64>, OneTo<Int64>…
      0.0            13695          2       6847.5       6847.5       6816       6879         44.5  orographic_gravity_wave_compute_tendency__FILE_ClimaAtmos_jl_src_parameterized_tendencies_gravity_w…
      0.0            12192          2       6096.0       6096.0       6048       6144         67.9  calc_base_flux__FILE_ClimaAtmos_jl_src_parameterized_tendencies_gravity_wave_drag_orographic_gravit…
      0.0            12064          2       6032.0       6032.0       6016       6048         22.6  calc_base_flux__FILE_ClimaAtmos_jl_src_parameterized_tendencies_gravity_wave_drag_orographic_gravit…
      0.0            11615          4       2903.8       2911.5       2784       3008        120.5  fill__FILE_ClimaCore_jl_src_Fields_Fields_jl_L439                                                   
      0.0            10783          2       5391.5       5391.5       5375       5408         23.3  calc_base_flux__FILE_ClimaAtmos_jl_src_parameterized_tendencies_gravity_wave_drag_orographic_gravit…
      0.0            10400          2       5200.0       5200.0       5152       5248         67.9  partial_mapreduce_grid(identity, _, Bool, CartesianIndices<(int)6, Tuple<OneTo<Int64>, OneTo<Int64>…
      0.0            10336          2       5168.0       5168.0       5152       5184         22.6  calc_base_flux__FILE_ClimaAtmos_jl_src_parameterized_tendencies_gravity_wave_drag_orographic_gravit…
      0.0             9984          2       4992.0       4992.0       4960       5024         45.3  orographic_gravity_wave_forcing__FILE_ClimaAtmos_jl_src_parameterized_tendencies_gravity_wave_drag_…
      0.0             9856          2       4928.0       4928.0       4864       4992         90.5  non_orographic_gravity_wave_forcing_FILE_ClimaAtmos_jl_src_parameterized_tendencies_gravity_wave_dr…
      0.0             9664          2       4832.0       4832.0       4832       4832          0.0  calc_base_flux__FILE_ClimaAtmos_jl_src_parameterized_tendencies_gravity_wave_drag_orographic_gravit…
      0.0             9184          2       4592.0       4592.0       4576       4608         22.6  orographic_gravity_wave_compute_tendency__FILE_ClimaAtmos_jl_src_parameterized_tendencies_gravity_w…
      0.0             9152          2       4576.0       4576.0       4576       4576          0.0  calc_base_flux__FILE_ClimaAtmos_jl_src_parameterized_tendencies_gravity_wave_drag_orographic_gravit…
      0.0             7424          2       3712.0       3712.0       3712       3712          0.0  calc_base_flux__FILE_ClimaAtmos_jl_src_parameterized_tendencies_gravity_wave_drag_orographic_gravit…
      0.0             5856          2       2928.0       2928.0       2912       2944         22.6  calc_base_flux__FILE_ClimaAtmos_jl_src_parameterized_tendencies_gravity_wave_drag_orographic_gravit…
      0.0             5024          2       2512.0       2512.0       2496       2528         22.6  calc_base_flux__FILE_ClimaAtmos_jl_src_parameterized_tendencies_gravity_wave_drag_orographic_gravit…

Processing [results/nsys/baseline.sqlite] with [/opt/nvidia/nsight-systems/2025.3.2/host-linux-x64/reports/cuda_gpu_mem_time_sum.py]... 

 ** CUDA GPU MemOps Summary (by Time) (cuda_gpu_mem_time_sum):

 Time (%)  Total Time (ns)  Count  Avg (ns)  Med (ns)  Min (ns)  Max (ns)  StdDev (ns)            Operation           
 --------  ---------------  -----  --------  --------  --------  --------  -----------  ------------------------------
     47.8         63411331   4234   14976.7    2080.0      1024     57504      20534.7  [CUDA memset]                 
     27.4         36333411    316  114979.1    2016.0      1888   3193066     360097.3  [CUDA memcpy Device-to-Host]  
     24.5         32549119    804   40484.0    8799.5      1024    520828      83300.2  [CUDA memcpy Host-to-Device]  
      0.2           322781     74    4361.9    5696.0      2112      6208       1669.1  [CUDA memcpy Device-to-Device]

Processing [results/nsys/baseline.sqlite] with [/opt/nvidia/nsight-systems/2025.3.2/host-linux-x64/reports/cuda_gpu_mem_size_sum.py]... 

 ** CUDA GPU MemOps Summary (by Size) (cuda_gpu_mem_size_sum):

 Total (MB)  Count  Avg (MB)  Med (MB)  Min (MB)  Max (MB)  StdDev (MB)            Operation           
 ----------  -----  --------  --------  --------  --------  -----------  ------------------------------
 113956.996   4234    26.915     0.590     0.000   105.284       42.730  [CUDA memset]                 
    628.961    804     0.782     0.147     0.000     4.645        1.621  [CUDA memcpy Host-to-Device]  
    188.302    316     0.596     0.000     0.000     4.645        1.544  [CUDA memcpy Device-to-Host]  
    188.301     74     2.545     4.645     0.074     4.645        2.294  [CUDA memcpy Device-to-Device]

Processing [results/nsys/baseline.sqlite] with [/opt/nvidia/nsight-systems/2025.3.2/host-linux-x64/reports/openmp_sum.py]... 
SKIPPED: results/nsys/baseline.sqlite does not contain OpenMP event data.

Processing [results/nsys/baseline.sqlite] with [/opt/nvidia/nsight-systems/2025.3.2/host-linux-x64/reports/opengl_khr_range_sum.py]... 
SKIPPED: results/nsys/baseline.sqlite does not contain KHR Extension (KHR_DEBUG) data.

Processing [results/nsys/baseline.sqlite] with [/opt/nvidia/nsight-systems/2025.3.2/host-linux-x64/reports/opengl_khr_gpu_range_sum.py]... 
SKIPPED: results/nsys/baseline.sqlite does not contain GPU KHR Extension (KHR_DEBUG) data.

Processing [results/nsys/baseline.sqlite] with [/opt/nvidia/nsight-systems/2025.3.2/host-linux-x64/reports/vulkan_marker_sum.py]... 
SKIPPED: results/nsys/baseline.sqlite does not contain Vulkan Debug Extension (Vulkan Debug Util) data.

Processing [results/nsys/baseline.sqlite] with [/opt/nvidia/nsight-systems/2025.3.2/host-linux-x64/reports/vulkan_gpu_marker_sum.py]... 
SKIPPED: results/nsys/baseline.sqlite does not contain GPU Vulkan Debug Extension (GPU Vulkan Debug markers) data.

Processing [results/nsys/baseline.sqlite] with [/opt/nvidia/nsight-systems/2025.3.2/host-linux-x64/reports/dx11_pix_sum.py]... 
SKIPPED: results/nsys/baseline.sqlite does not contain DX11 CPU debug markers.

Processing [results/nsys/baseline.sqlite] with [/opt/nvidia/nsight-systems/2025.3.2/host-linux-x64/reports/dx12_gpu_marker_sum.py]... 
SKIPPED: results/nsys/baseline.sqlite does not contain DX12 GPU debug markers.

Processing [results/nsys/baseline.sqlite] with [/opt/nvidia/nsight-systems/2025.3.2/host-linux-x64/reports/dx12_pix_sum.py]... 
SKIPPED: results/nsys/baseline.sqlite does not contain DX12 CPU debug markers.

Processing [results/nsys/baseline.sqlite] with [/opt/nvidia/nsight-systems/2025.3.2/host-linux-x64/reports/wddm_queue_sum.py]... 
SKIPPED: results/nsys/baseline.sqlite does not contain WDDM context data.

Processing [results/nsys/baseline.sqlite] with [/opt/nvidia/nsight-systems/2025.3.2/host-linux-x64/reports/um_sum.py]... 
SKIPPED: results/nsys/baseline.sqlite does not contain CUDA Unified Memory CPU page faults data.

Processing [results/nsys/baseline.sqlite] with [/opt/nvidia/nsight-systems/2025.3.2/host-linux-x64/reports/um_total_sum.py]... 
SKIPPED: results/nsys/baseline.sqlite does not contain CUDA Unified Memory CPU page faults data.

Processing [results/nsys/baseline.sqlite] with [/opt/nvidia/nsight-systems/2025.3.2/host-linux-x64/reports/um_cpu_page_faults_sum.py]... 
SKIPPED: results/nsys/baseline.sqlite does not contain CUDA Unified Memory CPU page faults data.

Processing [results/nsys/baseline.sqlite] with [/opt/nvidia/nsight-systems/2025.3.2/host-linux-x64/reports/openacc_sum.py]... 
SKIPPED: results/nsys/baseline.sqlite does not contain OpenACC event data.

Processing [results/nsys/baseline.sqlite] with [/opt/nvidia/nsight-systems/2025.3.2/host-linux-x64/reports/syscall_sum.py]... 
SKIPPED: results/nsys/baseline.sqlite does not contain syscall data.

