gpu-guard: running on GPU(s) [2] -- OK (avoiding [])
Loading climacommon/2025_05_15
  Loading requirement: climaauth/2025_05_15 openmpi/4.1.5-mpitrampoline
    julia/1.11.5 cuda/julia-pref
=============== instantiate ===============
Precompiling project...
  10356.2 ms  ✓ ClimaCore
   7162.8 ms  ✓ ClimaCore → KrylovExt
   7084.4 ms  ✓ ClimaUtilities → ClimaUtilitiesClimaCoreExt
  19483.4 ms  ✓ ClimaCore → ClimaCoreCUDAExt
  14367.3 ms  ✓ ClimaUtilities → ClimaUtilitiesClimaCoreNCDatasetsExt
  14828.0 ms  ✓ ClimaUtilities → ClimaUtilitiesClimaCoreInterpolationsExt
  16149.4 ms  ✓ ClimaDiagnostics
  29698.8 ms  ✓ ClimaCoreMakie
  13826.5 ms  ✓ ClimaCoupler
  15828.7 ms  ✓ ClimaLand
  20688.8 ms  ✓ ClimaLand → FluxnetSimulationsExt
  22678.3 ms  ✓ ClimaCoupler → ClimaCouplerClimaLandExt
  27260.6 ms  ✓ ClimaLand → ConstrainedNeuralModelExt
  52518.5 ms  ✓ ClimaAtmos
  48199.9 ms  ✓ ClimaCoupler → ClimaCouplerMakieExt
  46838.4 ms  ✓ ClimaLand → LandSimulationVisualizationExt
  15783.5 ms  ✓ ClimaCoupler → ClimaCouplerClimaAtmosExt
  17 dependencies successfully precompiled in 110 seconds. 604 already precompiled.
  1 dependency had output during precompilation:
┌ ClimaCore → ClimaCoreCUDAExt
│  ┌ Warning: CUDA runtime library `libcublasLt.so.13` was loaded from a system path, `/usr/local/cuda/lib64/libcublasLt.so.13`.
│  │ This may cause errors.
│  │ 
│  │ If you're running under a profiler, this situation is expected. Otherwise,
│  │ ensure that your library path environment variable (e.g., `PATH` on Windows
│  │ or `LD_LIBRARY_PATH` on Linux) does not include CUDA library paths.
│  │ 
│  │ In any other case, please file an issue.
│  └ @ CUDA ~/.julia/packages/CUDA/Il00B/src/initialization.jl:198
│  ┌ Warning: CUDA runtime library `libnvJitLink.so.13` was loaded from a system path, `/usr/local/cuda/lib64/libnvJitLink.so.13`.
│  │ This may cause errors.
│  │ 
│  │ If you're running under a profiler, this situation is expected. Otherwise,
│  │ ensure that your library path environment variable (e.g., `PATH` on Windows
│  │ or `LD_LIBRARY_PATH` on Linux) does not include CUDA library paths.
│  │ 
│  │ In any other case, please file an issue.
│  └ @ CUDA ~/.julia/packages/CUDA/Il00B/src/initialization.jl:198
│  ┌ Warning: CUDA runtime library `libcusparse.so.12` was loaded from a system path, `/usr/local/cuda/lib64/libcusparse.so.12`.
│  │ This may cause errors.
│  │ 
│  │ If you're running under a profiler, this situation is expected. Otherwise,
│  │ ensure that your library path environment variable (e.g., `PATH` on Windows
│  │ or `LD_LIBRARY_PATH` on Linux) does not include CUDA library paths.
│  │ 
│  │ In any other case, please file an issue.
│  └ @ CUDA ~/.julia/packages/CUDA/Il00B/src/initialization.jl:198
└  
┌ Warning: CUDA runtime library `libcublasLt.so.13` was loaded from a system path, `/usr/local/cuda/lib64/libcublasLt.so.13`.
│ This may cause errors.
│ 
│ If you're running under a profiler, this situation is expected. Otherwise,
│ ensure that your library path environment variable (e.g., `PATH` on Windows
│ or `LD_LIBRARY_PATH` on Linux) does not include CUDA library paths.
│ 
│ In any other case, please file an issue.
└ @ CUDA ~/.julia/packages/CUDA/Il00B/src/initialization.jl:198
┌ Warning: CUDA runtime library `libnvJitLink.so.13` was loaded from a system path, `/usr/local/cuda/lib64/libnvJitLink.so.13`.
│ This may cause errors.
│ 
│ If you're running under a profiler, this situation is expected. Otherwise,
│ ensure that your library path environment variable (e.g., `PATH` on Windows
│ or `LD_LIBRARY_PATH` on Linux) does not include CUDA library paths.
│ 
│ In any other case, please file an issue.
└ @ CUDA ~/.julia/packages/CUDA/Il00B/src/initialization.jl:198
┌ Warning: CUDA runtime library `libcusparse.so.12` was loaded from a system path, `/usr/local/cuda/lib64/libcusparse.so.12`.
│ This may cause errors.
│ 
│ If you're running under a profiler, this situation is expected. Otherwise,
│ ensure that your library path environment variable (e.g., `PATH` on Windows
│ or `LD_LIBRARY_PATH` on Linux) does not include CUDA library paths.
│ 
│ In any other case, please file an issue.
└ @ CUDA ~/.julia/packages/CUDA/Il00B/src/initialization.jl:198

============ phase: off (target=0 warps/SM, budget=256 B) ============
start 2026-08-24T22:06:55Z
┌ Warning: CUDA runtime library `libcublasLt.so.13` was loaded from a system path, `/usr/local/cuda/lib64/libcublasLt.so.13`.
│ This may cause errors.
│ 
│ If you're running under a profiler, this situation is expected. Otherwise,
│ ensure that your library path environment variable (e.g., `PATH` on Windows
│ or `LD_LIBRARY_PATH` on Linux) does not include CUDA library paths.
│ 
│ In any other case, please file an issue.
└ @ CUDA ~/.julia/packages/CUDA/Il00B/src/initialization.jl:198
┌ Warning: CUDA runtime library `libnvJitLink.so.13` was loaded from a system path, `/usr/local/cuda/lib64/libnvJitLink.so.13`.
│ This may cause errors.
│ 
│ If you're running under a profiler, this situation is expected. Otherwise,
│ ensure that your library path environment variable (e.g., `PATH` on Windows
│ or `LD_LIBRARY_PATH` on Linux) does not include CUDA library paths.
│ 
│ In any other case, please file an issue.
└ @ CUDA ~/.julia/packages/CUDA/Il00B/src/initialization.jl:198
┌ Warning: CUDA runtime library `libcusparse.so.12` was loaded from a system path, `/usr/local/cuda/lib64/libcusparse.so.12`.
│ This may cause errors.
│ 
│ If you're running under a profiler, this situation is expected. Otherwise,
│ ensure that your library path environment variable (e.g., `PATH` on Windows
│ or `LD_LIBRARY_PATH` on Linux) does not include CUDA library paths.
│ 
│ In any other case, please file an issue.
└ @ CUDA ~/.julia/packages/CUDA/Il00B/src/initialization.jl:198
┌ Info: Launch-bounds study phase
│   label = "off"
│   target_warps_per_sm = 0
└   spill_budget_bytes = 256
[ Info: Using Atmos configuration from ClimaCoupler in config/atmos_configs/climaatmos_progedmf_1m.yml
[ Info: Dict{Any, Any}("sleve_eta" => 0.7, "use_coupler_diagnostics" => true, "era5_diurnal_warming" => nothing, "ocean_progress_interval" => "never", "dt" => "30secs", "prognostic_tke" => true, "use_newton_rtol" => false, "netcdf_output_at_levels" => true, "microphysics_model" => "1M", "output_dir_style" => "ActiveLink", "external_forcing" => nothing, "device" => "auto", "t_end" => "1200secs", "c_amd" => 0.29, "scm_surface_type" => "ocean", "y_elem" => 6, "z_stretch" => true, "dt_subcol" => "Inf", "extra_atmos_diagnostics" => Dict{Any, Any}[], "h_elem_coupler" => 32, "edmfx_nh_pressure" => true, "nogw_beres_heating_latent" => false, "era5_initial_condition_dir" => nothing, "cloud_liquid_rain_accretion" => "CloudLiquidRainAccretion", "conservation_softfail" => false, "check_steady_state" => false, "restart_cache" => true, "fixed_terminal_velocity_ice" => true, "update_jacobian_every" => "solve", "test_dycore_consistency" => false, "add_isothermal_boundary_layer" => true, "use_itime" => true, "rad" => "allskywithclear", "share_surface_space" => true, "binary_area_fraction" => true, "seaice_progress_interval" => "never", "cloud_model" => "quadrature", "initial_condition" => "WeatherModel", "krylov_rtol" => 0.1, "eisenstat_walker_forcing_alpha" => 2.0, "dt_cloud_fraction" => "1hours", "surface_setup" => "PrescribedSurface", "cloud_ice_snow_accretion" => "CloudIceSnowAccretion", "update_constrain_state_every" => "step", "jvp_step_adjustment" => 1.0, "microphysics_n_substeps" => 3, "insolation" => "timevarying", "ocean_diagnostic_mode" => "average", "snow_melt" => "SnowMelt", "log_progress" => true, "site_latitude" => 17.0, "h_elem" => 16, "coupler_toml" => ["/home/pbachant/calkit/clima-gpu-profiling/ClimaCoupler.jl-mod/toml/amip_progedmf_1m.toml"], "netcdf_interpolation_num_points" => nothing, "coupler_output_dir" => "output", "z_max" => 60000.0, "diagnostics" => Any[], "edmfx_filter" => true, "debug_jacobian" => false, "job_id" => "amip_progedmf_1m_land_he16", "sst_adjustment" => 0.0, "log_to_file" => false, "orographic_gravity_wave" => "raw_topo", "dt_rad" => "600secs", "simple_ocean" => false, "edmfx_upwinding" => "first_order", "tracer_upwinding" => "vanleer_limiter", "nh_poly" => 3, "edmfx_sgs_diffusive_flux" => true, "y_max" => 300000.0, "non_orographic_gravity_wave" => true, "chemistry_model" => nothing, "print_config_dict" => true, "save_cache" => true, "microphysics_n_substeps_quadrature" => 2, "topography_damping_factor" => 5.0, "cloud_ice_rain_accretion" => "CloudIceRainAccretion", "config" => "sphere", "hyperdiffusion_prandtl_number" => 0.2, "reproducibility_test" => false, "component_dt_dict" => Dict("dt_atmos" => 30.0, "dt_land" => 30.0, "dt_seaice" => 30.0, "dt_ocean" => 30.0), "cloud_liquid_snow_accretion" => "CloudLiquidSnowAccretion", "check_conservation" => false, "rmse_check" => false, "land_spun_up_ic" => false, "cosp_n_subcolumns" => 100, "vertical_water_borrowing_species" => nothing, "auto_jacobian_padding_bands" => nothing, "sgs_distribution" => "gaussian", "implicit_diffusion" => true, "walltime_dt" => nothing, "z_elem" => 63, "snow_autoconversion" => "NoSupersaturation", "ocean_model" => "prescribed", "use_auto_jacobian" => false, "cosp_overlap" => "maximum_random", "disable_surface_flux_tendency" => false, "cfsite_number" => "site23", "dt_ogw" => "1800secs", "turbconv" => "prognostic_edmfx", "x_elem" => 6, "idealized_clouds" => false, "edmfx_mse_q_tot_upwinding" => "first_order", "land_progress_interval" => "never", "check_nan_every" => 1024, "ice_model" => "prescribed", "use_dynamic_krylov_rtol" => false, "fixed_terminal_velocity_rain" => false, "lai_source" => "modis_monthly", "reproducible_restart" => false, "strict_config" => false, "toml" => ["toml/prognostic_edmfx_1M.toml"], "mesh_warp_type" => "SLEVE", "edmfx_detr_model" => "Generalized", "cloud_ice_formation" => "TemperatureDependent", "external_forcing_file" => nothing, "cloud_nn_architecture" => "arch_2layers_8nodes.jld2", "topo_smoothing" => true, "hyperdiff" => "Hyperdiffusion", "output_dir" => nothing, "debug_tendency_diagnostics" => false, "rain_condensation_evaporation" => "RainEvaporation", "nogw_beres_detailed_diagnostics" => false, "constant_horizontal_diffusion" => false, "apply_sem_quasimonotone_limiter" => false, "bubble" => false, "cloud_ice_melt" => "CloudIceMelt", "ode_algo" => "ARS222", "max_newton_iters_ode" => 1, "start_date" => "20100101", "time_varying_trace_gases" => ["CO2", "O3"], "ocean_diagnostic_interval" => "1days", "use_dense_jacobian" => false, "snow_deposition_sublimation" => "DepositionAndSublimation", "detect_restart_file" => false, "prognostic_surface" => "PrescribedSST", "edmfx_vertical_diffusion" => true, "restart_file" => nothing, "nh_poly_coupler" => 2, "unique_seed" => false, "rayleigh_sponge" => true, "nogw_beres_source" => false, "divergence_damping_factor" => 5.0, "edmfx_entr_model" => "Generalized", "edmfx_tracer_upwinding" => "first_order", "energy_check" => false, "land_model" => "integrated", "use_land_diagnostics" => true, "idealized_h2o" => false, "perturb_initstate" => true, "rain_autoconversion" => "Kessler1M", "edmfx_scale_blending" => "SmoothMinimum", "seaice_diagnostic_mode" => "average", "t_start" => "0secs", "land_fraction_source" => "etopo", "dz_bottom" => 30.0, "walltime_debug" => false, "dt_save_state_to_disk" => "30days", "fixed_terminal_velocity_snow" => true, "restart_t" => nothing, "advection_test" => false, "dt_cpl" => "30secs", "checkpoint_dt" => "366days", "topography" => "Earth", "aerosol_radiation" => true, "reference_job_id" => nothing, "vorticity_hyperdiffusion_coefficient" => 0.1857, "viscous_sponge" => true, "strict_params" => true, "config_file" => "ClimaCoupler.jl-mod/config/benchmark_configs/amip_progedmf_1m_land_he16.yml", "ocean_grid" => "one_deg_tripolar", "bucket_initial_condition" => "", "domain_type" => "global", "approximate_linear_solve_iters" => 2, "land_diagnostics_reduction" => "average", "smagorinsky_lilly" => nothing, "rain_snow_accretion" => "RainSnowAccretion", "enable_diagnostics" => true, "tracer_nonnegativity_method" => nothing, "site_longitude" => -149.0, "evolving_ocean" => true, "cloud_liquid_formation" => "CloudLiquidFormation", "prescribe_clouds_in_radiation" => false, "albedo_model" => "CouplerAlbedo", "edmfx_sgs_horizontal_diffusive_flux" => false, "update_cache_every" => "step", "quadrature_order" => 3, "coupler_diagnostics_period" => nothing, "FLOAT_TYPE" => "Float32", "deep_atmosphere" => true, "updraft_number" => 1, "amd_les" => false, "restart_dir" => nothing, "detect_restart_files" => false, "column_latlon" => [0.0, 0.0], "energy_q_tot_upwinding" => "vanleer_limiter", "prescribed_aerosols" => ["CB1", "CB2", "DST01", "DST02", "DST03", "DST04", "DST05", "OC1", "OC2", "SO4", "SSLT01", "SSLT02", "SSLT03", "SSLT04", "SSLT05"], "dt_nogw" => "1800secs", "output_default_diagnostics" => true, "edmfx_sgs_mass_flux" => true, "x_max" => 300000.0, "radiation_reset_rng_seed" => true, "land_diagnostics_period" => "1months", "newton_rtol" => 1.0e-5, "atmos_config_file" => "config/atmos_configs/climaatmos_progedmf_1m.yml", "edmfx_sgsflux_upwinding" => "none", "mode_name" => "amip", "land_temperature_anomaly" => "aquaplanet", "fixed_terminal_velocity_liquid" => true, "use_sgs_quadrature" => true, "bucket_albedo_type" => "map_static", "atmos_progress_interval" => "never", "vert_diff" => nothing, "use_krylov_method" => false, "sleve_s" => 10.0, "implicit_microphysics" => true, "seaice_diagnostic_interval" => "1days", "prescribed_flow" => nothing, "edmfx_horizontal_diffusion" => false, "coupler_diagnostics_reduction" => "average")
[ Info: Setting up single-process ClimaCoupler run on device: CUDADevice.
[ Info: Dict{Any, Any}("sleve_eta" => 0.7, "use_coupler_diagnostics" => true, "era5_diurnal_warming" => nothing, "ocean_progress_interval" => "never", "dt" => "30secs", "prognostic_tke" => true, "use_newton_rtol" => false, "netcdf_output_at_levels" => true, "microphysics_model" => "1M", "output_dir_style" => "ActiveLink", "external_forcing" => nothing, "device" => "auto", "t_end" => "1200secs", "c_amd" => 0.29, "scm_surface_type" => "ocean", "y_elem" => 6, "z_stretch" => true, "dt_subcol" => "Inf", "extra_atmos_diagnostics" => Dict{Any, Any}[], "h_elem_coupler" => 32, "edmfx_nh_pressure" => true, "nogw_beres_heating_latent" => false, "era5_initial_condition_dir" => nothing, "cloud_liquid_rain_accretion" => "CloudLiquidRainAccretion", "conservation_softfail" => false, "check_steady_state" => false, "restart_cache" => true, "fixed_terminal_velocity_ice" => true, "update_jacobian_every" => "solve", "test_dycore_consistency" => false, "add_isothermal_boundary_layer" => true, "use_itime" => true, "rad" => "allskywithclear", "share_surface_space" => true, "binary_area_fraction" => true, "seaice_progress_interval" => "never", "cloud_model" => "quadrature", "initial_condition" => "WeatherModel", "krylov_rtol" => 0.1, "eisenstat_walker_forcing_alpha" => 2.0, "dt_cloud_fraction" => "1hours", "surface_setup" => "PrescribedSurface", "cloud_ice_snow_accretion" => "CloudIceSnowAccretion", "update_constrain_state_every" => "step", "jvp_step_adjustment" => 1.0, "microphysics_n_substeps" => 3, "insolation" => "timevarying", "ocean_diagnostic_mode" => "average", "snow_melt" => "SnowMelt", "log_progress" => true, "site_latitude" => 17.0, "h_elem" => 16, "coupler_toml" => ["/home/pbachant/calkit/clima-gpu-profiling/ClimaCoupler.jl-mod/toml/amip_progedmf_1m.toml"], "netcdf_interpolation_num_points" => nothing, "coupler_output_dir" => "output", "z_max" => 60000.0, "diagnostics" => Any[], "edmfx_filter" => true, "debug_jacobian" => false, "job_id" => "amip_progedmf_1m_land_he16", "sst_adjustment" => 0.0, "log_to_file" => false, "orographic_gravity_wave" => "raw_topo", "dt_rad" => "600secs", "simple_ocean" => false, "edmfx_upwinding" => "first_order", "tracer_upwinding" => "vanleer_limiter", "nh_poly" => 3, "edmfx_sgs_diffusive_flux" => true, "y_max" => 300000.0, "non_orographic_gravity_wave" => true, "chemistry_model" => nothing, "print_config_dict" => true, "save_cache" => true, "microphysics_n_substeps_quadrature" => 2, "topography_damping_factor" => 5.0, "cloud_ice_rain_accretion" => "CloudIceRainAccretion", "config" => "sphere", "hyperdiffusion_prandtl_number" => 0.2, "reproducibility_test" => false, "component_dt_dict" => Dict("dt_atmos" => 30.0, "dt_land" => 30.0, "dt_seaice" => 30.0, "dt_ocean" => 30.0), "cloud_liquid_snow_accretion" => "CloudLiquidSnowAccretion", "check_conservation" => false, "rmse_check" => false, "land_spun_up_ic" => false, "cosp_n_subcolumns" => 100, "vertical_water_borrowing_species" => nothing, "auto_jacobian_padding_bands" => nothing, "sgs_distribution" => "gaussian", "implicit_diffusion" => true, "walltime_dt" => nothing, "z_elem" => 63, "snow_autoconversion" => "NoSupersaturation", "ocean_model" => "prescribed", "use_auto_jacobian" => false, "cosp_overlap" => "maximum_random", "disable_surface_flux_tendency" => false, "cfsite_number" => "site23", "dt_ogw" => "1800secs", "turbconv" => "prognostic_edmfx", "x_elem" => 6, "idealized_clouds" => false, "edmfx_mse_q_tot_upwinding" => "first_order", "land_progress_interval" => "never", "check_nan_every" => 1024, "ice_model" => "prescribed", "use_dynamic_krylov_rtol" => false, "fixed_terminal_velocity_rain" => false, "lai_source" => "modis_monthly", "reproducible_restart" => false, "strict_config" => false, "toml" => ["toml/prognostic_edmfx_1M.toml"], "mesh_warp_type" => "SLEVE", "edmfx_detr_model" => "Generalized", "cloud_ice_formation" => "TemperatureDependent", "external_forcing_file" => nothing, "cloud_nn_architecture" => "arch_2layers_8nodes.jld2", "topo_smoothing" => true, "hyperdiff" => "Hyperdiffusion", "output_dir" => nothing, "debug_tendency_diagnostics" => false, "rain_condensation_evaporation" => "RainEvaporation", "nogw_beres_detailed_diagnostics" => false, "constant_horizontal_diffusion" => false, "apply_sem_quasimonotone_limiter" => false, "bubble" => false, "cloud_ice_melt" => "CloudIceMelt", "ode_algo" => "ARS222", "max_newton_iters_ode" => 1, "start_date" => "20100101", "time_varying_trace_gases" => ["CO2", "O3"], "ocean_diagnostic_interval" => "1days", "use_dense_jacobian" => false, "snow_deposition_sublimation" => "DepositionAndSublimation", "detect_restart_file" => false, "prognostic_surface" => "PrescribedSST", "edmfx_vertical_diffusion" => true, "restart_file" => nothing, "nh_poly_coupler" => 2, "unique_seed" => false, "rayleigh_sponge" => true, "nogw_beres_source" => false, "divergence_damping_factor" => 5.0, "edmfx_entr_model" => "Generalized", "edmfx_tracer_upwinding" => "first_order", "energy_check" => false, "land_model" => "integrated", "use_land_diagnostics" => true, "idealized_h2o" => false, "perturb_initstate" => true, "rain_autoconversion" => "Kessler1M", "edmfx_scale_blending" => "SmoothMinimum", "seaice_diagnostic_mode" => "average", "t_start" => "0secs", "land_fraction_source" => "etopo", "dz_bottom" => 30.0, "walltime_debug" => false, "dt_save_state_to_disk" => "30days", "fixed_terminal_velocity_snow" => true, "restart_t" => nothing, "advection_test" => false, "dt_cpl" => "30secs", "checkpoint_dt" => "366days", "topography" => "Earth", "aerosol_radiation" => true, "reference_job_id" => nothing, "vorticity_hyperdiffusion_coefficient" => 0.1857, "viscous_sponge" => true, "strict_params" => true, "config_file" => "ClimaCoupler.jl-mod/config/benchmark_configs/amip_progedmf_1m_land_he16.yml", "ocean_grid" => "one_deg_tripolar", "bucket_initial_condition" => "", "domain_type" => "global", "approximate_linear_solve_iters" => 2, "land_diagnostics_reduction" => "average", "smagorinsky_lilly" => nothing, "rain_snow_accretion" => "RainSnowAccretion", "enable_diagnostics" => true, "tracer_nonnegativity_method" => nothing, "site_longitude" => -149.0, "evolving_ocean" => true, "cloud_liquid_formation" => "CloudLiquidFormation", "prescribe_clouds_in_radiation" => false, "albedo_model" => "CouplerAlbedo", "edmfx_sgs_horizontal_diffusive_flux" => false, "update_cache_every" => "step", "quadrature_order" => 3, "coupler_diagnostics_period" => nothing, "FLOAT_TYPE" => "Float32", "deep_atmosphere" => true, "updraft_number" => 1, "amd_les" => false, "restart_dir" => nothing, "detect_restart_files" => false, "column_latlon" => [0.0, 0.0], "energy_q_tot_upwinding" => "vanleer_limiter", "prescribed_aerosols" => ["CB1", "CB2", "DST01", "DST02", "DST03", "DST04", "DST05", "OC1", "OC2", "SO4", "SSLT01", "SSLT02", "SSLT03", "SSLT04", "SSLT05"], "dt_nogw" => "1800secs", "output_default_diagnostics" => true, "edmfx_sgs_mass_flux" => true, "x_max" => 300000.0, "radiation_reset_rng_seed" => true, "land_diagnostics_period" => "1months", "newton_rtol" => 1.0e-5, "atmos_config_file" => "config/atmos_configs/climaatmos_progedmf_1m.yml", "edmfx_sgsflux_upwinding" => "none", "mode_name" => "amip", "land_temperature_anomaly" => "aquaplanet", "fixed_terminal_velocity_liquid" => true, "use_sgs_quadrature" => true, "bucket_albedo_type" => "map_static", "atmos_progress_interval" => "never", "vert_diff" => nothing, "use_krylov_method" => false, "sleve_s" => 10.0, "implicit_microphysics" => true, "seaice_diagnostic_interval" => "1days", "prescribed_flow" => nothing, "edmfx_horizontal_diffusion" => false, "coupler_diagnostics_reduction" => "average")
[ Info: Output directories output/amip_progedmf_1m_land_he16/output_0288
[ Info: Coupler artifacts directory output/amip_progedmf_1m_land_he16/artifacts
[ Info: Coupler checkpoint directory output/amip_progedmf_1m_land_he16/checkpoints
[ Info: Random seed set to 1234
[ Info: Starting from t_start 0.0 seconds (2010-01-01T00:00:00) [counter = 0, period = 1 second, epoch = 2010-01-01T00:00:00]
[ Info: Overwriting Atmos parameters from input TOML file(s): ["/home/pbachant/calkit/clima-gpu-profiling/ClimaCoupler.jl-mod/toml/amip_progedmf_1m.toml"]
┌ Warning: The configuration passed to ClimaAtmos contains unused keys: use_coupler_diagnostics, ocean_progress_interval, scm_surface_type, extra_atmos_diagnostics, h_elem_coupler, ocean_diagnostic_interval, conservation_softfail, restart_cache, nh_poly_coupler, use_itime, unique_seed, share_surface_space, binary_area_fraction, seaice_progress_interval, energy_check, use_land_diagnostics, land_model, dt_cloud_fraction, seaice_diagnostic_mode, ocean_diagnostic_mode, land_fraction_source, walltime_debug, coupler_toml, restart_t, coupler_output_dir, dt_cpl, checkpoint_dt, config_file, ocean_grid, sst_adjustment, bucket_initial_condition, domain_type, simple_ocean, edmfx_upwinding, land_diagnostics_reduction, evolving_ocean, save_cache, print_config_dict, coupler_diagnostics_period, component_dt_dict, restart_dir, detect_restart_files, rmse_check, column_latlon, land_spun_up_ic, land_diagnostics_period, walltime_dt, atmos_config_file, ocean_model, mode_name, land_temperature_anomaly, bucket_albedo_type, atmos_progress_interval, land_progress_interval, ice_model, lai_source, seaice_diagnostic_interval, coupler_diagnostics_reduction
└ @ ClimaAtmos ~/calkit/clima-gpu-profiling/ClimaAtmos.jl-mod/src/config/yaml_helper.jl:161
┌ Info: numerics 
│        `energy_q_tot_upwinding`::`Val{:vanleer_limiter}`
│              `tracer_upwinding`::`Val{:vanleer_limiter}`
│     `edmfx_mse_q_tot_upwinding`::`Val{:first_order}`
│       `edmfx_sgsflux_upwinding`::`Val{:none}`
│        `edmfx_tracer_upwinding`::`Val{:first_order}`
│       `test_dycore_consistency`::`Nothing`
│          `reproducible_restart`::`Nothing`
│                       `limiter`::`Nothing`
│                     `diff_mode`::`ClimaAtmos.Implicit`
└                     `hyperdiff`::`ClimaAtmos.Hyperdiffusion{Float32}`
┌ Info: AtmosModel: 
│ 
│                             `water`::`ClimaAtmos.AtmosWater{ClimaAtmos.NonEquilibriumMicrophysics1M, ClimaAtmos.QuadratureCloud, ClimaAtmos.Implicit, Nothing, ClimaAtmos.SGSQuadrature{3, StaticArraysCore.SVector{3, Float32}, StaticArraysCore.SVector{3, Float32}, ClimaAtmos.GaussianSGS, Float32}, ClimaAtmos.FixedTerminalVelocity, ClimaAtmos.FixedTerminalVelocity, ClimaAtmos.DiagnosticTerminalVelocity, ClimaAtmos.FixedTerminalVelocity}`
│                         `scm_setup`::`ClimaAtmos.SCMSetup{Nothing, Nothing, Nothing, Bool, Nothing}`
│                         `radiation`::`ClimaAtmos.AtmosRadiation{ClimaAtmos.RRTMGPInterface.AllSkyRadiationWithClearSkyDiagnostics{ClimaAtmos.InteractiveCloudInRadiation}, ClimaAtmos.TimeVaryingInsolation{Nothing, Nothing, Nothing}}`
│                          `turbconv`::`ClimaAtmos.AtmosTurbconv{ClimaAtmos.EDMFXModel{ClimaAtmos.InvZEntrainment, ClimaAtmos.BuoyancyVelocityDetrainment, Val{true}, Val{true}, Val{false}, Val{true}, Val{true}, Val{false}, Val{true}, ClimaAtmos.SmoothMinimumBlending}, ClimaAtmos.PrognosticEDMFX{1, true, Float32}, Nothing, Nothing, Nothing}`
│                   `prescribed_flow`::`Nothing`
│                      `gravity_wave`::`ClimaAtmos.AtmosGravityWave{ClimaAtmos.NonOrographicGravityWave{Float32, Nothing}, ClimaAtmos.FullOrographicGravityWave{Float32, Val{:raw_topo}, Val{:Earth}}}`
│                `vertical_diffusion`::`Nothing`
│                            `sponge`::`ClimaAtmos.AtmosSponge{ClimaAtmos.ViscousSponge{Float32}, ClimaAtmos.RayleighSponge{Float32}}`
│                           `surface`::`ClimaAtmos.AtmosSurface{Nothing, ClimaAtmos.SurfaceConditions.AnalyticTemperature{typeof(ClimaAtmos.Setups.zonally_symmetric_temperature)}, ClimaAtmos.SurfaceConditions.SurfaceBoundaryOverrides{Nothing, Nothing, Nothing, Nothing, Nothing, Nothing}, ClimaAtmos.CouplerAlbedo}`
│                          `numerics`::`ClimaAtmos.AtmosNumerics{Val{:vanleer_limiter}, Val{:vanleer_limiter}, Val{:first_order}, Val{:none}, Val{:first_order}, Nothing, Nothing, Nothing, ClimaAtmos.Implicit, ClimaAtmos.Hyperdiffusion{Float32}}`
│                         `chemistry`::`ClimaAtmos.AtmosChem{Nothing}`
└                              `cosp`::`Nothing`
┌ Info: Microphysics settings: 
│                        `n_substeps`::`3`
│                   `n_substeps_quad`::`2`
│            `cloud_liquid_formation`::`CloudLiquidFormation`
│               `cloud_ice_formation`::`TemperatureDependent`
│                    `cloud_ice_melt`::`CloudIceMelt`
│               `rain_autoconversion`::`Kessler1M`
│               `snow_autoconversion`::`NoSupersaturation`
│     `rain_condensation_evaporation`::`RainEvaporation`
│       `snow_deposition_sublimation`::`DepositionAndSublimation`
│                         `snow_melt`::`SnowMelt`
│       `cloud_liquid_rain_accretion`::`CloudLiquidRainAccretion`
│       `cloud_liquid_snow_accretion`::`CloudLiquidSnowAccretion`
│          `cloud_ice_rain_accretion`::`CloudIceRainAccretion`
│          `cloud_ice_snow_accretion`::`CloudIceSnowAccretion`
└               `rain_snow_accretion`::`RainSnowAccretion`
[ Info: Single-process ClimaAtmos run on CUDADevice
[ Info: Using ODE config: `ClimaTimeSteppers.ARS222`
┌ Warning: Removing output/amip_progedmf_1m_land_he16/output_0288/clima_atmos
└ @ ClimaUtilities.OutputPathGenerator ~/.julia/packages/ClimaUtilities/OV0gL/src/OutputPathGenerator.jl:157
┌ Info: Calling weather_model_data_path
└   (start_date = setup.start_date, era5_dir = era5_dir) = (start_date = Dates.DateTime("2010-01-01T00:00:00"), era5_dir = nothing)
[ Info: Overwriting initial conditions with data from file /net/sampo/data1/ClimaArtifacts/artifacts/wxquest_initial_conditions/era5_init_processed_internal_20100101_0000.nc
[ Info: Adjusted surface pressure to account for ERA5/model surface-height differences.
[ Info: Initialized state (42.137 s, 9.86 GiB)
[ Info: Local file not found, loading from ClimaArtifacts (h_elem=16)...
[ Info: Loading from: /net/sampo/data1/ClimaArtifacts/artifacts/ogw_computed_drag_h16/computed_drag_Earth_false_1_16.hdf5
[ Info: Built cache (317.974 s, 43.0 GiB)
[ Info: Assembled callbacks (282.563 ms, 31.2 MiB)
┌ Info: Jacobian algorithm: ManualSparseJacobian(
│   approximate_solve_iters = 2,
└ )
[ Info: Jacobian derivative flags: topography_flag = UseDerivative, diffusion_flag = UseDerivative
[ Info: Built tendency function (3.078 s, 318.85 MiB)
[ Info: Initialized integrator (227.34 s, 22.25 GiB)
[ Info: Added 3 default ClimaAtmos diagnostics
[ Info: Saving accumulated diagnostics to disk with frequency: 1 hour
[ Info: Set up diagnostics (18.757 s, 732.06 MiB)
[ Info: Initialized 3 total diagnostics
┌ Info: Simulation info
│   job_id = "amip_progedmf_1m_land_he16"
└   output_dir = "output/amip_progedmf_1m_land_he16/output_0288/clima_atmos"
[ Info: ClimaCoupler.Interfacer.AMIPMode
┌ Info: PrescribedOcean: using SST file
└   sst_data = "/net/sampo/data1/ClimaArtifacts/artifacts/historical_sst_sic/MODEL.SST.HAD187001-198110.OI198111-202206.nc"
┌ Info: PrescribedIce: using SIC file
└   sic_data = "/net/sampo/data1/ClimaArtifacts/artifacts/historical_sst_sic/MODEL.ICE.HAD187001-198110.OI198111-202206.nc"
┌ Info: PrescribedIce: ISTL1 not in file, using constant initialization
└   file = "/net/sampo/data1/ClimaArtifacts/artifacts/historical_sst_sic/MODEL.ICE.HAD187001-198110.OI198111-202206.nc"
[ Info: Component models initialized: (:atmos_sim, :ice_sim, :land_sim, :ocean_sim)
[ Info: Component model types: ("ClimaAtmosSimulation", "PrescribedIceSimulation", "ClimaLandSimulation", "PrescribedOceanSimulation")
[ Info: Using default coupler diagnostics
┌ Warning: `update_field!` is not extended for the `liquid_precipitation` field of PrescribedIceSimulation: skipping update.
└ @ ClimaCoupler.Interfacer ~/calkit/clima-gpu-profiling/ClimaCoupler.jl-mod/src/Interfacer.jl:375
[ Info: Memory in use: 20.546 GiB
[ Info: warmup step 1 / 3
[ Info: warmup step 2 / 3
[ Info: warmup step 3 / 3
[ Info: phase 'off': L1011 0.02 ms/call over 50 calls, 48 regs
[ Info: phase 'off': L1012 0.04 ms/call over 50 calls, 48 regs
[ Info: phase 'off': L1013 25.92 ms/call over 50 calls, 255 regs
[ Info: phase 'off': L970 3.49 ms/call over 50 calls, 246 regs
[ Info: phase 'off': L990 0.03 ms/call over 50 calls, 48 regs
[ Info: phase 'off': L991 0.05 ms/call over 50 calls, 60 regs
[ Info: phase 'off': L992 0.05 ms/call over 50 calls, 59 regs
[ Info: phase 'off': L993 0.05 ms/call over 50 calls, 60 regs
[ Info: phase 'off': L994 0.05 ms/call over 50 calls, 60 regs
phase off wall: 2766 s (exit 0)

============ phase: guarded (target=12 warps/SM, budget=256 B) ============
start 2026-08-24T22:53:01Z
┌ Warning: CUDA runtime library `libcublasLt.so.13` was loaded from a system path, `/usr/local/cuda/lib64/libcublasLt.so.13`.
│ This may cause errors.
│ 
│ If you're running under a profiler, this situation is expected. Otherwise,
│ ensure that your library path environment variable (e.g., `PATH` on Windows
│ or `LD_LIBRARY_PATH` on Linux) does not include CUDA library paths.
│ 
│ In any other case, please file an issue.
└ @ CUDA ~/.julia/packages/CUDA/Il00B/src/initialization.jl:198
┌ Warning: CUDA runtime library `libnvJitLink.so.13` was loaded from a system path, `/usr/local/cuda/lib64/libnvJitLink.so.13`.
│ This may cause errors.
│ 
│ If you're running under a profiler, this situation is expected. Otherwise,
│ ensure that your library path environment variable (e.g., `PATH` on Windows
│ or `LD_LIBRARY_PATH` on Linux) does not include CUDA library paths.
│ 
│ In any other case, please file an issue.
└ @ CUDA ~/.julia/packages/CUDA/Il00B/src/initialization.jl:198
┌ Warning: CUDA runtime library `libcusparse.so.12` was loaded from a system path, `/usr/local/cuda/lib64/libcusparse.so.12`.
│ This may cause errors.
│ 
│ If you're running under a profiler, this situation is expected. Otherwise,
│ ensure that your library path environment variable (e.g., `PATH` on Windows
│ or `LD_LIBRARY_PATH` on Linux) does not include CUDA library paths.
│ 
│ In any other case, please file an issue.
└ @ CUDA ~/.julia/packages/CUDA/Il00B/src/initialization.jl:198
┌ Info: Launch-bounds study phase
│   label = "guarded"
│   target_warps_per_sm = 12
└   spill_budget_bytes = 256
[ Info: Using Atmos configuration from ClimaCoupler in config/atmos_configs/climaatmos_progedmf_1m.yml
[ Info: Dict{Any, Any}("sleve_eta" => 0.7, "use_coupler_diagnostics" => true, "era5_diurnal_warming" => nothing, "ocean_progress_interval" => "never", "dt" => "30secs", "prognostic_tke" => true, "use_newton_rtol" => false, "netcdf_output_at_levels" => true, "microphysics_model" => "1M", "output_dir_style" => "ActiveLink", "external_forcing" => nothing, "device" => "auto", "t_end" => "1200secs", "c_amd" => 0.29, "scm_surface_type" => "ocean", "y_elem" => 6, "z_stretch" => true, "dt_subcol" => "Inf", "extra_atmos_diagnostics" => Dict{Any, Any}[], "h_elem_coupler" => 32, "edmfx_nh_pressure" => true, "nogw_beres_heating_latent" => false, "era5_initial_condition_dir" => nothing, "cloud_liquid_rain_accretion" => "CloudLiquidRainAccretion", "conservation_softfail" => false, "check_steady_state" => false, "restart_cache" => true, "fixed_terminal_velocity_ice" => true, "update_jacobian_every" => "solve", "test_dycore_consistency" => false, "add_isothermal_boundary_layer" => true, "use_itime" => true, "rad" => "allskywithclear", "share_surface_space" => true, "binary_area_fraction" => true, "seaice_progress_interval" => "never", "cloud_model" => "quadrature", "initial_condition" => "WeatherModel", "krylov_rtol" => 0.1, "eisenstat_walker_forcing_alpha" => 2.0, "dt_cloud_fraction" => "1hours", "surface_setup" => "PrescribedSurface", "cloud_ice_snow_accretion" => "CloudIceSnowAccretion", "update_constrain_state_every" => "step", "jvp_step_adjustment" => 1.0, "microphysics_n_substeps" => 3, "insolation" => "timevarying", "ocean_diagnostic_mode" => "average", "snow_melt" => "SnowMelt", "log_progress" => true, "site_latitude" => 17.0, "h_elem" => 16, "coupler_toml" => ["/home/pbachant/calkit/clima-gpu-profiling/ClimaCoupler.jl-mod/toml/amip_progedmf_1m.toml"], "netcdf_interpolation_num_points" => nothing, "coupler_output_dir" => "output", "z_max" => 60000.0, "diagnostics" => Any[], "edmfx_filter" => true, "debug_jacobian" => false, "job_id" => "amip_progedmf_1m_land_he16", "sst_adjustment" => 0.0, "log_to_file" => false, "orographic_gravity_wave" => "raw_topo", "dt_rad" => "600secs", "simple_ocean" => false, "edmfx_upwinding" => "first_order", "tracer_upwinding" => "vanleer_limiter", "nh_poly" => 3, "edmfx_sgs_diffusive_flux" => true, "y_max" => 300000.0, "non_orographic_gravity_wave" => true, "chemistry_model" => nothing, "print_config_dict" => true, "save_cache" => true, "microphysics_n_substeps_quadrature" => 2, "topography_damping_factor" => 5.0, "cloud_ice_rain_accretion" => "CloudIceRainAccretion", "config" => "sphere", "hyperdiffusion_prandtl_number" => 0.2, "reproducibility_test" => false, "component_dt_dict" => Dict("dt_atmos" => 30.0, "dt_land" => 30.0, "dt_seaice" => 30.0, "dt_ocean" => 30.0), "cloud_liquid_snow_accretion" => "CloudLiquidSnowAccretion", "check_conservation" => false, "rmse_check" => false, "land_spun_up_ic" => false, "cosp_n_subcolumns" => 100, "vertical_water_borrowing_species" => nothing, "auto_jacobian_padding_bands" => nothing, "sgs_distribution" => "gaussian", "implicit_diffusion" => true, "walltime_dt" => nothing, "z_elem" => 63, "snow_autoconversion" => "NoSupersaturation", "ocean_model" => "prescribed", "use_auto_jacobian" => false, "cosp_overlap" => "maximum_random", "disable_surface_flux_tendency" => false, "cfsite_number" => "site23", "dt_ogw" => "1800secs", "turbconv" => "prognostic_edmfx", "x_elem" => 6, "idealized_clouds" => false, "edmfx_mse_q_tot_upwinding" => "first_order", "land_progress_interval" => "never", "check_nan_every" => 1024, "ice_model" => "prescribed", "use_dynamic_krylov_rtol" => false, "fixed_terminal_velocity_rain" => false, "lai_source" => "modis_monthly", "reproducible_restart" => false, "strict_config" => false, "toml" => ["toml/prognostic_edmfx_1M.toml"], "mesh_warp_type" => "SLEVE", "edmfx_detr_model" => "Generalized", "cloud_ice_formation" => "TemperatureDependent", "external_forcing_file" => nothing, "cloud_nn_architecture" => "arch_2layers_8nodes.jld2", "topo_smoothing" => true, "hyperdiff" => "Hyperdiffusion", "output_dir" => nothing, "debug_tendency_diagnostics" => false, "rain_condensation_evaporation" => "RainEvaporation", "nogw_beres_detailed_diagnostics" => false, "constant_horizontal_diffusion" => false, "apply_sem_quasimonotone_limiter" => false, "bubble" => false, "cloud_ice_melt" => "CloudIceMelt", "ode_algo" => "ARS222", "max_newton_iters_ode" => 1, "start_date" => "20100101", "time_varying_trace_gases" => ["CO2", "O3"], "ocean_diagnostic_interval" => "1days", "use_dense_jacobian" => false, "snow_deposition_sublimation" => "DepositionAndSublimation", "detect_restart_file" => false, "prognostic_surface" => "PrescribedSST", "edmfx_vertical_diffusion" => true, "restart_file" => nothing, "nh_poly_coupler" => 2, "unique_seed" => false, "rayleigh_sponge" => true, "nogw_beres_source" => false, "divergence_damping_factor" => 5.0, "edmfx_entr_model" => "Generalized", "edmfx_tracer_upwinding" => "first_order", "energy_check" => false, "land_model" => "integrated", "use_land_diagnostics" => true, "idealized_h2o" => false, "perturb_initstate" => true, "rain_autoconversion" => "Kessler1M", "edmfx_scale_blending" => "SmoothMinimum", "seaice_diagnostic_mode" => "average", "t_start" => "0secs", "land_fraction_source" => "etopo", "dz_bottom" => 30.0, "walltime_debug" => false, "dt_save_state_to_disk" => "30days", "fixed_terminal_velocity_snow" => true, "restart_t" => nothing, "advection_test" => false, "dt_cpl" => "30secs", "checkpoint_dt" => "366days", "topography" => "Earth", "aerosol_radiation" => true, "reference_job_id" => nothing, "vorticity_hyperdiffusion_coefficient" => 0.1857, "viscous_sponge" => true, "strict_params" => true, "config_file" => "ClimaCoupler.jl-mod/config/benchmark_configs/amip_progedmf_1m_land_he16.yml", "ocean_grid" => "one_deg_tripolar", "bucket_initial_condition" => "", "domain_type" => "global", "approximate_linear_solve_iters" => 2, "land_diagnostics_reduction" => "average", "smagorinsky_lilly" => nothing, "rain_snow_accretion" => "RainSnowAccretion", "enable_diagnostics" => true, "tracer_nonnegativity_method" => nothing, "site_longitude" => -149.0, "evolving_ocean" => true, "cloud_liquid_formation" => "CloudLiquidFormation", "prescribe_clouds_in_radiation" => false, "albedo_model" => "CouplerAlbedo", "edmfx_sgs_horizontal_diffusive_flux" => false, "update_cache_every" => "step", "quadrature_order" => 3, "coupler_diagnostics_period" => nothing, "FLOAT_TYPE" => "Float32", "deep_atmosphere" => true, "updraft_number" => 1, "amd_les" => false, "restart_dir" => nothing, "detect_restart_files" => false, "column_latlon" => [0.0, 0.0], "energy_q_tot_upwinding" => "vanleer_limiter", "prescribed_aerosols" => ["CB1", "CB2", "DST01", "DST02", "DST03", "DST04", "DST05", "OC1", "OC2", "SO4", "SSLT01", "SSLT02", "SSLT03", "SSLT04", "SSLT05"], "dt_nogw" => "1800secs", "output_default_diagnostics" => true, "edmfx_sgs_mass_flux" => true, "x_max" => 300000.0, "radiation_reset_rng_seed" => true, "land_diagnostics_period" => "1months", "newton_rtol" => 1.0e-5, "atmos_config_file" => "config/atmos_configs/climaatmos_progedmf_1m.yml", "edmfx_sgsflux_upwinding" => "none", "mode_name" => "amip", "land_temperature_anomaly" => "aquaplanet", "fixed_terminal_velocity_liquid" => true, "use_sgs_quadrature" => true, "bucket_albedo_type" => "map_static", "atmos_progress_interval" => "never", "vert_diff" => nothing, "use_krylov_method" => false, "sleve_s" => 10.0, "implicit_microphysics" => true, "seaice_diagnostic_interval" => "1days", "prescribed_flow" => nothing, "edmfx_horizontal_diffusion" => false, "coupler_diagnostics_reduction" => "average")
[ Info: Setting up single-process ClimaCoupler run on device: CUDADevice.
[ Info: Dict{Any, Any}("sleve_eta" => 0.7, "use_coupler_diagnostics" => true, "era5_diurnal_warming" => nothing, "ocean_progress_interval" => "never", "dt" => "30secs", "prognostic_tke" => true, "use_newton_rtol" => false, "netcdf_output_at_levels" => true, "microphysics_model" => "1M", "output_dir_style" => "ActiveLink", "external_forcing" => nothing, "device" => "auto", "t_end" => "1200secs", "c_amd" => 0.29, "scm_surface_type" => "ocean", "y_elem" => 6, "z_stretch" => true, "dt_subcol" => "Inf", "extra_atmos_diagnostics" => Dict{Any, Any}[], "h_elem_coupler" => 32, "edmfx_nh_pressure" => true, "nogw_beres_heating_latent" => false, "era5_initial_condition_dir" => nothing, "cloud_liquid_rain_accretion" => "CloudLiquidRainAccretion", "conservation_softfail" => false, "check_steady_state" => false, "restart_cache" => true, "fixed_terminal_velocity_ice" => true, "update_jacobian_every" => "solve", "test_dycore_consistency" => false, "add_isothermal_boundary_layer" => true, "use_itime" => true, "rad" => "allskywithclear", "share_surface_space" => true, "binary_area_fraction" => true, "seaice_progress_interval" => "never", "cloud_model" => "quadrature", "initial_condition" => "WeatherModel", "krylov_rtol" => 0.1, "eisenstat_walker_forcing_alpha" => 2.0, "dt_cloud_fraction" => "1hours", "surface_setup" => "PrescribedSurface", "cloud_ice_snow_accretion" => "CloudIceSnowAccretion", "update_constrain_state_every" => "step", "jvp_step_adjustment" => 1.0, "microphysics_n_substeps" => 3, "insolation" => "timevarying", "ocean_diagnostic_mode" => "average", "snow_melt" => "SnowMelt", "log_progress" => true, "site_latitude" => 17.0, "h_elem" => 16, "coupler_toml" => ["/home/pbachant/calkit/clima-gpu-profiling/ClimaCoupler.jl-mod/toml/amip_progedmf_1m.toml"], "netcdf_interpolation_num_points" => nothing, "coupler_output_dir" => "output", "z_max" => 60000.0, "diagnostics" => Any[], "edmfx_filter" => true, "debug_jacobian" => false, "job_id" => "amip_progedmf_1m_land_he16", "sst_adjustment" => 0.0, "log_to_file" => false, "orographic_gravity_wave" => "raw_topo", "dt_rad" => "600secs", "simple_ocean" => false, "edmfx_upwinding" => "first_order", "tracer_upwinding" => "vanleer_limiter", "nh_poly" => 3, "edmfx_sgs_diffusive_flux" => true, "y_max" => 300000.0, "non_orographic_gravity_wave" => true, "chemistry_model" => nothing, "print_config_dict" => true, "save_cache" => true, "microphysics_n_substeps_quadrature" => 2, "topography_damping_factor" => 5.0, "cloud_ice_rain_accretion" => "CloudIceRainAccretion", "config" => "sphere", "hyperdiffusion_prandtl_number" => 0.2, "reproducibility_test" => false, "component_dt_dict" => Dict("dt_atmos" => 30.0, "dt_land" => 30.0, "dt_seaice" => 30.0, "dt_ocean" => 30.0), "cloud_liquid_snow_accretion" => "CloudLiquidSnowAccretion", "check_conservation" => false, "rmse_check" => false, "land_spun_up_ic" => false, "cosp_n_subcolumns" => 100, "vertical_water_borrowing_species" => nothing, "auto_jacobian_padding_bands" => nothing, "sgs_distribution" => "gaussian", "implicit_diffusion" => true, "walltime_dt" => nothing, "z_elem" => 63, "snow_autoconversion" => "NoSupersaturation", "ocean_model" => "prescribed", "use_auto_jacobian" => false, "cosp_overlap" => "maximum_random", "disable_surface_flux_tendency" => false, "cfsite_number" => "site23", "dt_ogw" => "1800secs", "turbconv" => "prognostic_edmfx", "x_elem" => 6, "idealized_clouds" => false, "edmfx_mse_q_tot_upwinding" => "first_order", "land_progress_interval" => "never", "check_nan_every" => 1024, "ice_model" => "prescribed", "use_dynamic_krylov_rtol" => false, "fixed_terminal_velocity_rain" => false, "lai_source" => "modis_monthly", "reproducible_restart" => false, "strict_config" => false, "toml" => ["toml/prognostic_edmfx_1M.toml"], "mesh_warp_type" => "SLEVE", "edmfx_detr_model" => "Generalized", "cloud_ice_formation" => "TemperatureDependent", "external_forcing_file" => nothing, "cloud_nn_architecture" => "arch_2layers_8nodes.jld2", "topo_smoothing" => true, "hyperdiff" => "Hyperdiffusion", "output_dir" => nothing, "debug_tendency_diagnostics" => false, "rain_condensation_evaporation" => "RainEvaporation", "nogw_beres_detailed_diagnostics" => false, "constant_horizontal_diffusion" => false, "apply_sem_quasimonotone_limiter" => false, "bubble" => false, "cloud_ice_melt" => "CloudIceMelt", "ode_algo" => "ARS222", "max_newton_iters_ode" => 1, "start_date" => "20100101", "time_varying_trace_gases" => ["CO2", "O3"], "ocean_diagnostic_interval" => "1days", "use_dense_jacobian" => false, "snow_deposition_sublimation" => "DepositionAndSublimation", "detect_restart_file" => false, "prognostic_surface" => "PrescribedSST", "edmfx_vertical_diffusion" => true, "restart_file" => nothing, "nh_poly_coupler" => 2, "unique_seed" => false, "rayleigh_sponge" => true, "nogw_beres_source" => false, "divergence_damping_factor" => 5.0, "edmfx_entr_model" => "Generalized", "edmfx_tracer_upwinding" => "first_order", "energy_check" => false, "land_model" => "integrated", "use_land_diagnostics" => true, "idealized_h2o" => false, "perturb_initstate" => true, "rain_autoconversion" => "Kessler1M", "edmfx_scale_blending" => "SmoothMinimum", "seaice_diagnostic_mode" => "average", "t_start" => "0secs", "land_fraction_source" => "etopo", "dz_bottom" => 30.0, "walltime_debug" => false, "dt_save_state_to_disk" => "30days", "fixed_terminal_velocity_snow" => true, "restart_t" => nothing, "advection_test" => false, "dt_cpl" => "30secs", "checkpoint_dt" => "366days", "topography" => "Earth", "aerosol_radiation" => true, "reference_job_id" => nothing, "vorticity_hyperdiffusion_coefficient" => 0.1857, "viscous_sponge" => true, "strict_params" => true, "config_file" => "ClimaCoupler.jl-mod/config/benchmark_configs/amip_progedmf_1m_land_he16.yml", "ocean_grid" => "one_deg_tripolar", "bucket_initial_condition" => "", "domain_type" => "global", "approximate_linear_solve_iters" => 2, "land_diagnostics_reduction" => "average", "smagorinsky_lilly" => nothing, "rain_snow_accretion" => "RainSnowAccretion", "enable_diagnostics" => true, "tracer_nonnegativity_method" => nothing, "site_longitude" => -149.0, "evolving_ocean" => true, "cloud_liquid_formation" => "CloudLiquidFormation", "prescribe_clouds_in_radiation" => false, "albedo_model" => "CouplerAlbedo", "edmfx_sgs_horizontal_diffusive_flux" => false, "update_cache_every" => "step", "quadrature_order" => 3, "coupler_diagnostics_period" => nothing, "FLOAT_TYPE" => "Float32", "deep_atmosphere" => true, "updraft_number" => 1, "amd_les" => false, "restart_dir" => nothing, "detect_restart_files" => false, "column_latlon" => [0.0, 0.0], "energy_q_tot_upwinding" => "vanleer_limiter", "prescribed_aerosols" => ["CB1", "CB2", "DST01", "DST02", "DST03", "DST04", "DST05", "OC1", "OC2", "SO4", "SSLT01", "SSLT02", "SSLT03", "SSLT04", "SSLT05"], "dt_nogw" => "1800secs", "output_default_diagnostics" => true, "edmfx_sgs_mass_flux" => true, "x_max" => 300000.0, "radiation_reset_rng_seed" => true, "land_diagnostics_period" => "1months", "newton_rtol" => 1.0e-5, "atmos_config_file" => "config/atmos_configs/climaatmos_progedmf_1m.yml", "edmfx_sgsflux_upwinding" => "none", "mode_name" => "amip", "land_temperature_anomaly" => "aquaplanet", "fixed_terminal_velocity_liquid" => true, "use_sgs_quadrature" => true, "bucket_albedo_type" => "map_static", "atmos_progress_interval" => "never", "vert_diff" => nothing, "use_krylov_method" => false, "sleve_s" => 10.0, "implicit_microphysics" => true, "seaice_diagnostic_interval" => "1days", "prescribed_flow" => nothing, "edmfx_horizontal_diffusion" => false, "coupler_diagnostics_reduction" => "average")
[ Info: Output directories output/amip_progedmf_1m_land_he16/output_0289
[ Info: Coupler artifacts directory output/amip_progedmf_1m_land_he16/artifacts
[ Info: Coupler checkpoint directory output/amip_progedmf_1m_land_he16/checkpoints
[ Info: Random seed set to 1234
[ Info: Starting from t_start 0.0 seconds (2010-01-01T00:00:00) [counter = 0, period = 1 second, epoch = 2010-01-01T00:00:00]
[ Info: Overwriting Atmos parameters from input TOML file(s): ["/home/pbachant/calkit/clima-gpu-profiling/ClimaCoupler.jl-mod/toml/amip_progedmf_1m.toml"]
┌ Warning: The configuration passed to ClimaAtmos contains unused keys: use_coupler_diagnostics, ocean_progress_interval, scm_surface_type, extra_atmos_diagnostics, h_elem_coupler, ocean_diagnostic_interval, conservation_softfail, restart_cache, nh_poly_coupler, use_itime, unique_seed, share_surface_space, binary_area_fraction, seaice_progress_interval, energy_check, use_land_diagnostics, land_model, dt_cloud_fraction, seaice_diagnostic_mode, ocean_diagnostic_mode, land_fraction_source, walltime_debug, coupler_toml, restart_t, coupler_output_dir, dt_cpl, checkpoint_dt, config_file, ocean_grid, sst_adjustment, bucket_initial_condition, domain_type, simple_ocean, edmfx_upwinding, land_diagnostics_reduction, evolving_ocean, save_cache, print_config_dict, coupler_diagnostics_period, component_dt_dict, restart_dir, detect_restart_files, rmse_check, column_latlon, land_spun_up_ic, land_diagnostics_period, walltime_dt, atmos_config_file, ocean_model, mode_name, land_temperature_anomaly, bucket_albedo_type, atmos_progress_interval, land_progress_interval, ice_model, lai_source, seaice_diagnostic_interval, coupler_diagnostics_reduction
└ @ ClimaAtmos ~/calkit/clima-gpu-profiling/ClimaAtmos.jl-mod/src/config/yaml_helper.jl:161
┌ Info: numerics 
│        `energy_q_tot_upwinding`::`Val{:vanleer_limiter}`
│              `tracer_upwinding`::`Val{:vanleer_limiter}`
│     `edmfx_mse_q_tot_upwinding`::`Val{:first_order}`
│       `edmfx_sgsflux_upwinding`::`Val{:none}`
│        `edmfx_tracer_upwinding`::`Val{:first_order}`
│       `test_dycore_consistency`::`Nothing`
│          `reproducible_restart`::`Nothing`
│                       `limiter`::`Nothing`
│                     `diff_mode`::`ClimaAtmos.Implicit`
└                     `hyperdiff`::`ClimaAtmos.Hyperdiffusion{Float32}`
┌ Info: AtmosModel: 
│ 
│                             `water`::`ClimaAtmos.AtmosWater{ClimaAtmos.NonEquilibriumMicrophysics1M, ClimaAtmos.QuadratureCloud, ClimaAtmos.Implicit, Nothing, ClimaAtmos.SGSQuadrature{3, StaticArraysCore.SVector{3, Float32}, StaticArraysCore.SVector{3, Float32}, ClimaAtmos.GaussianSGS, Float32}, ClimaAtmos.FixedTerminalVelocity, ClimaAtmos.FixedTerminalVelocity, ClimaAtmos.DiagnosticTerminalVelocity, ClimaAtmos.FixedTerminalVelocity}`
│                         `scm_setup`::`ClimaAtmos.SCMSetup{Nothing, Nothing, Nothing, Bool, Nothing}`
│                         `radiation`::`ClimaAtmos.AtmosRadiation{ClimaAtmos.RRTMGPInterface.AllSkyRadiationWithClearSkyDiagnostics{ClimaAtmos.InteractiveCloudInRadiation}, ClimaAtmos.TimeVaryingInsolation{Nothing, Nothing, Nothing}}`
│                          `turbconv`::`ClimaAtmos.AtmosTurbconv{ClimaAtmos.EDMFXModel{ClimaAtmos.InvZEntrainment, ClimaAtmos.BuoyancyVelocityDetrainment, Val{true}, Val{true}, Val{false}, Val{true}, Val{true}, Val{false}, Val{true}, ClimaAtmos.SmoothMinimumBlending}, ClimaAtmos.PrognosticEDMFX{1, true, Float32}, Nothing, Nothing, Nothing}`
│                   `prescribed_flow`::`Nothing`
│                      `gravity_wave`::`ClimaAtmos.AtmosGravityWave{ClimaAtmos.NonOrographicGravityWave{Float32, Nothing}, ClimaAtmos.FullOrographicGravityWave{Float32, Val{:raw_topo}, Val{:Earth}}}`
│                `vertical_diffusion`::`Nothing`
│                            `sponge`::`ClimaAtmos.AtmosSponge{ClimaAtmos.ViscousSponge{Float32}, ClimaAtmos.RayleighSponge{Float32}}`
│                           `surface`::`ClimaAtmos.AtmosSurface{Nothing, ClimaAtmos.SurfaceConditions.AnalyticTemperature{typeof(ClimaAtmos.Setups.zonally_symmetric_temperature)}, ClimaAtmos.SurfaceConditions.SurfaceBoundaryOverrides{Nothing, Nothing, Nothing, Nothing, Nothing, Nothing}, ClimaAtmos.CouplerAlbedo}`
│                          `numerics`::`ClimaAtmos.AtmosNumerics{Val{:vanleer_limiter}, Val{:vanleer_limiter}, Val{:first_order}, Val{:none}, Val{:first_order}, Nothing, Nothing, Nothing, ClimaAtmos.Implicit, ClimaAtmos.Hyperdiffusion{Float32}}`
│                         `chemistry`::`ClimaAtmos.AtmosChem{Nothing}`
└                              `cosp`::`Nothing`
┌ Info: Microphysics settings: 
│                        `n_substeps`::`3`
│                   `n_substeps_quad`::`2`
│            `cloud_liquid_formation`::`CloudLiquidFormation`
│               `cloud_ice_formation`::`TemperatureDependent`
│                    `cloud_ice_melt`::`CloudIceMelt`
│               `rain_autoconversion`::`Kessler1M`
│               `snow_autoconversion`::`NoSupersaturation`
│     `rain_condensation_evaporation`::`RainEvaporation`
│       `snow_deposition_sublimation`::`DepositionAndSublimation`
│                         `snow_melt`::`SnowMelt`
│       `cloud_liquid_rain_accretion`::`CloudLiquidRainAccretion`
│       `cloud_liquid_snow_accretion`::`CloudLiquidSnowAccretion`
│          `cloud_ice_rain_accretion`::`CloudIceRainAccretion`
│          `cloud_ice_snow_accretion`::`CloudIceSnowAccretion`
└               `rain_snow_accretion`::`RainSnowAccretion`
[ Info: Single-process ClimaAtmos run on CUDADevice
[ Info: Using ODE config: `ClimaTimeSteppers.ARS222`
┌ Warning: Removing output/amip_progedmf_1m_land_he16/output_0289/clima_atmos
└ @ ClimaUtilities.OutputPathGenerator ~/.julia/packages/ClimaUtilities/OV0gL/src/OutputPathGenerator.jl:157
┌ Info: Calling weather_model_data_path
└   (start_date = setup.start_date, era5_dir = era5_dir) = (start_date = Dates.DateTime("2010-01-01T00:00:00"), era5_dir = nothing)
[ Info: Overwriting initial conditions with data from file /net/sampo/data1/ClimaArtifacts/artifacts/wxquest_initial_conditions/era5_init_processed_internal_20100101_0000.nc
[ Info: Adjusted surface pressure to account for ERA5/model surface-height differences.
[ Info: Initialized state (38.807 s, 9.87 GiB)
[ Info: Local file not found, loading from ClimaArtifacts (h_elem=16)...
[ Info: Loading from: /net/sampo/data1/ClimaArtifacts/artifacts/ogw_computed_drag_h16/computed_drag_Earth_false_1_16.hdf5
[ Info: Built cache (312.125 s, 43.14 GiB)
[ Info: Assembled callbacks (273.31 ms, 31.21 MiB)
┌ Info: Jacobian algorithm: ManualSparseJacobian(
│   approximate_solve_iters = 2,
└ )
[ Info: Jacobian derivative flags: topography_flag = UseDerivative, diffusion_flag = UseDerivative
[ Info: Built tendency function (2.881 s, 318.84 MiB)
[ Info: Initialized integrator (231.954 s, 22.37 GiB)
[ Info: Added 3 default ClimaAtmos diagnostics
[ Info: Saving accumulated diagnostics to disk with frequency: 1 hour
[ Info: Set up diagnostics (18.394 s, 732.16 MiB)
[ Info: Initialized 3 total diagnostics
┌ Info: Simulation info
│   job_id = "amip_progedmf_1m_land_he16"
└   output_dir = "output/amip_progedmf_1m_land_he16/output_0289/clima_atmos"
[ Info: ClimaCoupler.Interfacer.AMIPMode
┌ Info: PrescribedOcean: using SST file
└   sst_data = "/net/sampo/data1/ClimaArtifacts/artifacts/historical_sst_sic/MODEL.SST.HAD187001-198110.OI198111-202206.nc"
┌ Info: PrescribedIce: using SIC file
└   sic_data = "/net/sampo/data1/ClimaArtifacts/artifacts/historical_sst_sic/MODEL.ICE.HAD187001-198110.OI198111-202206.nc"
┌ Info: PrescribedIce: ISTL1 not in file, using constant initialization
└   file = "/net/sampo/data1/ClimaArtifacts/artifacts/historical_sst_sic/MODEL.ICE.HAD187001-198110.OI198111-202206.nc"
[ Info: Component models initialized: (:atmos_sim, :ice_sim, :land_sim, :ocean_sim)
[ Info: Component model types: ("ClimaAtmosSimulation", "PrescribedIceSimulation", "ClimaLandSimulation", "PrescribedOceanSimulation")
[ Info: Using default coupler diagnostics
┌ Warning: `update_field!` is not extended for the `liquid_precipitation` field of PrescribedIceSimulation: skipping update.
└ @ ClimaCoupler.Interfacer ~/calkit/clima-gpu-profiling/ClimaCoupler.jl-mod/src/Interfacer.jl:375
[ Info: Memory in use: 20.894 GiB
[ Info: warmup step 1 / 3
[ Info: warmup step 2 / 3
[ Info: warmup step 3 / 3
[ Info: phase 'guarded': L1011 0.02 ms/call over 50 calls, 48 regs
[ Info: phase 'guarded': L1012 0.04 ms/call over 50 calls, 48 regs
[ Info: phase 'guarded': L1013 25.90 ms/call over 50 calls, 255 regs
[ Info: phase 'guarded': L970 2.72 ms/call over 50 calls, 168 regs
[ Info: phase 'guarded': L990 0.03 ms/call over 50 calls, 48 regs
[ Info: phase 'guarded': L991 0.05 ms/call over 50 calls, 60 regs
[ Info: phase 'guarded': L992 0.05 ms/call over 50 calls, 59 regs
[ Info: phase 'guarded': L993 0.05 ms/call over 50 calls, 60 regs
[ Info: phase 'guarded': L994 0.05 ms/call over 50 calls, 60 regs
phase guarded wall: 2653 s (exit 0)

============ phase: unguarded (target=12 warps/SM, budget=8192 B) ============
start 2026-08-24T23:37:14Z
┌ Warning: CUDA runtime library `libcublasLt.so.13` was loaded from a system path, `/usr/local/cuda/lib64/libcublasLt.so.13`.
│ This may cause errors.
│ 
│ If you're running under a profiler, this situation is expected. Otherwise,
│ ensure that your library path environment variable (e.g., `PATH` on Windows
│ or `LD_LIBRARY_PATH` on Linux) does not include CUDA library paths.
│ 
│ In any other case, please file an issue.
└ @ CUDA ~/.julia/packages/CUDA/Il00B/src/initialization.jl:198
┌ Warning: CUDA runtime library `libnvJitLink.so.13` was loaded from a system path, `/usr/local/cuda/lib64/libnvJitLink.so.13`.
│ This may cause errors.
│ 
│ If you're running under a profiler, this situation is expected. Otherwise,
│ ensure that your library path environment variable (e.g., `PATH` on Windows
│ or `LD_LIBRARY_PATH` on Linux) does not include CUDA library paths.
│ 
│ In any other case, please file an issue.
└ @ CUDA ~/.julia/packages/CUDA/Il00B/src/initialization.jl:198
┌ Warning: CUDA runtime library `libcusparse.so.12` was loaded from a system path, `/usr/local/cuda/lib64/libcusparse.so.12`.
│ This may cause errors.
│ 
│ If you're running under a profiler, this situation is expected. Otherwise,
│ ensure that your library path environment variable (e.g., `PATH` on Windows
│ or `LD_LIBRARY_PATH` on Linux) does not include CUDA library paths.
│ 
│ In any other case, please file an issue.
└ @ CUDA ~/.julia/packages/CUDA/Il00B/src/initialization.jl:198
┌ Info: Launch-bounds study phase
│   label = "unguarded"
│   target_warps_per_sm = 12
└   spill_budget_bytes = 8192
[ Info: Using Atmos configuration from ClimaCoupler in config/atmos_configs/climaatmos_progedmf_1m.yml
[ Info: Dict{Any, Any}("sleve_eta" => 0.7, "use_coupler_diagnostics" => true, "era5_diurnal_warming" => nothing, "ocean_progress_interval" => "never", "dt" => "30secs", "prognostic_tke" => true, "use_newton_rtol" => false, "netcdf_output_at_levels" => true, "microphysics_model" => "1M", "output_dir_style" => "ActiveLink", "external_forcing" => nothing, "device" => "auto", "t_end" => "1200secs", "c_amd" => 0.29, "scm_surface_type" => "ocean", "y_elem" => 6, "z_stretch" => true, "dt_subcol" => "Inf", "extra_atmos_diagnostics" => Dict{Any, Any}[], "h_elem_coupler" => 32, "edmfx_nh_pressure" => true, "nogw_beres_heating_latent" => false, "era5_initial_condition_dir" => nothing, "cloud_liquid_rain_accretion" => "CloudLiquidRainAccretion", "conservation_softfail" => false, "check_steady_state" => false, "restart_cache" => true, "fixed_terminal_velocity_ice" => true, "update_jacobian_every" => "solve", "test_dycore_consistency" => false, "add_isothermal_boundary_layer" => true, "use_itime" => true, "rad" => "allskywithclear", "share_surface_space" => true, "binary_area_fraction" => true, "seaice_progress_interval" => "never", "cloud_model" => "quadrature", "initial_condition" => "WeatherModel", "krylov_rtol" => 0.1, "eisenstat_walker_forcing_alpha" => 2.0, "dt_cloud_fraction" => "1hours", "surface_setup" => "PrescribedSurface", "cloud_ice_snow_accretion" => "CloudIceSnowAccretion", "update_constrain_state_every" => "step", "jvp_step_adjustment" => 1.0, "microphysics_n_substeps" => 3, "insolation" => "timevarying", "ocean_diagnostic_mode" => "average", "snow_melt" => "SnowMelt", "log_progress" => true, "site_latitude" => 17.0, "h_elem" => 16, "coupler_toml" => ["/home/pbachant/calkit/clima-gpu-profiling/ClimaCoupler.jl-mod/toml/amip_progedmf_1m.toml"], "netcdf_interpolation_num_points" => nothing, "coupler_output_dir" => "output", "z_max" => 60000.0, "diagnostics" => Any[], "edmfx_filter" => true, "debug_jacobian" => false, "job_id" => "amip_progedmf_1m_land_he16", "sst_adjustment" => 0.0, "log_to_file" => false, "orographic_gravity_wave" => "raw_topo", "dt_rad" => "600secs", "simple_ocean" => false, "edmfx_upwinding" => "first_order", "tracer_upwinding" => "vanleer_limiter", "nh_poly" => 3, "edmfx_sgs_diffusive_flux" => true, "y_max" => 300000.0, "non_orographic_gravity_wave" => true, "chemistry_model" => nothing, "print_config_dict" => true, "save_cache" => true, "microphysics_n_substeps_quadrature" => 2, "topography_damping_factor" => 5.0, "cloud_ice_rain_accretion" => "CloudIceRainAccretion", "config" => "sphere", "hyperdiffusion_prandtl_number" => 0.2, "reproducibility_test" => false, "component_dt_dict" => Dict("dt_atmos" => 30.0, "dt_land" => 30.0, "dt_seaice" => 30.0, "dt_ocean" => 30.0), "cloud_liquid_snow_accretion" => "CloudLiquidSnowAccretion", "check_conservation" => false, "rmse_check" => false, "land_spun_up_ic" => false, "cosp_n_subcolumns" => 100, "vertical_water_borrowing_species" => nothing, "auto_jacobian_padding_bands" => nothing, "sgs_distribution" => "gaussian", "implicit_diffusion" => true, "walltime_dt" => nothing, "z_elem" => 63, "snow_autoconversion" => "NoSupersaturation", "ocean_model" => "prescribed", "use_auto_jacobian" => false, "cosp_overlap" => "maximum_random", "disable_surface_flux_tendency" => false, "cfsite_number" => "site23", "dt_ogw" => "1800secs", "turbconv" => "prognostic_edmfx", "x_elem" => 6, "idealized_clouds" => false, "edmfx_mse_q_tot_upwinding" => "first_order", "land_progress_interval" => "never", "check_nan_every" => 1024, "ice_model" => "prescribed", "use_dynamic_krylov_rtol" => false, "fixed_terminal_velocity_rain" => false, "lai_source" => "modis_monthly", "reproducible_restart" => false, "strict_config" => false, "toml" => ["toml/prognostic_edmfx_1M.toml"], "mesh_warp_type" => "SLEVE", "edmfx_detr_model" => "Generalized", "cloud_ice_formation" => "TemperatureDependent", "external_forcing_file" => nothing, "cloud_nn_architecture" => "arch_2layers_8nodes.jld2", "topo_smoothing" => true, "hyperdiff" => "Hyperdiffusion", "output_dir" => nothing, "debug_tendency_diagnostics" => false, "rain_condensation_evaporation" => "RainEvaporation", "nogw_beres_detailed_diagnostics" => false, "constant_horizontal_diffusion" => false, "apply_sem_quasimonotone_limiter" => false, "bubble" => false, "cloud_ice_melt" => "CloudIceMelt", "ode_algo" => "ARS222", "max_newton_iters_ode" => 1, "start_date" => "20100101", "time_varying_trace_gases" => ["CO2", "O3"], "ocean_diagnostic_interval" => "1days", "use_dense_jacobian" => false, "snow_deposition_sublimation" => "DepositionAndSublimation", "detect_restart_file" => false, "prognostic_surface" => "PrescribedSST", "edmfx_vertical_diffusion" => true, "restart_file" => nothing, "nh_poly_coupler" => 2, "unique_seed" => false, "rayleigh_sponge" => true, "nogw_beres_source" => false, "divergence_damping_factor" => 5.0, "edmfx_entr_model" => "Generalized", "edmfx_tracer_upwinding" => "first_order", "energy_check" => false, "land_model" => "integrated", "use_land_diagnostics" => true, "idealized_h2o" => false, "perturb_initstate" => true, "rain_autoconversion" => "Kessler1M", "edmfx_scale_blending" => "SmoothMinimum", "seaice_diagnostic_mode" => "average", "t_start" => "0secs", "land_fraction_source" => "etopo", "dz_bottom" => 30.0, "walltime_debug" => false, "dt_save_state_to_disk" => "30days", "fixed_terminal_velocity_snow" => true, "restart_t" => nothing, "advection_test" => false, "dt_cpl" => "30secs", "checkpoint_dt" => "366days", "topography" => "Earth", "aerosol_radiation" => true, "reference_job_id" => nothing, "vorticity_hyperdiffusion_coefficient" => 0.1857, "viscous_sponge" => true, "strict_params" => true, "config_file" => "ClimaCoupler.jl-mod/config/benchmark_configs/amip_progedmf_1m_land_he16.yml", "ocean_grid" => "one_deg_tripolar", "bucket_initial_condition" => "", "domain_type" => "global", "approximate_linear_solve_iters" => 2, "land_diagnostics_reduction" => "average", "smagorinsky_lilly" => nothing, "rain_snow_accretion" => "RainSnowAccretion", "enable_diagnostics" => true, "tracer_nonnegativity_method" => nothing, "site_longitude" => -149.0, "evolving_ocean" => true, "cloud_liquid_formation" => "CloudLiquidFormation", "prescribe_clouds_in_radiation" => false, "albedo_model" => "CouplerAlbedo", "edmfx_sgs_horizontal_diffusive_flux" => false, "update_cache_every" => "step", "quadrature_order" => 3, "coupler_diagnostics_period" => nothing, "FLOAT_TYPE" => "Float32", "deep_atmosphere" => true, "updraft_number" => 1, "amd_les" => false, "restart_dir" => nothing, "detect_restart_files" => false, "column_latlon" => [0.0, 0.0], "energy_q_tot_upwinding" => "vanleer_limiter", "prescribed_aerosols" => ["CB1", "CB2", "DST01", "DST02", "DST03", "DST04", "DST05", "OC1", "OC2", "SO4", "SSLT01", "SSLT02", "SSLT03", "SSLT04", "SSLT05"], "dt_nogw" => "1800secs", "output_default_diagnostics" => true, "edmfx_sgs_mass_flux" => true, "x_max" => 300000.0, "radiation_reset_rng_seed" => true, "land_diagnostics_period" => "1months", "newton_rtol" => 1.0e-5, "atmos_config_file" => "config/atmos_configs/climaatmos_progedmf_1m.yml", "edmfx_sgsflux_upwinding" => "none", "mode_name" => "amip", "land_temperature_anomaly" => "aquaplanet", "fixed_terminal_velocity_liquid" => true, "use_sgs_quadrature" => true, "bucket_albedo_type" => "map_static", "atmos_progress_interval" => "never", "vert_diff" => nothing, "use_krylov_method" => false, "sleve_s" => 10.0, "implicit_microphysics" => true, "seaice_diagnostic_interval" => "1days", "prescribed_flow" => nothing, "edmfx_horizontal_diffusion" => false, "coupler_diagnostics_reduction" => "average")
[ Info: Setting up single-process ClimaCoupler run on device: CUDADevice.
[ Info: Dict{Any, Any}("sleve_eta" => 0.7, "use_coupler_diagnostics" => true, "era5_diurnal_warming" => nothing, "ocean_progress_interval" => "never", "dt" => "30secs", "prognostic_tke" => true, "use_newton_rtol" => false, "netcdf_output_at_levels" => true, "microphysics_model" => "1M", "output_dir_style" => "ActiveLink", "external_forcing" => nothing, "device" => "auto", "t_end" => "1200secs", "c_amd" => 0.29, "scm_surface_type" => "ocean", "y_elem" => 6, "z_stretch" => true, "dt_subcol" => "Inf", "extra_atmos_diagnostics" => Dict{Any, Any}[], "h_elem_coupler" => 32, "edmfx_nh_pressure" => true, "nogw_beres_heating_latent" => false, "era5_initial_condition_dir" => nothing, "cloud_liquid_rain_accretion" => "CloudLiquidRainAccretion", "conservation_softfail" => false, "check_steady_state" => false, "restart_cache" => true, "fixed_terminal_velocity_ice" => true, "update_jacobian_every" => "solve", "test_dycore_consistency" => false, "add_isothermal_boundary_layer" => true, "use_itime" => true, "rad" => "allskywithclear", "share_surface_space" => true, "binary_area_fraction" => true, "seaice_progress_interval" => "never", "cloud_model" => "quadrature", "initial_condition" => "WeatherModel", "krylov_rtol" => 0.1, "eisenstat_walker_forcing_alpha" => 2.0, "dt_cloud_fraction" => "1hours", "surface_setup" => "PrescribedSurface", "cloud_ice_snow_accretion" => "CloudIceSnowAccretion", "update_constrain_state_every" => "step", "jvp_step_adjustment" => 1.0, "microphysics_n_substeps" => 3, "insolation" => "timevarying", "ocean_diagnostic_mode" => "average", "snow_melt" => "SnowMelt", "log_progress" => true, "site_latitude" => 17.0, "h_elem" => 16, "coupler_toml" => ["/home/pbachant/calkit/clima-gpu-profiling/ClimaCoupler.jl-mod/toml/amip_progedmf_1m.toml"], "netcdf_interpolation_num_points" => nothing, "coupler_output_dir" => "output", "z_max" => 60000.0, "diagnostics" => Any[], "edmfx_filter" => true, "debug_jacobian" => false, "job_id" => "amip_progedmf_1m_land_he16", "sst_adjustment" => 0.0, "log_to_file" => false, "orographic_gravity_wave" => "raw_topo", "dt_rad" => "600secs", "simple_ocean" => false, "edmfx_upwinding" => "first_order", "tracer_upwinding" => "vanleer_limiter", "nh_poly" => 3, "edmfx_sgs_diffusive_flux" => true, "y_max" => 300000.0, "non_orographic_gravity_wave" => true, "chemistry_model" => nothing, "print_config_dict" => true, "save_cache" => true, "microphysics_n_substeps_quadrature" => 2, "topography_damping_factor" => 5.0, "cloud_ice_rain_accretion" => "CloudIceRainAccretion", "config" => "sphere", "hyperdiffusion_prandtl_number" => 0.2, "reproducibility_test" => false, "component_dt_dict" => Dict("dt_atmos" => 30.0, "dt_land" => 30.0, "dt_seaice" => 30.0, "dt_ocean" => 30.0), "cloud_liquid_snow_accretion" => "CloudLiquidSnowAccretion", "check_conservation" => false, "rmse_check" => false, "land_spun_up_ic" => false, "cosp_n_subcolumns" => 100, "vertical_water_borrowing_species" => nothing, "auto_jacobian_padding_bands" => nothing, "sgs_distribution" => "gaussian", "implicit_diffusion" => true, "walltime_dt" => nothing, "z_elem" => 63, "snow_autoconversion" => "NoSupersaturation", "ocean_model" => "prescribed", "use_auto_jacobian" => false, "cosp_overlap" => "maximum_random", "disable_surface_flux_tendency" => false, "cfsite_number" => "site23", "dt_ogw" => "1800secs", "turbconv" => "prognostic_edmfx", "x_elem" => 6, "idealized_clouds" => false, "edmfx_mse_q_tot_upwinding" => "first_order", "land_progress_interval" => "never", "check_nan_every" => 1024, "ice_model" => "prescribed", "use_dynamic_krylov_rtol" => false, "fixed_terminal_velocity_rain" => false, "lai_source" => "modis_monthly", "reproducible_restart" => false, "strict_config" => false, "toml" => ["toml/prognostic_edmfx_1M.toml"], "mesh_warp_type" => "SLEVE", "edmfx_detr_model" => "Generalized", "cloud_ice_formation" => "TemperatureDependent", "external_forcing_file" => nothing, "cloud_nn_architecture" => "arch_2layers_8nodes.jld2", "topo_smoothing" => true, "hyperdiff" => "Hyperdiffusion", "output_dir" => nothing, "debug_tendency_diagnostics" => false, "rain_condensation_evaporation" => "RainEvaporation", "nogw_beres_detailed_diagnostics" => false, "constant_horizontal_diffusion" => false, "apply_sem_quasimonotone_limiter" => false, "bubble" => false, "cloud_ice_melt" => "CloudIceMelt", "ode_algo" => "ARS222", "max_newton_iters_ode" => 1, "start_date" => "20100101", "time_varying_trace_gases" => ["CO2", "O3"], "ocean_diagnostic_interval" => "1days", "use_dense_jacobian" => false, "snow_deposition_sublimation" => "DepositionAndSublimation", "detect_restart_file" => false, "prognostic_surface" => "PrescribedSST", "edmfx_vertical_diffusion" => true, "restart_file" => nothing, "nh_poly_coupler" => 2, "unique_seed" => false, "rayleigh_sponge" => true, "nogw_beres_source" => false, "divergence_damping_factor" => 5.0, "edmfx_entr_model" => "Generalized", "edmfx_tracer_upwinding" => "first_order", "energy_check" => false, "land_model" => "integrated", "use_land_diagnostics" => true, "idealized_h2o" => false, "perturb_initstate" => true, "rain_autoconversion" => "Kessler1M", "edmfx_scale_blending" => "SmoothMinimum", "seaice_diagnostic_mode" => "average", "t_start" => "0secs", "land_fraction_source" => "etopo", "dz_bottom" => 30.0, "walltime_debug" => false, "dt_save_state_to_disk" => "30days", "fixed_terminal_velocity_snow" => true, "restart_t" => nothing, "advection_test" => false, "dt_cpl" => "30secs", "checkpoint_dt" => "366days", "topography" => "Earth", "aerosol_radiation" => true, "reference_job_id" => nothing, "vorticity_hyperdiffusion_coefficient" => 0.1857, "viscous_sponge" => true, "strict_params" => true, "config_file" => "ClimaCoupler.jl-mod/config/benchmark_configs/amip_progedmf_1m_land_he16.yml", "ocean_grid" => "one_deg_tripolar", "bucket_initial_condition" => "", "domain_type" => "global", "approximate_linear_solve_iters" => 2, "land_diagnostics_reduction" => "average", "smagorinsky_lilly" => nothing, "rain_snow_accretion" => "RainSnowAccretion", "enable_diagnostics" => true, "tracer_nonnegativity_method" => nothing, "site_longitude" => -149.0, "evolving_ocean" => true, "cloud_liquid_formation" => "CloudLiquidFormation", "prescribe_clouds_in_radiation" => false, "albedo_model" => "CouplerAlbedo", "edmfx_sgs_horizontal_diffusive_flux" => false, "update_cache_every" => "step", "quadrature_order" => 3, "coupler_diagnostics_period" => nothing, "FLOAT_TYPE" => "Float32", "deep_atmosphere" => true, "updraft_number" => 1, "amd_les" => false, "restart_dir" => nothing, "detect_restart_files" => false, "column_latlon" => [0.0, 0.0], "energy_q_tot_upwinding" => "vanleer_limiter", "prescribed_aerosols" => ["CB1", "CB2", "DST01", "DST02", "DST03", "DST04", "DST05", "OC1", "OC2", "SO4", "SSLT01", "SSLT02", "SSLT03", "SSLT04", "SSLT05"], "dt_nogw" => "1800secs", "output_default_diagnostics" => true, "edmfx_sgs_mass_flux" => true, "x_max" => 300000.0, "radiation_reset_rng_seed" => true, "land_diagnostics_period" => "1months", "newton_rtol" => 1.0e-5, "atmos_config_file" => "config/atmos_configs/climaatmos_progedmf_1m.yml", "edmfx_sgsflux_upwinding" => "none", "mode_name" => "amip", "land_temperature_anomaly" => "aquaplanet", "fixed_terminal_velocity_liquid" => true, "use_sgs_quadrature" => true, "bucket_albedo_type" => "map_static", "atmos_progress_interval" => "never", "vert_diff" => nothing, "use_krylov_method" => false, "sleve_s" => 10.0, "implicit_microphysics" => true, "seaice_diagnostic_interval" => "1days", "prescribed_flow" => nothing, "edmfx_horizontal_diffusion" => false, "coupler_diagnostics_reduction" => "average")
[ Info: Output directories output/amip_progedmf_1m_land_he16/output_0290
[ Info: Coupler artifacts directory output/amip_progedmf_1m_land_he16/artifacts
[ Info: Coupler checkpoint directory output/amip_progedmf_1m_land_he16/checkpoints
[ Info: Random seed set to 1234
[ Info: Starting from t_start 0.0 seconds (2010-01-01T00:00:00) [counter = 0, period = 1 second, epoch = 2010-01-01T00:00:00]
[ Info: Overwriting Atmos parameters from input TOML file(s): ["/home/pbachant/calkit/clima-gpu-profiling/ClimaCoupler.jl-mod/toml/amip_progedmf_1m.toml"]
┌ Warning: The configuration passed to ClimaAtmos contains unused keys: use_coupler_diagnostics, ocean_progress_interval, scm_surface_type, extra_atmos_diagnostics, h_elem_coupler, ocean_diagnostic_interval, conservation_softfail, restart_cache, nh_poly_coupler, use_itime, unique_seed, share_surface_space, binary_area_fraction, seaice_progress_interval, energy_check, use_land_diagnostics, land_model, dt_cloud_fraction, seaice_diagnostic_mode, ocean_diagnostic_mode, land_fraction_source, walltime_debug, coupler_toml, restart_t, coupler_output_dir, dt_cpl, checkpoint_dt, config_file, ocean_grid, sst_adjustment, bucket_initial_condition, domain_type, simple_ocean, edmfx_upwinding, land_diagnostics_reduction, evolving_ocean, save_cache, print_config_dict, coupler_diagnostics_period, component_dt_dict, restart_dir, detect_restart_files, rmse_check, column_latlon, land_spun_up_ic, land_diagnostics_period, walltime_dt, atmos_config_file, ocean_model, mode_name, land_temperature_anomaly, bucket_albedo_type, atmos_progress_interval, land_progress_interval, ice_model, lai_source, seaice_diagnostic_interval, coupler_diagnostics_reduction
└ @ ClimaAtmos ~/calkit/clima-gpu-profiling/ClimaAtmos.jl-mod/src/config/yaml_helper.jl:161
┌ Info: numerics 
│        `energy_q_tot_upwinding`::`Val{:vanleer_limiter}`
│              `tracer_upwinding`::`Val{:vanleer_limiter}`
│     `edmfx_mse_q_tot_upwinding`::`Val{:first_order}`
│       `edmfx_sgsflux_upwinding`::`Val{:none}`
│        `edmfx_tracer_upwinding`::`Val{:first_order}`
│       `test_dycore_consistency`::`Nothing`
│          `reproducible_restart`::`Nothing`
│                       `limiter`::`Nothing`
│                     `diff_mode`::`ClimaAtmos.Implicit`
└                     `hyperdiff`::`ClimaAtmos.Hyperdiffusion{Float32}`
┌ Info: AtmosModel: 
│ 
│                             `water`::`ClimaAtmos.AtmosWater{ClimaAtmos.NonEquilibriumMicrophysics1M, ClimaAtmos.QuadratureCloud, ClimaAtmos.Implicit, Nothing, ClimaAtmos.SGSQuadrature{3, StaticArraysCore.SVector{3, Float32}, StaticArraysCore.SVector{3, Float32}, ClimaAtmos.GaussianSGS, Float32}, ClimaAtmos.FixedTerminalVelocity, ClimaAtmos.FixedTerminalVelocity, ClimaAtmos.DiagnosticTerminalVelocity, ClimaAtmos.FixedTerminalVelocity}`
│                         `scm_setup`::`ClimaAtmos.SCMSetup{Nothing, Nothing, Nothing, Bool, Nothing}`
│                         `radiation`::`ClimaAtmos.AtmosRadiation{ClimaAtmos.RRTMGPInterface.AllSkyRadiationWithClearSkyDiagnostics{ClimaAtmos.InteractiveCloudInRadiation}, ClimaAtmos.TimeVaryingInsolation{Nothing, Nothing, Nothing}}`
│                          `turbconv`::`ClimaAtmos.AtmosTurbconv{ClimaAtmos.EDMFXModel{ClimaAtmos.InvZEntrainment, ClimaAtmos.BuoyancyVelocityDetrainment, Val{true}, Val{true}, Val{false}, Val{true}, Val{true}, Val{false}, Val{true}, ClimaAtmos.SmoothMinimumBlending}, ClimaAtmos.PrognosticEDMFX{1, true, Float32}, Nothing, Nothing, Nothing}`
│                   `prescribed_flow`::`Nothing`
│                      `gravity_wave`::`ClimaAtmos.AtmosGravityWave{ClimaAtmos.NonOrographicGravityWave{Float32, Nothing}, ClimaAtmos.FullOrographicGravityWave{Float32, Val{:raw_topo}, Val{:Earth}}}`
│                `vertical_diffusion`::`Nothing`
│                            `sponge`::`ClimaAtmos.AtmosSponge{ClimaAtmos.ViscousSponge{Float32}, ClimaAtmos.RayleighSponge{Float32}}`
│                           `surface`::`ClimaAtmos.AtmosSurface{Nothing, ClimaAtmos.SurfaceConditions.AnalyticTemperature{typeof(ClimaAtmos.Setups.zonally_symmetric_temperature)}, ClimaAtmos.SurfaceConditions.SurfaceBoundaryOverrides{Nothing, Nothing, Nothing, Nothing, Nothing, Nothing}, ClimaAtmos.CouplerAlbedo}`
│                          `numerics`::`ClimaAtmos.AtmosNumerics{Val{:vanleer_limiter}, Val{:vanleer_limiter}, Val{:first_order}, Val{:none}, Val{:first_order}, Nothing, Nothing, Nothing, ClimaAtmos.Implicit, ClimaAtmos.Hyperdiffusion{Float32}}`
│                         `chemistry`::`ClimaAtmos.AtmosChem{Nothing}`
└                              `cosp`::`Nothing`
┌ Info: Microphysics settings: 
│                        `n_substeps`::`3`
│                   `n_substeps_quad`::`2`
│            `cloud_liquid_formation`::`CloudLiquidFormation`
│               `cloud_ice_formation`::`TemperatureDependent`
│                    `cloud_ice_melt`::`CloudIceMelt`
│               `rain_autoconversion`::`Kessler1M`
│               `snow_autoconversion`::`NoSupersaturation`
│     `rain_condensation_evaporation`::`RainEvaporation`
│       `snow_deposition_sublimation`::`DepositionAndSublimation`
│                         `snow_melt`::`SnowMelt`
│       `cloud_liquid_rain_accretion`::`CloudLiquidRainAccretion`
│       `cloud_liquid_snow_accretion`::`CloudLiquidSnowAccretion`
│          `cloud_ice_rain_accretion`::`CloudIceRainAccretion`
│          `cloud_ice_snow_accretion`::`CloudIceSnowAccretion`
└               `rain_snow_accretion`::`RainSnowAccretion`
[ Info: Single-process ClimaAtmos run on CUDADevice
[ Info: Using ODE config: `ClimaTimeSteppers.ARS222`
┌ Warning: Removing output/amip_progedmf_1m_land_he16/output_0290/clima_atmos
└ @ ClimaUtilities.OutputPathGenerator ~/.julia/packages/ClimaUtilities/OV0gL/src/OutputPathGenerator.jl:157
┌ Info: Calling weather_model_data_path
└   (start_date = setup.start_date, era5_dir = era5_dir) = (start_date = Dates.DateTime("2010-01-01T00:00:00"), era5_dir = nothing)
[ Info: Overwriting initial conditions with data from file /net/sampo/data1/ClimaArtifacts/artifacts/wxquest_initial_conditions/era5_init_processed_internal_20100101_0000.nc
[ Info: Adjusted surface pressure to account for ERA5/model surface-height differences.
[ Info: Initialized state (40.749 s, 9.86 GiB)
[ Info: Local file not found, loading from ClimaArtifacts (h_elem=16)...
[ Info: Loading from: /net/sampo/data1/ClimaArtifacts/artifacts/ogw_computed_drag_h16/computed_drag_Earth_false_1_16.hdf5
[ Info: Built cache (317.1 s, 43.14 GiB)
[ Info: Assembled callbacks (290.761 ms, 31.21 MiB)
┌ Info: Jacobian algorithm: ManualSparseJacobian(
│   approximate_solve_iters = 2,
└ )
[ Info: Jacobian derivative flags: topography_flag = UseDerivative, diffusion_flag = UseDerivative
[ Info: Built tendency function (3.145 s, 318.84 MiB)
[ Info: Initialized integrator (236.924 s, 22.37 GiB)
[ Info: Added 3 default ClimaAtmos diagnostics
[ Info: Saving accumulated diagnostics to disk with frequency: 1 hour
[ Info: Set up diagnostics (18.832 s, 732.21 MiB)
[ Info: Initialized 3 total diagnostics
┌ Info: Simulation info
│   job_id = "amip_progedmf_1m_land_he16"
└   output_dir = "output/amip_progedmf_1m_land_he16/output_0290/clima_atmos"
[ Info: ClimaCoupler.Interfacer.AMIPMode
┌ Info: PrescribedOcean: using SST file
└   sst_data = "/net/sampo/data1/ClimaArtifacts/artifacts/historical_sst_sic/MODEL.SST.HAD187001-198110.OI198111-202206.nc"
┌ Info: PrescribedIce: using SIC file
└   sic_data = "/net/sampo/data1/ClimaArtifacts/artifacts/historical_sst_sic/MODEL.ICE.HAD187001-198110.OI198111-202206.nc"
┌ Info: PrescribedIce: ISTL1 not in file, using constant initialization
└   file = "/net/sampo/data1/ClimaArtifacts/artifacts/historical_sst_sic/MODEL.ICE.HAD187001-198110.OI198111-202206.nc"
[ Info: Component models initialized: (:atmos_sim, :ice_sim, :land_sim, :ocean_sim)
[ Info: Component model types: ("ClimaAtmosSimulation", "PrescribedIceSimulation", "ClimaLandSimulation", "PrescribedOceanSimulation")
[ Info: Using default coupler diagnostics
┌ Warning: `update_field!` is not extended for the `liquid_precipitation` field of PrescribedIceSimulation: skipping update.
└ @ ClimaCoupler.Interfacer ~/calkit/clima-gpu-profiling/ClimaCoupler.jl-mod/src/Interfacer.jl:375
[ Info: Memory in use: 21.223 GiB
[ Info: warmup step 1 / 3
[ Info: warmup step 2 / 3
[ Info: warmup step 3 / 3
[ Info: phase 'unguarded': L1011 0.02 ms/call over 50 calls, 48 regs
[ Info: phase 'unguarded': L1012 0.04 ms/call over 50 calls, 48 regs
[ Info: phase 'unguarded': L1013 31.63 ms/call over 50 calls, 168 regs
[ Info: phase 'unguarded': L970 2.72 ms/call over 50 calls, 168 regs
[ Info: phase 'unguarded': L990 0.03 ms/call over 50 calls, 48 regs
[ Info: phase 'unguarded': L991 0.05 ms/call over 50 calls, 60 regs
[ Info: phase 'unguarded': L992 0.05 ms/call over 50 calls, 59 regs
[ Info: phase 'unguarded': L993 0.05 ms/call over 50 calls, 60 regs
[ Info: phase 'unguarded': L994 0.05 ms/call over 50 calls, 60 regs
phase unguarded wall: 2715 s (exit 0)

==================== summary ====================
[guarded]
calls = 50
spill_budget_bytes = 256
target_warps_per_sm = 12

    [[guarded.decisions]]
    applied = false
    bounded_regs = 168
    bounded_warps = 12
    kernel = "#kernel_function#37"
    maxthreads = 0
    spill_growth_bytes = 344
    target_warps = 12
    unbounded_regs = 255
    unbounded_warps = 8
    [[guarded.decisions]]
    applied = false
    bounded_regs = 168
    bounded_warps = 12
    kernel = "#kernel_function#37"
    maxthreads = 0
    spill_growth_bytes = 344
    target_warps = 12
    unbounded_regs = 255
    unbounded_warps = 8
    [[guarded.decisions]]
    applied = false
    bounded_regs = 168
    bounded_warps = 12
    kernel = "#bycolumn_kernel!"
    maxthreads = 0
    spill_growth_bytes = 384
    target_warps = 12
    unbounded_regs = 255
    unbounded_warps = 8
    [[guarded.decisions]]
    applied = false
    bounded_regs = 168
    bounded_warps = 12
    kernel = "#kernel_function#37"
    maxthreads = 0
    spill_growth_bytes = 336
    target_warps = 12
    unbounded_regs = 254
    unbounded_warps = 8
    [[guarded.decisions]]
    applied = true
    bounded_regs = 168
    bounded_warps = 12
    kernel = "#kernel_function#37"
    maxthreads = 384
    spill_growth_bytes = 192
    target_warps = 12
    unbounded_regs = 254
    unbounded_warps = 8
    [[guarded.decisions]]
    applied = true
    bounded_regs = 168
    bounded_warps = 12
    kernel = "#kernel_function#37"
    maxthreads = 384
    spill_growth_bytes = 88
    target_warps = 12
    unbounded_regs = 246
    unbounded_warps = 8
    [[guarded.decisions]]
    applied = true
    bounded_regs = 168
    bounded_warps = 12
    kernel = "#kernel_function#37"
    maxthreads = 384
    spill_growth_bytes = 240
    target_warps = 12
    unbounded_regs = 234
    unbounded_warps = 8
    [[guarded.decisions]]
    applied = true
    bounded_regs = 168
    bounded_warps = 12
    kernel = "#72#73"
    maxthreads = 384
    spill_growth_bytes = 56
    target_warps = 12
    unbounded_regs = 214
    unbounded_warps = 8
    [[guarded.decisions]]
    applied = true
    bounded_regs = 168
    bounded_warps = 12
    kernel = "#kernel_function#37"
    maxthreads = 384
    spill_growth_bytes = 32
    target_warps = 12
    unbounded_regs = 202
    unbounded_warps = 8
    [[guarded.decisions]]
    applied = true
    bounded_regs = 168
    bounded_warps = 12
    kernel = "#kernel_function#37"
    maxthreads = 384
    spill_growth_bytes = 0
    target_warps = 12
    unbounded_regs = 201
    unbounded_warps = 8
    [[guarded.decisions]]
    applied = true
    bounded_regs = 165
    bounded_warps = 12
    kernel = "#kernel_function#37"
    maxthreads = 384
    spill_growth_bytes = 0
    target_warps = 12
    unbounded_regs = 196
    unbounded_warps = 8
    [[guarded.decisions]]
    applied = true
    bounded_regs = 168
    bounded_warps = 12
    kernel = "#kernel_function#37"
    maxthreads = 384
    spill_growth_bytes = 0
    target_warps = 12
    unbounded_regs = 187
    unbounded_warps = 8
    [[guarded.decisions]]
    applied = true
    bounded_regs = 167
    bounded_warps = 12
    kernel = "#kernel_function#37"
    maxthreads = 384
    spill_growth_bytes = 0
    target_warps = 12
    unbounded_regs = 173
    unbounded_warps = 8
    [[guarded.decisions]]
    applied = false
    bounded_regs = 163
    bounded_warps = 12
    kernel = "#kernel_function#37"
    maxthreads = 0
    spill_growth_bytes = 0
    target_warps = 12
    unbounded_regs = 163
    unbounded_warps = 12
    [[guarded.decisions]]
    applied = false
    bounded_regs = 128
    bounded_warps = 16
    kernel = "#bycolumn_kernel!"
    maxthreads = 0
    spill_growth_bytes = 0
    target_warps = 12
    unbounded_regs = 128
    unbounded_warps = 16
    [[guarded.decisions]]
    applied = false
    bounded_regs = 120
    bounded_warps = 16
    kernel = "#kernel_function#37"
    maxthreads = 0
    spill_growth_bytes = 0
    target_warps = 12
    unbounded_regs = 120
    unbounded_warps = 16
    [[guarded.decisions]]
    applied = false
    bounded_regs = 120
    bounded_warps = 16
    kernel = "#kernel_function#37"
    maxthreads = 0
    spill_growth_bytes = 0
    target_warps = 12
    unbounded_regs = 120
    unbounded_warps = 16
    [[guarded.decisions]]
    applied = false
    bounded_regs = 118
    bounded_warps = 16
    kernel = "#kernel_function#37"
    maxthreads = 0
    spill_growth_bytes = 0
    target_warps = 12
    unbounded_regs = 118
    unbounded_warps = 16
    [[guarded.decisions]]
    applied = false
    bounded_regs = 116
    bounded_warps = 16
    kernel = "#kernel_function#37"
    maxthreads = 0
    spill_growth_bytes = 0
    target_warps = 12
    unbounded_regs = 116
    unbounded_warps = 16
    [[guarded.decisions]]
    applied = false
    bounded_regs = 116
    bounded_warps = 16
    kernel = "#kernel_function#37"
    maxthreads = 0
    spill_growth_bytes = 0
    target_warps = 12
    unbounded_regs = 116
    unbounded_warps = 16
    [[guarded.decisions]]
    applied = false
    bounded_regs = 116
    bounded_warps = 16
    kernel = "#kernel_function#37"
    maxthreads = 0
    spill_growth_bytes = 0
    target_warps = 12
    unbounded_regs = 116
    unbounded_warps = 16
    [[guarded.decisions]]
    applied = false
    bounded_regs = 114
    bounded_warps = 16
    kernel = "#kernel_function#37"
    maxthreads = 0
    spill_growth_bytes = 0
    target_warps = 12
    unbounded_regs = 114
    unbounded_warps = 16
    [[guarded.decisions]]
    applied = false
    bounded_regs = 114
    bounded_warps = 16
    kernel = "#kernel_function#37"
    maxthreads = 0
    spill_growth_bytes = 0
    target_warps = 12
    unbounded_regs = 114
    unbounded_warps = 16
    [[guarded.decisions]]
    applied = false
    bounded_regs = 114
    bounded_warps = 16
    kernel = "#kernel_function#37"
    maxthreads = 0
    spill_growth_bytes = 0
    target_warps = 12
    unbounded_regs = 114
    unbounded_warps = 16
    [[guarded.decisions]]
    applied = false
    bounded_regs = 114
    bounded_warps = 16
    kernel = "#kernel_function#37"
    maxthreads = 0
    spill_growth_bytes = 0
    target_warps = 12
    unbounded_regs = 114
    unbounded_warps = 16
    [[guarded.decisions]]
    applied = false
    bounded_regs = 113
    bounded_warps = 16
    kernel = "#kernel_function#37"
    maxthreads = 0
    spill_growth_bytes = 0
    target_warps = 12
    unbounded_regs = 113
    unbounded_warps = 16
    [[guarded.decisions]]
    applied = false
    bounded_regs = 110
    bounded_warps = 16
    kernel = "#kernel_function#37"
    maxthreads = 0
    spill_growth_bytes = 0
    target_warps = 12
    unbounded_regs = 110
    unbounded_warps = 16
    [[guarded.decisions]]
    applied = false
    bounded_regs = 108
    bounded_warps = 16
    kernel = "#kernel_function#37"
    maxthreads = 0
    spill_growth_bytes = 0
    target_warps = 12
    unbounded_regs = 108
    unbounded_warps = 16
    [[guarded.decisions]]
    applied = false
    bounded_regs = 104
    bounded_warps = 16
    kernel = "#kernel_function#37"
    maxthreads = 0
    spill_growth_bytes = 0
    target_warps = 12
    unbounded_regs = 104
    unbounded_warps = 16
    [[guarded.decisions]]
    applied = false
    bounded_regs = 103
    bounded_warps = 16
    kernel = "#kernel_function#37"
    maxthreads = 0
    spill_growth_bytes = 0
    target_warps = 12
    unbounded_regs = 103
    unbounded_warps = 16
    [[guarded.decisions]]
    applied = false
    bounded_regs = 103
    bounded_warps = 16
    kernel = "#kernel_function#37"
    maxthreads = 0
    spill_growth_bytes = 0
    target_warps = 12
    unbounded_regs = 103
    unbounded_warps = 16
    [[guarded.decisions]]
    applied = false
    bounded_regs = 103
    bounded_warps = 16
    kernel = "#kernel_function#37"
    maxthreads = 0
    spill_growth_bytes = 0
    target_warps = 12
    unbounded_regs = 103
    unbounded_warps = 16
    [[guarded.decisions]]
    applied = false
    bounded_regs = 100
    bounded_warps = 16
    kernel = "#kernel_function#37"
    maxthreads = 0
    spill_growth_bytes = 0
    target_warps = 12
    unbounded_regs = 100
    unbounded_warps = 16
    [[guarded.decisions]]
    applied = false
    bounded_regs = 100
    bounded_warps = 16
    kernel = "#kernel_function#37"
    maxthreads = 0
    spill_growth_bytes = 0
    target_warps = 12
    unbounded_regs = 100
    unbounded_warps = 16
    [[guarded.decisions]]
    applied = false
    bounded_regs = 100
    bounded_warps = 16
    kernel = "#kernel_function#37"
    maxthreads = 0
    spill_growth_bytes = 0
    target_warps = 12
    unbounded_regs = 100
    unbounded_warps = 16
    [[guarded.decisions]]
    applied = false
    bounded_regs = 97
    bounded_warps = 16
    kernel = "#kernel_function#37"
    maxthreads = 0
    spill_growth_bytes = 0
    target_warps = 12
    unbounded_regs = 97
    unbounded_warps = 16
    [[guarded.decisions]]
    applied = false
    bounded_regs = 96
    bounded_warps = 20
    kernel = "#kernel_function#37"
    maxthreads = 0
    spill_growth_bytes = 0
    target_warps = 12
    unbounded_regs = 96
    unbounded_warps = 20
    [[guarded.decisions]]
    applied = false
    bounded_regs = 96
    bounded_warps = 20
    kernel = "#kernel_function#37"
    maxthreads = 0
    spill_growth_bytes = 0
    target_warps = 12
    unbounded_regs = 96
    unbounded_warps = 20
    [[guarded.decisions]]
    applied = false
    bounded_regs = 96
    bounded_warps = 20
    kernel = "#kernel_function#37"
    maxthreads = 0
    spill_growth_bytes = 0
    target_warps = 12
    unbounded_regs = 96
    unbounded_warps = 20
    [[guarded.decisions]]
    applied = false
    bounded_regs = 96
    bounded_warps = 20
    kernel = "#kernel_function#37"
    maxthreads = 0
    spill_growth_bytes = 0
    target_warps = 12
    unbounded_regs = 96
    unbounded_warps = 20
    [[guarded.decisions]]
    applied = false
    bounded_regs = 94
    bounded_warps = 20
    kernel = "#kernel_function#37"
    maxthreads = 0
    spill_growth_bytes = 0
    target_warps = 12
    unbounded_regs = 94
    unbounded_warps = 20
    [[guarded.decisions]]
    applied = false
    bounded_regs = 92
    bounded_warps = 20
    kernel = "#kernel_function#37"
    maxthreads = 0
    spill_growth_bytes = 0
    target_warps = 12
    unbounded_regs = 92
    unbounded_warps = 20
    [[guarded.decisions]]
    applied = false
    bounded_regs = 91
    bounded_warps = 20
    kernel = "#kernel_function#37"
    maxthreads = 0
    spill_growth_bytes = 0
    target_warps = 12
    unbounded_regs = 91
    unbounded_warps = 20
    [[guarded.decisions]]
    applied = false
    bounded_regs = 90
    bounded_warps = 20
    kernel = "#kernel_function#37"
    maxthreads = 0
    spill_growth_bytes = 0
    target_warps = 12
    unbounded_regs = 90
    unbounded_warps = 20
    [[guarded.decisions]]
    applied = false
    bounded_regs = 90
    bounded_warps = 20
    kernel = "#kernel_function#37"
    maxthreads = 0
    spill_growth_bytes = 0
    target_warps = 12
    unbounded_regs = 90
    unbounded_warps = 20
    [[guarded.decisions]]
    applied = false
    bounded_regs = 84
    bounded_warps = 20
    kernel = "#kernel_function#37"
    maxthreads = 0
    spill_growth_bytes = 0
    target_warps = 12
    unbounded_regs = 84
    unbounded_warps = 20
    [[guarded.decisions]]
    applied = false
    bounded_regs = 84
    bounded_warps = 20
    kernel = "#kernel_function#37"
    maxthreads = 0
    spill_growth_bytes = 0
    target_warps = 12
    unbounded_regs = 84
    unbounded_warps = 20
    [[guarded.decisions]]
    applied = false
    bounded_regs = 80
    bounded_warps = 24
    kernel = "#kernel_function#37"
    maxthreads = 0
    spill_growth_bytes = 0
    target_warps = 12
    unbounded_regs = 80
    unbounded_warps = 24
    [[guarded.decisions]]
    applied = false
    bounded_regs = 80
    bounded_warps = 24
    kernel = "#kernel_function#37"
    maxthreads = 0
    spill_growth_bytes = 0
    target_warps = 12
    unbounded_regs = 80
    unbounded_warps = 24
    [[guarded.decisions]]
    applied = false
    bounded_regs = 80
    bounded_warps = 24
    kernel = "#bycolumn_kernel!"
    maxthreads = 0
    spill_growth_bytes = 0
    target_warps = 12
    unbounded_regs = 80
    unbounded_warps = 24
    [[guarded.decisions]]
    applied = false
    bounded_regs = 80
    bounded_warps = 24
    kernel = "#kernel_function#37"
    maxthreads = 0
    spill_growth_bytes = 0
    target_warps = 12
    unbounded_regs = 80
    unbounded_warps = 24
    [[guarded.decisions]]
    applied = false
    bounded_regs = 80
    bounded_warps = 24
    kernel = "#kernel_function#37"
    maxthreads = 0
    spill_growth_bytes = 0
    target_warps = 12
    unbounded_regs = 80
    unbounded_warps = 24
    [[guarded.decisions]]
    applied = false
    bounded_regs = 80
    bounded_warps = 24
    kernel = "#kernel_function#37"
    maxthreads = 0
    spill_growth_bytes = 0
    target_warps = 12
    unbounded_regs = 80
    unbounded_warps = 24
    [[guarded.decisions]]
    applied = false
    bounded_regs = 80
    bounded_warps = 24
    kernel = "#kernel_function#37"
    maxthreads = 0
    spill_growth_bytes = 0
    target_warps = 12
    unbounded_regs = 80
    unbounded_warps = 24
    [[guarded.decisions]]
    applied = false
    bounded_regs = 78
    bounded_warps = 24
    kernel = "#kernel_function#37"
    maxthreads = 0
    spill_growth_bytes = 0
    target_warps = 12
    unbounded_regs = 78
    unbounded_warps = 24
    [[guarded.decisions]]
    applied = false
    bounded_regs = 78
    bounded_warps = 24
    kernel = "#kernel_function#37"
    maxthreads = 0
    spill_growth_bytes = 0
    target_warps = 12
    unbounded_regs = 78
    unbounded_warps = 24
    [[guarded.decisions]]
    applied = false
    bounded_regs = 74
    bounded_warps = 24
    kernel = "#kernel_function#37"
    maxthreads = 0
    spill_growth_bytes = 0
    target_warps = 12
    unbounded_regs = 74
    unbounded_warps = 24
    [[guarded.decisions]]
    applied = false
    bounded_regs = 72
    bounded_warps = 28
    kernel = "#kernel_function#37"
    maxthreads = 0
    spill_growth_bytes = 0
    target_warps = 12
    unbounded_regs = 72
    unbounded_warps = 28
    [[guarded.decisions]]
    applied = false
    bounded_regs = 72
    bounded_warps = 28
    kernel = "#kernel_function#37"
    maxthreads = 0
    spill_growth_bytes = 0
    target_warps = 12
    unbounded_regs = 72
    unbounded_warps = 28
    [[guarded.decisions]]
    applied = false
    bounded_regs = 72
    bounded_warps = 28
    kernel = "#kernel_function#37"
    maxthreads = 0
    spill_growth_bytes = 0
    target_warps = 12
    unbounded_regs = 72
    unbounded_warps = 28
    [[guarded.decisions]]
    applied = false
    bounded_regs = 72
    bounded_warps = 28
    kernel = "#kernel_function#37"
    maxthreads = 0
    spill_growth_bytes = 0
    target_warps = 12
    unbounded_regs = 72
    unbounded_warps = 28
    [[guarded.decisions]]
    applied = false
    bounded_regs = 71
    bounded_warps = 28
    kernel = "#kernel_function#37"
    maxthreads = 0
    spill_growth_bytes = 0
    target_warps = 12
    unbounded_regs = 71
    unbounded_warps = 28
    [[guarded.decisions]]
    applied = false
    bounded_regs = 70
    bounded_warps = 28
    kernel = "#kernel_function#37"
    maxthreads = 0
    spill_growth_bytes = 0
    target_warps = 12
    unbounded_regs = 70
    unbounded_warps = 28
    [[guarded.decisions]]
    applied = false
    bounded_regs = 70
    bounded_warps = 28
    kernel = "#kernel_function#37"
    maxthreads = 0
    spill_growth_bytes = 0
    target_warps = 12
    unbounded_regs = 70
    unbounded_warps = 28
    [[guarded.decisions]]
    applied = false
    bounded_regs = 70
    bounded_warps = 28
    kernel = "#kernel_function#37"
    maxthreads = 0
    spill_growth_bytes = 0
    target_warps = 12
    unbounded_regs = 70
    unbounded_warps = 28
    [[guarded.decisions]]
    applied = false
    bounded_regs = 70
    bounded_warps = 28
    kernel = "#kernel_function#37"
    maxthreads = 0
    spill_growth_bytes = 0
    target_warps = 12
    unbounded_regs = 70
    unbounded_warps = 28
    [[guarded.decisions]]
    applied = false
    bounded_regs = 70
    bounded_warps = 28
    kernel = "#kernel_function#37"
    maxthreads = 0
    spill_growth_bytes = 0
    target_warps = 12
    unbounded_regs = 70
    unbounded_warps = 28
    [[guarded.decisions]]
    applied = false
    bounded_regs = 70
    bounded_warps = 28
    kernel = "#kernel_function#37"
    maxthreads = 0
    spill_growth_bytes = 0
    target_warps = 12
    unbounded_regs = 70
    unbounded_warps = 28
    [[guarded.decisions]]
    applied = false
    bounded_regs = 69
    bounded_warps = 28
    kernel = "#kernel_function#37"
    maxthreads = 0
    spill_growth_bytes = 0
    target_warps = 12
    unbounded_regs = 69
    unbounded_warps = 28
    [[guarded.decisions]]
    applied = false
    bounded_regs = 68
    bounded_warps = 28
    kernel = "#kernel_function#37"
    maxthreads = 0
    spill_growth_bytes = 0
    target_warps = 12
    unbounded_regs = 68
    unbounded_warps = 28
    [[guarded.decisions]]
    applied = false
    bounded_regs = 68
    bounded_warps = 28
    kernel = "#kernel_function#37"
    maxthreads = 0
    spill_growth_bytes = 0
    target_warps = 12
    unbounded_regs = 68
    unbounded_warps = 28
    [[guarded.decisions]]
    applied = false
    bounded_regs = 67
    bounded_warps = 28
    kernel = "#kernel_function#37"
    maxthreads = 0
    spill_growth_bytes = 0
    target_warps = 12
    unbounded_regs = 67
    unbounded_warps = 28
    [[guarded.decisions]]
    applied = false
    bounded_regs = 67
    bounded_warps = 28
    kernel = "#kernel_function#37"
    maxthreads = 0
    spill_growth_bytes = 0
    target_warps = 12
    unbounded_regs = 67
    unbounded_warps = 28
    [[guarded.decisions]]
    applied = false
    bounded_regs = 67
    bounded_warps = 28
    kernel = "#kernel_function#37"
    maxthreads = 0
    spill_growth_bytes = 0
    target_warps = 12
    unbounded_regs = 67
    unbounded_warps = 28
    [[guarded.decisions]]
    applied = false
    bounded_regs = 65
    bounded_warps = 28
    kernel = "#kernel_function#37"
    maxthreads = 0
    spill_growth_bytes = 0
    target_warps = 12
    unbounded_regs = 65
    unbounded_warps = 28
    [[guarded.decisions]]
    applied = false
    bounded_regs = 65
    bounded_warps = 28
    kernel = "#kernel_function#37"
    maxthreads = 0
    spill_growth_bytes = 0
    target_warps = 12
    unbounded_regs = 65
    unbounded_warps = 28
    [[guarded.decisions]]
    applied = false
    bounded_regs = 64
    bounded_warps = 32
    kernel = "#kernel_function#37"
    maxthreads = 0
    spill_growth_bytes = 0
    target_warps = 12
    unbounded_regs = 64
    unbounded_warps = 32
    [[guarded.decisions]]
    applied = false
    bounded_regs = 64
    bounded_warps = 32
    kernel = "#kernel_function#37"
    maxthreads = 0
    spill_growth_bytes = 0
    target_warps = 12
    unbounded_regs = 64
    unbounded_warps = 32
    [[guarded.decisions]]
    applied = false
    bounded_regs = 64
    bounded_warps = 32
    kernel = "#kernel_function#37"
    maxthreads = 0
    spill_growth_bytes = 0
    target_warps = 12
    unbounded_regs = 64
    unbounded_warps = 32
    [[guarded.decisions]]
    applied = false
    bounded_regs = 64
    bounded_warps = 32
    kernel = "#kernel_function#37"
    maxthreads = 0
    spill_growth_bytes = 0
    target_warps = 12
    unbounded_regs = 64
    unbounded_warps = 32
    [[guarded.decisions]]
    applied = false
    bounded_regs = 64
    bounded_warps = 32
    kernel = "#kernel_function#37"
    maxthreads = 0
    spill_growth_bytes = 0
    target_warps = 12
    unbounded_regs = 64
    unbounded_warps = 32
    [[guarded.decisions]]
    applied = false
    bounded_regs = 64
    bounded_warps = 32
    kernel = "#kernel_function#37"
    maxthreads = 0
    spill_growth_bytes = 0
    target_warps = 12
    unbounded_regs = 64
    unbounded_warps = 32
    [[guarded.decisions]]
    applied = false
    bounded_regs = 64
    bounded_warps = 32
    kernel = "#kernel_function#37"
    maxthreads = 0
    spill_growth_bytes = 0
    target_warps = 12
    unbounded_regs = 64
    unbounded_warps = 32
    [[guarded.decisions]]
    applied = false
    bounded_regs = 64
    bounded_warps = 32
    kernel = "#kernel_function#37"
    maxthreads = 0
    spill_growth_bytes = 0
    target_warps = 12
    unbounded_regs = 64
    unbounded_warps = 32
    [[guarded.decisions]]
    applied = false
    bounded_regs = 64
    bounded_warps = 32
    kernel = "#kernel_function#37"
    maxthreads = 0
    spill_growth_bytes = 0
    target_warps = 12
    unbounded_regs = 64
    unbounded_warps = 32
    [[guarded.decisions]]
    applied = false
    bounded_regs = 64
    bounded_warps = 32
    kernel = "#kernel_function#37"
    maxthreads = 0
    spill_growth_bytes = 0
    target_warps = 12
    unbounded_regs = 64
    unbounded_warps = 32
    [[guarded.decisions]]
    applied = false
    bounded_regs = 62
    bounded_warps = 32
    kernel = "#kernel_function#37"
    maxthreads = 0
    spill_growth_bytes = 0
    target_warps = 12
    unbounded_regs = 62
    unbounded_warps = 32
    [[guarded.decisions]]
    applied = false
    bounded_regs = 62
    bounded_warps = 32
    kernel = "#kernel_function#37"
    maxthreads = 0
    spill_growth_bytes = 0
    target_warps = 12
    unbounded_regs = 62
    unbounded_warps = 32
    [[guarded.decisions]]
    applied = false
    bounded_regs = 62
    bounded_warps = 32
    kernel = "#kernel_function#37"
    maxthreads = 0
    spill_growth_bytes = 0
    target_warps = 12
    unbounded_regs = 62
    unbounded_warps = 32
    [[guarded.decisions]]
    applied = false
    bounded_regs = 62
    bounded_warps = 32
    kernel = "#kernel_function#37"
    maxthreads = 0
    spill_growth_bytes = 0
    target_warps = 12
    unbounded_regs = 62
    unbounded_warps = 32
    [[guarded.decisions]]
    applied = false
    bounded_regs = 62
    bounded_warps = 32
    kernel = "#kernel_function#37"
    maxthreads = 0
    spill_growth_bytes = 0
    target_warps = 12
    unbounded_regs = 62
    unbounded_warps = 32
    [[guarded.decisions]]
    applied = false
    bounded_regs = 61
    bounded_warps = 32
    kernel = "#kernel_function#37"
    maxthreads = 0
    spill_growth_bytes = 0
    target_warps = 12
    unbounded_regs = 61
    unbounded_warps = 32
    [[guarded.decisions]]
    applied = false
    bounded_regs = 61
    bounded_warps = 32
    kernel = "#72#73"
    maxthreads = 0
    spill_growth_bytes = 0
    target_warps = 12
    unbounded_regs = 61
    unbounded_warps = 32
    [[guarded.decisions]]
    applied = false
    bounded_regs = 60
    bounded_warps = 32
    kernel = "#kernel_function#37"
    maxthreads = 0
    spill_growth_bytes = 0
    target_warps = 12
    unbounded_regs = 60
    unbounded_warps = 32
    [[guarded.decisions]]
    applied = false
    bounded_regs = 60
    bounded_warps = 32
    kernel = "#kernel_function#37"
    maxthreads = 0
    spill_growth_bytes = 0
    target_warps = 12
    unbounded_regs = 60
    unbounded_warps = 32
    [[guarded.decisions]]
    applied = false
    bounded_regs = 60
    bounded_warps = 32
    kernel = "#kernel_function#37"
    maxthreads = 0
    spill_growth_bytes = 0
    target_warps = 12
    unbounded_regs = 60
    unbounded_warps = 32
    [[guarded.decisions]]
    applied = false
    bounded_regs = 60
    bounded_warps = 32
    kernel = "#kernel_function#37"
    maxthreads = 0
    spill_growth_bytes = 0
    target_warps = 12
    unbounded_regs = 60
    unbounded_warps = 32
    [[guarded.decisions]]
    applied = false
    bounded_regs = 60
    bounded_warps = 32
    kernel = "#kernel_function#37"
    maxthreads = 0
    spill_growth_bytes = 0
    target_warps = 12
    unbounded_regs = 60
    unbounded_warps = 32
    [[guarded.decisions]]
    applied = false
    bounded_regs = 60
    bounded_warps = 32
    kernel = "#kernel_function#37"
    maxthreads = 0
    spill_growth_bytes = 0
    target_warps = 12
    unbounded_regs = 60
    unbounded_warps = 32
    [[guarded.decisions]]
    applied = false
    bounded_regs = 59
    bounded_warps = 32
    kernel = "#kernel_function#37"
    maxthreads = 0
    spill_growth_bytes = 0
    target_warps = 12
    unbounded_regs = 59
    unbounded_warps = 32
    [[guarded.decisions]]
    applied = false
    bounded_regs = 59
    bounded_warps = 32
    kernel = "#kernel_function#37"
    maxthreads = 0
    spill_growth_bytes = 0
    target_warps = 12
    unbounded_regs = 59
    unbounded_warps = 32
    [[guarded.decisions]]
    applied = false
    bounded_regs = 59
    bounded_warps = 32
    kernel = "#kernel_function#37"
    maxthreads = 0
    spill_growth_bytes = 0
    target_warps = 12
    unbounded_regs = 59
    unbounded_warps = 32
    [[guarded.decisions]]
    applied = false
    bounded_regs = 58
    bounded_warps = 32
    kernel = "#kernel_function#39"
    maxthreads = 0
    spill_growth_bytes = 0
    target_warps = 12
    unbounded_regs = 58
    unbounded_warps = 32
    [[guarded.decisions]]
    applied = false
    bounded_regs = 56
    bounded_warps = 36
    kernel = "#kernel_function#37"
    maxthreads = 0
    spill_growth_bytes = 0
    target_warps = 12
    unbounded_regs = 56
    unbounded_warps = 36
    [[guarded.decisions]]
    applied = false
    bounded_regs = 56
    bounded_warps = 36
    kernel = "#kernel_function#37"
    maxthreads = 0
    spill_growth_bytes = 0
    target_warps = 12
    unbounded_regs = 56
    unbounded_warps = 36
    [[guarded.decisions]]
    applied = false
    bounded_regs = 56
    bounded_warps = 36
    kernel = "#kernel_function#39"
    maxthreads = 0
    spill_growth_bytes = 0
    target_warps = 12
    unbounded_regs = 56
    unbounded_warps = 36
    [[guarded.decisions]]
    applied = false
    bounded_regs = 56
    bounded_warps = 36
    kernel = "#bycolumn_kernel!"
    maxthreads = 0
    spill_growth_bytes = 0
    target_warps = 12
    unbounded_regs = 56
    unbounded_warps = 36
    [[guarded.decisions]]
    applied = false
    bounded_regs = 56
    bounded_warps = 36
    kernel = "#bycolumn_kernel!"
    maxthreads = 0
    spill_growth_bytes = 0
    target_warps = 12
    unbounded_regs = 56
    unbounded_warps = 36
    [[guarded.decisions]]
    applied = false
    bounded_regs = 56
    bounded_warps = 36
    kernel = "#kernel_function#37"
    maxthreads = 0
    spill_growth_bytes = 0
    target_warps = 12
    unbounded_regs = 56
    unbounded_warps = 36
    [[guarded.decisions]]
    applied = false
    bounded_regs = 56
    bounded_warps = 36
    kernel = "#kernel_function#39"
    maxthreads = 0
    spill_growth_bytes = 0
    target_warps = 12
    unbounded_regs = 56
    unbounded_warps = 36
    [[guarded.decisions]]
    applied = false
    bounded_regs = 56
    bounded_warps = 36
    kernel = "#kernel_function#37"
    maxthreads = 0
    spill_growth_bytes = 0
    target_warps = 12
    unbounded_regs = 56
    unbounded_warps = 36
    [[guarded.decisions]]
    applied = false
    bounded_regs = 56
    bounded_warps = 36
    kernel = "#kernel_function#37"
    maxthreads = 0
    spill_growth_bytes = 0
    target_warps = 12
    unbounded_regs = 56
    unbounded_warps = 36
    [[guarded.decisions]]
    applied = false
    bounded_regs = 56
    bounded_warps = 36
    kernel = "#kernel_function#37"
    maxthreads = 0
    spill_growth_bytes = 0
    target_warps = 12
    unbounded_regs = 56
    unbounded_warps = 36
    [[guarded.decisions]]
    applied = false
    bounded_regs = 56
    bounded_warps = 36
    kernel = "#kernel_function#37"
    maxthreads = 0
    spill_growth_bytes = 0
    target_warps = 12
    unbounded_regs = 56
    unbounded_warps = 36
    [[guarded.decisions]]
    applied = false
    bounded_regs = 56
    bounded_warps = 36
    kernel = "#kernel_function#37"
    maxthreads = 0
    spill_growth_bytes = 0
    target_warps = 12
    unbounded_regs = 56
    unbounded_warps = 36
    [[guarded.decisions]]
    applied = false
    bounded_regs = 55
    bounded_warps = 36
    kernel = "#kernel_function#37"
    maxthreads = 0
    spill_growth_bytes = 0
    target_warps = 12
    unbounded_regs = 55
    unbounded_warps = 36
    [[guarded.decisions]]
    applied = false
    bounded_regs = 55
    bounded_warps = 36
    kernel = "#kernel_function#37"
    maxthreads = 0
    spill_growth_bytes = 0
    target_warps = 12
    unbounded_regs = 55
    unbounded_warps = 36
    [[guarded.decisions]]
    applied = false
    bounded_regs = 55
    bounded_warps = 36
    kernel = "#64#65"
    maxthreads = 0
    spill_growth_bytes = 0
    target_warps = 12
    unbounded_regs = 55
    unbounded_warps = 36
    [[guarded.decisions]]
    applied = false
    bounded_regs = 54
    bounded_warps = 36
    kernel = "#kernel_function#37"
    maxthreads = 0
    spill_growth_bytes = 0
    target_warps = 12
    unbounded_regs = 54
    unbounded_warps = 36
    [[guarded.decisions]]
    applied = false
    bounded_regs = 54
    bounded_warps = 36
    kernel = "#kernel_function#37"
    maxthreads = 0
    spill_growth_bytes = 0
    target_warps = 12
    unbounded_regs = 54
    unbounded_warps = 36
    [[guarded.decisions]]
    applied = false
    bounded_regs = 54
    bounded_warps = 36
    kernel = "#kernel_function#37"
    maxthreads = 0
    spill_growth_bytes = 0
    target_warps = 12
    unbounded_regs = 54
    unbounded_warps = 36
    [[guarded.decisions]]
    applied = false
    bounded_regs = 54
    bounded_warps = 36
    kernel = "#kernel_function#37"
    maxthreads = 0
    spill_growth_bytes = 0
    target_warps = 12
    unbounded_regs = 54
    unbounded_warps = 36
    [[guarded.decisions]]
    applied = false
    bounded_regs = 53
    bounded_warps = 36
    kernel = "#kernel_function#37"
    maxthreads = 0
    spill_growth_bytes = 0
    target_warps = 12
    unbounded_regs = 53
    unbounded_warps = 36
    [[guarded.decisions]]
    applied = false
    bounded_regs = 53
    bounded_warps = 36
    kernel = "#kernel_function#37"
    maxthreads = 0
    spill_growth_bytes = 0
    target_warps = 12
    unbounded_regs = 53
    unbounded_warps = 36
    [[guarded.decisions]]
    applied = false
    bounded_regs = 52
    bounded_warps = 36
    kernel = "#kernel_function#37"
    maxthreads = 0
    spill_growth_bytes = 0
    target_warps = 12
    unbounded_regs = 52
    unbounded_warps = 36
    [[guarded.decisions]]
    applied = false
    bounded_regs = 52
    bounded_warps = 36
    kernel = "#kernel_function#37"
    maxthreads = 0
    spill_growth_bytes = 0
    target_warps = 12
    unbounded_regs = 52
    unbounded_warps = 36
    [[guarded.decisions]]
    applied = false
    bounded_regs = 52
    bounded_warps = 36
    kernel = "#kernel_function#37"
    maxthreads = 0
    spill_growth_bytes = 0
    target_warps = 12
    unbounded_regs = 52
    unbounded_warps = 36
    [[guarded.decisions]]
    applied = false
    bounded_regs = 52
    bounded_warps = 36
    kernel = "#kernel_function#37"
    maxthreads = 0
    spill_growth_bytes = 0
    target_warps = 12
    unbounded_regs = 52
    unbounded_warps = 36
    [[guarded.decisions]]
    applied = false
    bounded_regs = 51
    bounded_warps = 36
    kernel = "#kernel_function#37"
    maxthreads = 0
    spill_growth_bytes = 0
    target_warps = 12
    unbounded_regs = 51
    unbounded_warps = 36
    [[guarded.decisions]]
    applied = false
    bounded_regs = 51
    bounded_warps = 36
    kernel = "#kernel_function#37"
    maxthreads = 0
    spill_growth_bytes = 0
    target_warps = 12
    unbounded_regs = 51
    unbounded_warps = 36
    [[guarded.decisions]]
    applied = false
    bounded_regs = 50
    bounded_warps = 36
    kernel = "#kernel_function#37"
    maxthreads = 0
    spill_growth_bytes = 0
    target_warps = 12
    unbounded_regs = 50
    unbounded_warps = 36
    [[guarded.decisions]]
    applied = false
    bounded_regs = 50
    bounded_warps = 36
    kernel = "#kernel_function#37"
    maxthreads = 0
    spill_growth_bytes = 0
    target_warps = 12
    unbounded_regs = 50
    unbounded_warps = 36
    [[guarded.decisions]]
    applied = false
    bounded_regs = 50
    bounded_warps = 36
    kernel = "#kernel_function#37"
    maxthreads = 0
    spill_growth_bytes = 0
    target_warps = 12
    unbounded_regs = 50
    unbounded_warps = 36
    [[guarded.decisions]]
    applied = false
    bounded_regs = 50
    bounded_warps = 36
    kernel = "#kernel_function#37"
    maxthreads = 0
    spill_growth_bytes = 0
    target_warps = 12
    unbounded_regs = 50
    unbounded_warps = 36
    [[guarded.decisions]]
    applied = false
    bounded_regs = 50
    bounded_warps = 36
    kernel = "#kernel_function#37"
    maxthreads = 0
    spill_growth_bytes = 0
    target_warps = 12
    unbounded_regs = 50
    unbounded_warps = 36
    [[guarded.decisions]]
    applied = false
    bounded_regs = 50
    bounded_warps = 36
    kernel = "#kernel_function#37"
    maxthreads = 0
    spill_growth_bytes = 0
    target_warps = 12
    unbounded_regs = 50
    unbounded_warps = 36
    [[guarded.decisions]]
    applied = false
    bounded_regs = 50
    bounded_warps = 36
    kernel = "#kernel_function#37"
    maxthreads = 0
    spill_growth_bytes = 0
    target_warps = 12
    unbounded_regs = 50
    unbounded_warps = 36
    [[guarded.decisions]]
    applied = false
    bounded_regs = 50
    bounded_warps = 36
    kernel = "#kernel_function#37"
    maxthreads = 0
    spill_growth_bytes = 0
    target_warps = 12
    unbounded_regs = 50
    unbounded_warps = 36
    [[guarded.decisions]]
    applied = false
    bounded_regs = 50
    bounded_warps = 36
    kernel = "#kernel_function#37"
    maxthreads = 0
    spill_growth_bytes = 0
    target_warps = 12
    unbounded_regs = 50
    unbounded_warps = 36
    [[guarded.decisions]]
    applied = false
    bounded_regs = 50
    bounded_warps = 36
    kernel = "#kernel_function#37"
    maxthreads = 0
    spill_growth_bytes = 0
    target_warps = 12
    unbounded_regs = 50
    unbounded_warps = 36
    [[guarded.decisions]]
    applied = false
    bounded_regs = 50
    bounded_warps = 36
    kernel = "#kernel_function#37"
    maxthreads = 0
    spill_growth_bytes = 0
    target_warps = 12
    unbounded_regs = 50
    unbounded_warps = 36
    [[guarded.decisions]]
    applied = false
    bounded_regs = 50
    bounded_warps = 36
    kernel = "#kernel_function#37"
    maxthreads = 0
    spill_growth_bytes = 0
    target_warps = 12
    unbounded_regs = 50
    unbounded_warps = 36
    [[guarded.decisions]]
    applied = false
    bounded_regs = 50
    bounded_warps = 36
    kernel = "#kernel_function#37"
    maxthreads = 0
    spill_growth_bytes = 0
    target_warps = 12
    unbounded_regs = 50
    unbounded_warps = 36
    [[guarded.decisions]]
    applied = false
    bounded_regs = 50
    bounded_warps = 36
    kernel = "#kernel_function#37"
    maxthreads = 0
    spill_growth_bytes = 0
    target_warps = 12
    unbounded_regs = 50
    unbounded_warps = 36
    [[guarded.decisions]]
    applied = false
    bounded_regs = 50
    bounded_warps = 36
    kernel = "#kernel_function#37"
    maxthreads = 0
    spill_growth_bytes = 0
    target_warps = 12
    unbounded_regs = 50
    unbounded_warps = 36
    [[guarded.decisions]]
    applied = false
    bounded_regs = 50
    bounded_warps = 36
    kernel = "#kernel_function#37"
    maxthreads = 0
    spill_growth_bytes = 0
    target_warps = 12
    unbounded_regs = 50
    unbounded_warps = 36
    [[guarded.decisions]]
    applied = false
    bounded_regs = 50
    bounded_warps = 36
    kernel = "#kernel_function#37"
    maxthreads = 0
    spill_growth_bytes = 0
    target_warps = 12
    unbounded_regs = 50
    unbounded_warps = 36
    [[guarded.decisions]]
    applied = false
    bounded_regs = 50
    bounded_warps = 36
    kernel = "#kernel_function#37"
    maxthreads = 0
    spill_growth_bytes = 0
    target_warps = 12
    unbounded_regs = 50
    unbounded_warps = 36
    [[guarded.decisions]]
    applied = false
    bounded_regs = 50
    bounded_warps = 36
    kernel = "#kernel_function#37"
    maxthreads = 0
    spill_growth_bytes = 0
    target_warps = 12
    unbounded_regs = 50
    unbounded_warps = 36
    [[guarded.decisions]]
    applied = false
    bounded_regs = 50
    bounded_warps = 36
    kernel = "#kernel_function#37"
    maxthreads = 0
    spill_growth_bytes = 0
    target_warps = 12
    unbounded_regs = 50
    unbounded_warps = 36
    [[guarded.decisions]]
    applied = false
    bounded_regs = 50
    bounded_warps = 36
    kernel = "#kernel_function#37"
    maxthreads = 0
    spill_growth_bytes = 0
    target_warps = 12
    unbounded_regs = 50
    unbounded_warps = 36
    [[guarded.decisions]]
    applied = false
    bounded_regs = 50
    bounded_warps = 36
    kernel = "#kernel_function#37"
    maxthreads = 0
    spill_growth_bytes = 0
    target_warps = 12
    unbounded_regs = 50
    unbounded_warps = 36
    [[guarded.decisions]]
    applied = false
    bounded_regs = 50
    bounded_warps = 36
    kernel = "#kernel_function#37"
    maxthreads = 0
    spill_growth_bytes = 0
    target_warps = 12
    unbounded_regs = 50
    unbounded_warps = 36
    [[guarded.decisions]]
    applied = false
    bounded_regs = 50
    bounded_warps = 36
    kernel = "#kernel_function#37"
    maxthreads = 0
    spill_growth_bytes = 0
    target_warps = 12
    unbounded_regs = 50
    unbounded_warps = 36
    [[guarded.decisions]]
    applied = false
    bounded_regs = 50
    bounded_warps = 36
    kernel = "#kernel_function#37"
    maxthreads = 0
    spill_growth_bytes = 0
    target_warps = 12
    unbounded_regs = 50
    unbounded_warps = 36
    [[guarded.decisions]]
    applied = false
    bounded_regs = 50
    bounded_warps = 36
    kernel = "#kernel_function#37"
    maxthreads = 0
    spill_growth_bytes = 0
    target_warps = 12
    unbounded_regs = 50
    unbounded_warps = 36
    [[guarded.decisions]]
    applied = false
    bounded_regs = 50
    bounded_warps = 36
    kernel = "#kernel_function#37"
    maxthreads = 0
    spill_growth_bytes = 0
    target_warps = 12
    unbounded_regs = 50
    unbounded_warps = 36
    [[guarded.decisions]]
    applied = false
    bounded_regs = 50
    bounded_warps = 36
    kernel = "#kernel_function#37"
    maxthreads = 0
    spill_growth_bytes = 0
    target_warps = 12
    unbounded_regs = 50
    unbounded_warps = 36
    [[guarded.decisions]]
    applied = false
    bounded_regs = 50
    bounded_warps = 36
    kernel = "#kernel_function#37"
    maxthreads = 0
    spill_growth_bytes = 0
    target_warps = 12
    unbounded_regs = 50
    unbounded_warps = 36
    [[guarded.decisions]]
    applied = false
    bounded_regs = 50
    bounded_warps = 36
    kernel = "#kernel_function#37"
    maxthreads = 0
    spill_growth_bytes = 0
    target_warps = 12
    unbounded_regs = 50
    unbounded_warps = 36
    [[guarded.decisions]]
    applied = false
    bounded_regs = 50
    bounded_warps = 36
    kernel = "#kernel_function#37"
    maxthreads = 0
    spill_growth_bytes = 0
    target_warps = 12
    unbounded_regs = 50
    unbounded_warps = 36
    [[guarded.decisions]]
    applied = false
    bounded_regs = 50
    bounded_warps = 36
    kernel = "#kernel_function#37"
    maxthreads = 0
    spill_growth_bytes = 0
    target_warps = 12
    unbounded_regs = 50
    unbounded_warps = 36
    [[guarded.decisions]]
    applied = false
    bounded_regs = 50
    bounded_warps = 36
    kernel = "#kernel_function#37"
    maxthreads = 0
    spill_growth_bytes = 0
    target_warps = 12
    unbounded_regs = 50
    unbounded_warps = 36
    [[guarded.decisions]]
    applied = false
    bounded_regs = 50
    bounded_warps = 36
    kernel = "#kernel_function#37"
    maxthreads = 0
    spill_growth_bytes = 0
    target_warps = 12
    unbounded_regs = 50
    unbounded_warps = 36
    [[guarded.decisions]]
    applied = false
    bounded_regs = 50
    bounded_warps = 36
    kernel = "#kernel_function#37"
    maxthreads = 0
    spill_growth_bytes = 0
    target_warps = 12
    unbounded_regs = 50
    unbounded_warps = 36
    [[guarded.decisions]]
    applied = false
    bounded_regs = 50
    bounded_warps = 36
    kernel = "#kernel_function#37"
    maxthreads = 0
    spill_growth_bytes = 0
    target_warps = 12
    unbounded_regs = 50
    unbounded_warps = 36
    [[guarded.decisions]]
    applied = false
    bounded_regs = 50
    bounded_warps = 36
    kernel = "#kernel_function#37"
    maxthreads = 0
    spill_growth_bytes = 0
    target_warps = 12
    unbounded_regs = 50
    unbounded_warps = 36
    [[guarded.decisions]]
    applied = false
    bounded_regs = 50
    bounded_warps = 36
    kernel = "#kernel_function#37"
    maxthreads = 0
    spill_growth_bytes = 0
    target_warps = 12
    unbounded_regs = 50
    unbounded_warps = 36
    [[guarded.decisions]]
    applied = false
    bounded_regs = 50
    bounded_warps = 36
    kernel = "#kernel_function#37"
    maxthreads = 0
    spill_growth_bytes = 0
    target_warps = 12
    unbounded_regs = 50
    unbounded_warps = 36
    [[guarded.decisions]]
    applied = false
    bounded_regs = 50
    bounded_warps = 36
    kernel = "#kernel_function#37"
    maxthreads = 0
    spill_growth_bytes = 0
    target_warps = 12
    unbounded_regs = 50
    unbounded_warps = 36
    [[guarded.decisions]]
    applied = false
    bounded_regs = 50
    bounded_warps = 36
    kernel = "#kernel_function#37"
    maxthreads = 0
    spill_growth_bytes = 0
    target_warps = 12
    unbounded_regs = 50
    unbounded_warps = 36
    [[guarded.decisions]]
    applied = false
    bounded_regs = 50
    bounded_warps = 36
    kernel = "#kernel_function#37"
    maxthreads = 0
    spill_growth_bytes = 0
    target_warps = 12
    unbounded_regs = 50
    unbounded_warps = 36
    [[guarded.decisions]]
    applied = false
    bounded_regs = 50
    bounded_warps = 36
    kernel = "#kernel_function#37"
    maxthreads = 0
    spill_growth_bytes = 0
    target_warps = 12
    unbounded_regs = 50
    unbounded_warps = 36
    [[guarded.decisions]]
    applied = false
    bounded_regs = 50
    bounded_warps = 36
    kernel = "#kernel_function#37"
    maxthreads = 0
    spill_growth_bytes = 0
    target_warps = 12
    unbounded_regs = 50
    unbounded_warps = 36
    [[guarded.decisions]]
    applied = false
    bounded_regs = 50
    bounded_warps = 36
    kernel = "#kernel_function#37"
    maxthreads = 0
    spill_growth_bytes = 0
    target_warps = 12
    unbounded_regs = 50
    unbounded_warps = 36
    [[guarded.decisions]]
    applied = false
    bounded_regs = 50
    bounded_warps = 36
    kernel = "#kernel_function#37"
    maxthreads = 0
    spill_growth_bytes = 0
    target_warps = 12
    unbounded_regs = 50
    unbounded_warps = 36
    [[guarded.decisions]]
    applied = false
    bounded_regs = 50
    bounded_warps = 36
    kernel = "#kernel_function#37"
    maxthreads = 0
    spill_growth_bytes = 0
    target_warps = 12
    unbounded_regs = 50
    unbounded_warps = 36
    [[guarded.decisions]]
    applied = false
    bounded_regs = 50
    bounded_warps = 36
    kernel = "#kernel_function#37"
    maxthreads = 0
    spill_growth_bytes = 0
    target_warps = 12
    unbounded_regs = 50
    unbounded_warps = 36
    [[guarded.decisions]]
    applied = false
    bounded_regs = 50
    bounded_warps = 36
    kernel = "#kernel_function#37"
    maxthreads = 0
    spill_growth_bytes = 0
    target_warps = 12
    unbounded_regs = 50
    unbounded_warps = 36
    [[guarded.decisions]]
    applied = false
    bounded_regs = 50
    bounded_warps = 36
    kernel = "#kernel_function#37"
    maxthreads = 0
    spill_growth_bytes = 0
    target_warps = 12
    unbounded_regs = 50
    unbounded_warps = 36
    [[guarded.decisions]]
    applied = false
    bounded_regs = 50
    bounded_warps = 36
    kernel = "#kernel_function#37"
    maxthreads = 0
    spill_growth_bytes = 0
    target_warps = 12
    unbounded_regs = 50
    unbounded_warps = 36
    [[guarded.decisions]]
    applied = false
    bounded_regs = 50
    bounded_warps = 36
    kernel = "#kernel_function#37"
    maxthreads = 0
    spill_growth_bytes = 0
    target_warps = 12
    unbounded_regs = 50
    unbounded_warps = 36
    [[guarded.decisions]]
    applied = false
    bounded_regs = 50
    bounded_warps = 36
    kernel = "#kernel_function#37"
    maxthreads = 0
    spill_growth_bytes = 0
    target_warps = 12
    unbounded_regs = 50
    unbounded_warps = 36
    [[guarded.decisions]]
    applied = false
    bounded_regs = 50
    bounded_warps = 36
    kernel = "#kernel_function#37"
    maxthreads = 0
    spill_growth_bytes = 0
    target_warps = 12
    unbounded_regs = 50
    unbounded_warps = 36
    [[guarded.decisions]]
    applied = false
    bounded_regs = 50
    bounded_warps = 36
    kernel = "#kernel_function#37"
    maxthreads = 0
    spill_growth_bytes = 0
    target_warps = 12
    unbounded_regs = 50
    unbounded_warps = 36
    [[guarded.decisions]]
    applied = false
    bounded_regs = 50
    bounded_warps = 36
    kernel = "#kernel_function#37"
    maxthreads = 0
    spill_growth_bytes = 0
    target_warps = 12
    unbounded_regs = 50
    unbounded_warps = 36
    [[guarded.decisions]]
    applied = false
    bounded_regs = 50
    bounded_warps = 36
    kernel = "#kernel_function#37"
    maxthreads = 0
    spill_growth_bytes = 0
    target_warps = 12
    unbounded_regs = 50
    unbounded_warps = 36
    [[guarded.decisions]]
    applied = false
    bounded_regs = 50
    bounded_warps = 36
    kernel = "#kernel_function#37"
    maxthreads = 0
    spill_growth_bytes = 0
    target_warps = 12
    unbounded_regs = 50
    unbounded_warps = 36
    [[guarded.decisions]]
    applied = false
    bounded_regs = 50
    bounded_warps = 36
    kernel = "#kernel_function#37"
    maxthreads = 0
    spill_growth_bytes = 0
    target_warps = 12
    unbounded_regs = 50
    unbounded_warps = 36
    [[guarded.decisions]]
    applied = false
    bounded_regs = 50
    bounded_warps = 36
    kernel = "#kernel_function#37"
    maxthreads = 0
    spill_growth_bytes = 0
    target_warps = 12
    unbounded_regs = 50
    unbounded_warps = 36
    [[guarded.decisions]]
    applied = false
    bounded_regs = 50
    bounded_warps = 36
    kernel = "#kernel_function#37"
    maxthreads = 0
    spill_growth_bytes = 0
    target_warps = 12
    unbounded_regs = 50
    unbounded_warps = 36
    [[guarded.decisions]]
    applied = false
    bounded_regs = 50
    bounded_warps = 36
    kernel = "#kernel_function#37"
    maxthreads = 0
    spill_growth_bytes = 0
    target_warps = 12
    unbounded_regs = 50
    unbounded_warps = 36
    [[guarded.decisions]]
    applied = false
    bounded_regs = 50
    bounded_warps = 36
    kernel = "#kernel_function#37"
    maxthreads = 0
    spill_growth_bytes = 0
    target_warps = 12
    unbounded_regs = 50
    unbounded_warps = 36
    [[guarded.decisions]]
    applied = false
    bounded_regs = 50
    bounded_warps = 36
    kernel = "#kernel_function#39"
    maxthreads = 0
    spill_growth_bytes = 0
    target_warps = 12
    unbounded_regs = 50
    unbounded_warps = 36
    [[guarded.decisions]]
    applied = false
    bounded_regs = 50
    bounded_warps = 36
    kernel = "#kernel_function#37"
    maxthreads = 0
    spill_growth_bytes = 0
    target_warps = 12
    unbounded_regs = 50
    unbounded_warps = 36
    [[guarded.decisions]]
    applied = false
    bounded_regs = 50
    bounded_warps = 36
    kernel = "#kernel_function#37"
    maxthreads = 0
    spill_growth_bytes = 0
    target_warps = 12
    unbounded_regs = 50
    unbounded_warps = 36
    [[guarded.decisions]]
    applied = false
    bounded_regs = 50
    bounded_warps = 36
    kernel = "#kernel_function#37"
    maxthreads = 0
    spill_growth_bytes = 0
    target_warps = 12
    unbounded_regs = 50
    unbounded_warps = 36
    [[guarded.decisions]]
    applied = false
    bounded_regs = 50
    bounded_warps = 36
    kernel = "#kernel_function#37"
    maxthreads = 0
    spill_growth_bytes = 0
    target_warps = 12
    unbounded_regs = 50
    unbounded_warps = 36
    [[guarded.decisions]]
    applied = false
    bounded_regs = 50
    bounded_warps = 36
    kernel = "#kernel_function#37"
    maxthreads = 0
    spill_growth_bytes = 0
    target_warps = 12
    unbounded_regs = 50
    unbounded_warps = 36
    [[guarded.decisions]]
    applied = false
    bounded_regs = 50
    bounded_warps = 36
    kernel = "#kernel_function#37"
    maxthreads = 0
    spill_growth_bytes = 0
    target_warps = 12
    unbounded_regs = 50
    unbounded_warps = 36
    [[guarded.decisions]]
    applied = false
    bounded_regs = 50
    bounded_warps = 36
    kernel = "#kernel_function#37"
    maxthreads = 0
    spill_growth_bytes = 0
    target_warps = 12
    unbounded_regs = 50
    unbounded_warps = 36
    [[guarded.decisions]]
    applied = false
    bounded_regs = 50
    bounded_warps = 36
    kernel = "#kernel_function#37"
    maxthreads = 0
    spill_growth_bytes = 0
    target_warps = 12
    unbounded_regs = 50
    unbounded_warps = 36
    [[guarded.decisions]]
    applied = false
    bounded_regs = 50
    bounded_warps = 36
    kernel = "#kernel_function#37"
    maxthreads = 0
    spill_growth_bytes = 0
    target_warps = 12
    unbounded_regs = 50
    unbounded_warps = 36
    [[guarded.decisions]]
    applied = false
    bounded_regs = 50
    bounded_warps = 36
    kernel = "#kernel_function#37"
    maxthreads = 0
    spill_growth_bytes = 0
    target_warps = 12
    unbounded_regs = 50
    unbounded_warps = 36
    [[guarded.decisions]]
    applied = false
    bounded_regs = 50
    bounded_warps = 36
    kernel = "#kernel_function#37"
    maxthreads = 0
    spill_growth_bytes = 0
    target_warps = 12
    unbounded_regs = 50
    unbounded_warps = 36
    [[guarded.decisions]]
    applied = false
    bounded_regs = 50
    bounded_warps = 36
    kernel = "#kernel_function#37"
    maxthreads = 0
    spill_growth_bytes = 0
    target_warps = 12
    unbounded_regs = 50
    unbounded_warps = 36
    [[guarded.decisions]]
    applied = false
    bounded_regs = 50
    bounded_warps = 36
    kernel = "#kernel_function#37"
    maxthreads = 0
    spill_growth_bytes = 0
    target_warps = 12
    unbounded_regs = 50
    unbounded_warps = 36
    [[guarded.decisions]]
    applied = false
    bounded_regs = 50
    bounded_warps = 36
    kernel = "#kernel_function#37"
    maxthreads = 0
    spill_growth_bytes = 0
    target_warps = 12
    unbounded_regs = 50
    unbounded_warps = 36
    [[guarded.decisions]]
    applied = false
    bounded_regs = 50
    bounded_warps = 36
    kernel = "#kernel_function#37"
    maxthreads = 0
    spill_growth_bytes = 0
    target_warps = 12
    unbounded_regs = 50
    unbounded_warps = 36
    [[guarded.decisions]]
    applied = false
    bounded_regs = 50
    bounded_warps = 36
    kernel = "#kernel_function#37"
    maxthreads = 0
    spill_growth_bytes = 0
    target_warps = 12
    unbounded_regs = 50
    unbounded_warps = 36
    [[guarded.decisions]]
    applied = false
    bounded_regs = 50
    bounded_warps = 36
    kernel = "#kernel_function#37"
    maxthreads = 0
    spill_growth_bytes = 0
    target_warps = 12
    unbounded_regs = 50
    unbounded_warps = 36
    [[guarded.decisions]]
    applied = false
    bounded_regs = 50
    bounded_warps = 36
    kernel = "#kernel_function#37"
    maxthreads = 0
    spill_growth_bytes = 0
    target_warps = 12
    unbounded_regs = 50
    unbounded_warps = 36
    [[guarded.decisions]]
    applied = false
    bounded_regs = 50
    bounded_warps = 36
    kernel = "#kernel_function#37"
    maxthreads = 0
    spill_growth_bytes = 0
    target_warps = 12
    unbounded_regs = 50
    unbounded_warps = 36
    [[guarded.decisions]]
    applied = false
    bounded_regs = 50
    bounded_warps = 36
    kernel = "#kernel_function#37"
    maxthreads = 0
    spill_growth_bytes = 0
    target_warps = 12
    unbounded_regs = 50
    unbounded_warps = 36
    [[guarded.decisions]]
    applied = false
    bounded_regs = 50
    bounded_warps = 36
    kernel = "#kernel_function#37"
    maxthreads = 0
    spill_growth_bytes = 0
    target_warps = 12
    unbounded_regs = 50
    unbounded_warps = 36
    [[guarded.decisions]]
    applied = false
    bounded_regs = 50
    bounded_warps = 36
    kernel = "#kernel_function#37"
    maxthreads = 0
    spill_growth_bytes = 0
    target_warps = 12
    unbounded_regs = 50
    unbounded_warps = 36
    [[guarded.decisions]]
    applied = false
    bounded_regs = 50
    bounded_warps = 36
    kernel = "#kernel_function#37"
    maxthreads = 0
    spill_growth_bytes = 0
    target_warps = 12
    unbounded_regs = 50
    unbounded_warps = 36
    [[guarded.decisions]]
    applied = false
    bounded_regs = 50
    bounded_warps = 36
    kernel = "#kernel_function#37"
    maxthreads = 0
    spill_growth_bytes = 0
    target_warps = 12
    unbounded_regs = 50
    unbounded_warps = 36
    [[guarded.decisions]]
    applied = false
    bounded_regs = 50
    bounded_warps = 36
    kernel = "#kernel_function#37"
    maxthreads = 0
    spill_growth_bytes = 0
    target_warps = 12
    unbounded_regs = 50
    unbounded_warps = 36
    [[guarded.decisions]]
    applied = false
    bounded_regs = 50
    bounded_warps = 36
    kernel = "#kernel_function#37"
    maxthreads = 0
    spill_growth_bytes = 0
    target_warps = 12
    unbounded_regs = 50
    unbounded_warps = 36
    [[guarded.decisions]]
    applied = false
    bounded_regs = 50
    bounded_warps = 36
    kernel = "#kernel_function#37"
    maxthreads = 0
    spill_growth_bytes = 0
    target_warps = 12
    unbounded_regs = 50
    unbounded_warps = 36
    [[guarded.decisions]]
    applied = false
    bounded_regs = 50
    bounded_warps = 36
    kernel = "#kernel_function#37"
    maxthreads = 0
    spill_growth_bytes = 0
    target_warps = 12
    unbounded_regs = 50
    unbounded_warps = 36
    [[guarded.decisions]]
    applied = false
    bounded_regs = 50
    bounded_warps = 36
    kernel = "#kernel_function#37"
    maxthreads = 0
    spill_growth_bytes = 0
    target_warps = 12
    unbounded_regs = 50
    unbounded_warps = 36
    [[guarded.decisions]]
    applied = false
    bounded_regs = 50
    bounded_warps = 36
    kernel = "#kernel_function#37"
    maxthreads = 0
    spill_growth_bytes = 0
    target_warps = 12
    unbounded_regs = 50
    unbounded_warps = 36
    [[guarded.decisions]]
    applied = false
    bounded_regs = 50
    bounded_warps = 36
    kernel = "#kernel_function#37"
    maxthreads = 0
    spill_growth_bytes = 0
    target_warps = 12
    unbounded_regs = 50
    unbounded_warps = 36
    [[guarded.decisions]]
    applied = false
    bounded_regs = 50
    bounded_warps = 36
    kernel = "#kernel_function#37"
    maxthreads = 0
    spill_growth_bytes = 0
    target_warps = 12
    unbounded_regs = 50
    unbounded_warps = 36
    [[guarded.decisions]]
    applied = false
    bounded_regs = 50
    bounded_warps = 36
    kernel = "#kernel_function#37"
    maxthreads = 0
    spill_growth_bytes = 0
    target_warps = 12
    unbounded_regs = 50
    unbounded_warps = 36
    [[guarded.decisions]]
    applied = false
    bounded_regs = 50
    bounded_warps = 36
    kernel = "#kernel_function#37"
    maxthreads = 0
    spill_growth_bytes = 0
    target_warps = 12
    unbounded_regs = 50
    unbounded_warps = 36
    [[guarded.decisions]]
    applied = false
    bounded_regs = 50
    bounded_warps = 36
    kernel = "#kernel_function#39"
    maxthreads = 0
    spill_growth_bytes = 0
    target_warps = 12
    unbounded_regs = 50
    unbounded_warps = 36
    [[guarded.decisions]]
    applied = false
    bounded_regs = 50
    bounded_warps = 36
    kernel = "#kernel_function#37"
    maxthreads = 0
    spill_growth_bytes = 0
    target_warps = 12
    unbounded_regs = 50
    unbounded_warps = 36
    [[guarded.decisions]]
    applied = false
    bounded_regs = 49
    bounded_warps = 36
    kernel = "#kernel_function#37"
    maxthreads = 0
    spill_growth_bytes = 0
    target_warps = 12
    unbounded_regs = 49
    unbounded_warps = 36
    [[guarded.decisions]]
    applied = false
    bounded_regs = 49
    bounded_warps = 36
    kernel = "#kernel_function#37"
    maxthreads = 0
    spill_growth_bytes = 0
    target_warps = 12
    unbounded_regs = 49
    unbounded_warps = 36
    [[guarded.decisions]]
    applied = false
    bounded_regs = 48
    bounded_warps = 40
    kernel = "#bycolumn_kernel!"
    maxthreads = 0
    spill_growth_bytes = 0
    target_warps = 12
    unbounded_regs = 48
    unbounded_warps = 40
    [[guarded.decisions]]
    applied = false
    bounded_regs = 48
    bounded_warps = 40
    kernel = "#kernel_function#37"
    maxthreads = 0
    spill_growth_bytes = 0
    target_warps = 12
    unbounded_regs = 48
    unbounded_warps = 40
    [[guarded.decisions]]
    applied = false
    bounded_regs = 48
    bounded_warps = 40
    kernel = "#kernel_function#37"
    maxthreads = 0
    spill_growth_bytes = 0
    target_warps = 12
    unbounded_regs = 48
    unbounded_warps = 40
    [[guarded.decisions]]
    applied = false
    bounded_regs = 48
    bounded_warps = 40
    kernel = "#kernel_function#37"
    maxthreads = 0
    spill_growth_bytes = 0
    target_warps = 12
    unbounded_regs = 48
    unbounded_warps = 40
    [[guarded.decisions]]
    applied = false
    bounded_regs = 48
    bounded_warps = 40
    kernel = "#kernel_function#37"
    maxthreads = 0
    spill_growth_bytes = 0
    target_warps = 12
    unbounded_regs = 48
    unbounded_warps = 40
    [[guarded.decisions]]
    applied = false
    bounded_regs = 48
    bounded_warps = 40
    kernel = "#kernel_function#37"
    maxthreads = 0
    spill_growth_bytes = 0
    target_warps = 12
    unbounded_regs = 48
    unbounded_warps = 40
    [[guarded.decisions]]
    applied = false
    bounded_regs = 48
    bounded_warps = 40
    kernel = "#kernel_function#37"
    maxthreads = 0
    spill_growth_bytes = 0
    target_warps = 12
    unbounded_regs = 48
    unbounded_warps = 40
    [[guarded.decisions]]
    applied = false
    bounded_regs = 48
    bounded_warps = 40
    kernel = "#kernel_function#37"
    maxthreads = 0
    spill_growth_bytes = 0
    target_warps = 12
    unbounded_regs = 48
    unbounded_warps = 40
    [[guarded.decisions]]
    applied = false
    bounded_regs = 48
    bounded_warps = 40
    kernel = "#72#73"
    maxthreads = 0
    spill_growth_bytes = 0
    target_warps = 12
    unbounded_regs = 48
    unbounded_warps = 40
    [[guarded.decisions]]
    applied = false
    bounded_regs = 48
    bounded_warps = 40
    kernel = "#kernel_function#37"
    maxthreads = 0
    spill_growth_bytes = 0
    target_warps = 12
    unbounded_regs = 48
    unbounded_warps = 40
    [[guarded.decisions]]
    applied = false
    bounded_regs = 48
    bounded_warps = 40
    kernel = "#kernel_function#37"
    maxthreads = 0
    spill_growth_bytes = 0
    target_warps = 12
    unbounded_regs = 48
    unbounded_warps = 40
    [[guarded.decisions]]
    applied = false
    bounded_regs = 48
    bounded_warps = 40
    kernel = "#kernel_function#37"
    maxthreads = 0
    spill_growth_bytes = 0
    target_warps = 12
    unbounded_regs = 48
    unbounded_warps = 40
    [[guarded.decisions]]
    applied = false
    bounded_regs = 48
    bounded_warps = 40
    kernel = "#kernel_function#37"
    maxthreads = 0
    spill_growth_bytes = 0
    target_warps = 12
    unbounded_regs = 48
    unbounded_warps = 40
    [[guarded.decisions]]
    applied = false
    bounded_regs = 48
    bounded_warps = 40
    kernel = "#kernel_function#37"
    maxthreads = 0
    spill_growth_bytes = 0
    target_warps = 12
    unbounded_regs = 48
    unbounded_warps = 40
    [[guarded.decisions]]
    applied = false
    bounded_regs = 48
    bounded_warps = 40
    kernel = "#kernel_function#37"
    maxthreads = 0
    spill_growth_bytes = 0
    target_warps = 12
    unbounded_regs = 48
    unbounded_warps = 40
    [[guarded.decisions]]
    applied = false
    bounded_regs = 48
    bounded_warps = 40
    kernel = "#kernel_function#37"
    maxthreads = 0
    spill_growth_bytes = 0
    target_warps = 12
    unbounded_regs = 48
    unbounded_warps = 40
    [[guarded.decisions]]
    applied = false
    bounded_regs = 48
    bounded_warps = 40
    kernel = "#kernel_function#37"
    maxthreads = 0
    spill_growth_bytes = 0
    target_warps = 12
    unbounded_regs = 48
    unbounded_warps = 40
    [[guarded.decisions]]
    applied = false
    bounded_regs = 48
    bounded_warps = 40
    kernel = "#kernel_function#37"
    maxthreads = 0
    spill_growth_bytes = 0
    target_warps = 12
    unbounded_regs = 48
    unbounded_warps = 40
    [[guarded.decisions]]
    applied = false
    bounded_regs = 48
    bounded_warps = 40
    kernel = "#kernel_function#37"
    maxthreads = 0
    spill_growth_bytes = 0
    target_warps = 12
    unbounded_regs = 48
    unbounded_warps = 40
    [[guarded.decisions]]
    applied = false
    bounded_regs = 48
    bounded_warps = 40
    kernel = "#kernel_function#37"
    maxthreads = 0
    spill_growth_bytes = 0
    target_warps = 12
    unbounded_regs = 48
    unbounded_warps = 40
    [[guarded.decisions]]
    applied = false
    bounded_regs = 48
    bounded_warps = 40
    kernel = "#kernel_function#37"
    maxthreads = 0
    spill_growth_bytes = 0
    target_warps = 12
    unbounded_regs = 48
    unbounded_warps = 40
    [[guarded.decisions]]
    applied = false
    bounded_regs = 48
    bounded_warps = 40
    kernel = "#kernel_function#37"
    maxthreads = 0
    spill_growth_bytes = 0
    target_warps = 12
    unbounded_regs = 48
    unbounded_warps = 40
    [[guarded.decisions]]
    applied = false
    bounded_regs = 48
    bounded_warps = 40
    kernel = "#kernel_function#37"
    maxthreads = 0
    spill_growth_bytes = 0
    target_warps = 12
    unbounded_regs = 48
    unbounded_warps = 40
    [[guarded.decisions]]
    applied = false
    bounded_regs = 48
    bounded_warps = 40
    kernel = "#kernel_function#37"
    maxthreads = 0
    spill_growth_bytes = 0
    target_warps = 12
    unbounded_regs = 48
    unbounded_warps = 40
    [[guarded.decisions]]
    applied = false
    bounded_regs = 48
    bounded_warps = 40
    kernel = "#kernel_function#37"
    maxthreads = 0
    spill_growth_bytes = 0
    target_warps = 12
    unbounded_regs = 48
    unbounded_warps = 40
    [[guarded.decisions]]
    applied = false
    bounded_regs = 48
    bounded_warps = 40
    kernel = "#kernel_function#37"
    maxthreads = 0
    spill_growth_bytes = 0
    target_warps = 12
    unbounded_regs = 48
    unbounded_warps = 40
    [[guarded.decisions]]
    applied = false
    bounded_regs = 48
    bounded_warps = 40
    kernel = "#kernel_function#37"
    maxthreads = 0
    spill_growth_bytes = 0
    target_warps = 12
    unbounded_regs = 48
    unbounded_warps = 40
    [[guarded.decisions]]
    applied = false
    bounded_regs = 48
    bounded_warps = 40
    kernel = "#kernel_function#37"
    maxthreads = 0
    spill_growth_bytes = 0
    target_warps = 12
    unbounded_regs = 48
    unbounded_warps = 40
    [[guarded.decisions]]
    applied = false
    bounded_regs = 48
    bounded_warps = 40
    kernel = "#kernel_function#37"
    maxthreads = 0
    spill_growth_bytes = 0
    target_warps = 12
    unbounded_regs = 48
    unbounded_warps = 40
    [[guarded.decisions]]
    applied = false
    bounded_regs = 48
    bounded_warps = 40
    kernel = "#kernel_function#37"
    maxthreads = 0
    spill_growth_bytes = 0
    target_warps = 12
    unbounded_regs = 48
    unbounded_warps = 40
    [[guarded.decisions]]
    applied = false
    bounded_regs = 48
    bounded_warps = 40
    kernel = "#kernel_function#37"
    maxthreads = 0
    spill_growth_bytes = 0
    target_warps = 12
    unbounded_regs = 48
    unbounded_warps = 40
    [[guarded.decisions]]
    applied = false
    bounded_regs = 48
    bounded_warps = 40
    kernel = "#kernel_function#37"
    maxthreads = 0
    spill_growth_bytes = 0
    target_warps = 12
    unbounded_regs = 48
    unbounded_warps = 40
    [[guarded.decisions]]
    applied = false
    bounded_regs = 48
    bounded_warps = 40
    kernel = "#kernel_function#37"
    maxthreads = 0
    spill_growth_bytes = 0
    target_warps = 12
    unbounded_regs = 48
    unbounded_warps = 40
    [[guarded.decisions]]
    applied = false
    bounded_regs = 48
    bounded_warps = 40
    kernel = "#kernel_function#37"
    maxthreads = 0
    spill_growth_bytes = 0
    target_warps = 12
    unbounded_regs = 48
    unbounded_warps = 40
    [[guarded.decisions]]
    applied = false
    bounded_regs = 48
    bounded_warps = 40
    kernel = "#kernel_function#37"
    maxthreads = 0
    spill_growth_bytes = 0
    target_warps = 12
    unbounded_regs = 48
    unbounded_warps = 40
    [[guarded.decisions]]
    applied = false
    bounded_regs = 48
    bounded_warps = 40
    kernel = "#kernel_function#37"
    maxthreads = 0
    spill_growth_bytes = 0
    target_warps = 12
    unbounded_regs = 48
    unbounded_warps = 40
    [[guarded.decisions]]
    applied = false
    bounded_regs = 48
    bounded_warps = 40
    kernel = "#kernel_function#37"
    maxthreads = 0
    spill_growth_bytes = 0
    target_warps = 12
    unbounded_regs = 48
    unbounded_warps = 40
    [[guarded.decisions]]
    applied = false
    bounded_regs = 48
    bounded_warps = 40
    kernel = "#bycolumn_kernel!"
    maxthreads = 0
    spill_growth_bytes = 0
    target_warps = 12
    unbounded_regs = 48
    unbounded_warps = 40
    [[guarded.decisions]]
    applied = false
    bounded_regs = 48
    bounded_warps = 40
    kernel = "#kernel_function#37"
    maxthreads = 0
    spill_growth_bytes = 0
    target_warps = 12
    unbounded_regs = 48
    unbounded_warps = 40
    [[guarded.decisions]]
    applied = false
    bounded_regs = 48
    bounded_warps = 40
    kernel = "#kernel_function#37"
    maxthreads = 0
    spill_growth_bytes = 0
    target_warps = 12
    unbounded_regs = 48
    unbounded_warps = 40
    [[guarded.decisions]]
    applied = false
    bounded_regs = 48
    bounded_warps = 40
    kernel = "#kernel_function#37"
    maxthreads = 0
    spill_growth_bytes = 0
    target_warps = 12
    unbounded_regs = 48
    unbounded_warps = 40
    [[guarded.decisions]]
    applied = false
    bounded_regs = 48
    bounded_warps = 40
    kernel = "#kernel_function#37"
    maxthreads = 0
    spill_growth_bytes = 0
    target_warps = 12
    unbounded_regs = 48
    unbounded_warps = 40
    [[guarded.decisions]]
    applied = false
    bounded_regs = 48
    bounded_warps = 40
    kernel = "#kernel_function#37"
    maxthreads = 0
    spill_growth_bytes = 0
    target_warps = 12
    unbounded_regs = 48
    unbounded_warps = 40
    [[guarded.decisions]]
    applied = false
    bounded_regs = 48
    bounded_warps = 40
    kernel = "#kernel_function#37"
    maxthreads = 0
    spill_growth_bytes = 0
    target_warps = 12
    unbounded_regs = 48
    unbounded_warps = 40
    [[guarded.decisions]]
    applied = false
    bounded_regs = 48
    bounded_warps = 40
    kernel = "#kernel_function#37"
    maxthreads = 0
    spill_growth_bytes = 0
    target_warps = 12
    unbounded_regs = 48
    unbounded_warps = 40
    [[guarded.decisions]]
    applied = false
    bounded_regs = 48
    bounded_warps = 40
    kernel = "#kernel_function#37"
    maxthreads = 0
    spill_growth_bytes = 0
    target_warps = 12
    unbounded_regs = 48
    unbounded_warps = 40
    [[guarded.decisions]]
    applied = false
    bounded_regs = 48
    bounded_warps = 40
    kernel = "#kernel_function#37"
    maxthreads = 0
    spill_growth_bytes = 0
    target_warps = 12
    unbounded_regs = 48
    unbounded_warps = 40
    [[guarded.decisions]]
    applied = false
    bounded_regs = 48
    bounded_warps = 40
    kernel = "#kernel_function#37"
    maxthreads = 0
    spill_growth_bytes = 0
    target_warps = 12
    unbounded_regs = 48
    unbounded_warps = 40
    [[guarded.decisions]]
    applied = false
    bounded_regs = 48
    bounded_warps = 40
    kernel = "#kernel_function#37"
    maxthreads = 0
    spill_growth_bytes = 0
    target_warps = 12
    unbounded_regs = 48
    unbounded_warps = 40
    [[guarded.decisions]]
    applied = false
    bounded_regs = 48
    bounded_warps = 40
    kernel = "#kernel_function#37"
    maxthreads = 0
    spill_growth_bytes = 0
    target_warps = 12
    unbounded_regs = 48
    unbounded_warps = 40
    [[guarded.decisions]]
    applied = false
    bounded_regs = 48
    bounded_warps = 40
    kernel = "#kernel_function#37"
    maxthreads = 0
    spill_growth_bytes = 0
    target_warps = 12
    unbounded_regs = 48
    unbounded_warps = 40
    [[guarded.decisions]]
    applied = false
    bounded_regs = 48
    bounded_warps = 40
    kernel = "#kernel_function#37"
    maxthreads = 0
    spill_growth_bytes = 0
    target_warps = 12
    unbounded_regs = 48
    unbounded_warps = 40
    [[guarded.decisions]]
    applied = false
    bounded_regs = 48
    bounded_warps = 40
    kernel = "#kernel_function#37"
    maxthreads = 0
    spill_growth_bytes = 0
    target_warps = 12
    unbounded_regs = 48
    unbounded_warps = 40
    [[guarded.decisions]]
    applied = false
    bounded_regs = 48
    bounded_warps = 40
    kernel = "#kernel_function#37"
    maxthreads = 0
    spill_growth_bytes = 0
    target_warps = 12
    unbounded_regs = 48
    unbounded_warps = 40
    [[guarded.decisions]]
    applied = false
    bounded_regs = 48
    bounded_warps = 40
    kernel = "#kernel_function#37"
    maxthreads = 0
    spill_growth_bytes = 0
    target_warps = 12
    unbounded_regs = 48
    unbounded_warps = 40
    [[guarded.decisions]]
    applied = false
    bounded_regs = 48
    bounded_warps = 40
    kernel = "#kernel_function#37"
    maxthreads = 0
    spill_growth_bytes = 0
    target_warps = 12
    unbounded_regs = 48
    unbounded_warps = 40
    [[guarded.decisions]]
    applied = false
    bounded_regs = 48
    bounded_warps = 40
    kernel = "#kernel_function#37"
    maxthreads = 0
    spill_growth_bytes = 0
    target_warps = 12
    unbounded_regs = 48
    unbounded_warps = 40
    [[guarded.decisions]]
    applied = false
    bounded_regs = 48
    bounded_warps = 40
    kernel = "#kernel_function#37"
    maxthreads = 0
    spill_growth_bytes = 0
    target_warps = 12
    unbounded_regs = 48
    unbounded_warps = 40
    [[guarded.decisions]]
    applied = false
    bounded_regs = 48
    bounded_warps = 40
    kernel = "#kernel_function#37"
    maxthreads = 0
    spill_growth_bytes = 0
    target_warps = 12
    unbounded_regs = 48
    unbounded_warps = 40
    [[guarded.decisions]]
    applied = false
    bounded_regs = 48
    bounded_warps = 40
    kernel = "#kernel_function#37"
    maxthreads = 0
    spill_growth_bytes = 0
    target_warps = 12
    unbounded_regs = 48
    unbounded_warps = 40
    [[guarded.decisions]]
    applied = false
    bounded_regs = 48
    bounded_warps = 40
    kernel = "#72#73"
    maxthreads = 0
    spill_growth_bytes = 0
    target_warps = 12
    unbounded_regs = 48
    unbounded_warps = 40
    [[guarded.decisions]]
    applied = false
    bounded_regs = 48
    bounded_warps = 40
    kernel = "#kernel_function#37"
    maxthreads = 0
    spill_growth_bytes = 0
    target_warps = 12
    unbounded_regs = 48
    unbounded_warps = 40
    [[guarded.decisions]]
    applied = false
    bounded_regs = 48
    bounded_warps = 40
    kernel = "#kernel_function#37"
    maxthreads = 0
    spill_growth_bytes = 0
    target_warps = 12
    unbounded_regs = 48
    unbounded_warps = 40
    [[guarded.decisions]]
    applied = false
    bounded_regs = 48
    bounded_warps = 40
    kernel = "#kernel_function#37"
    maxthreads = 0
    spill_growth_bytes = 0
    target_warps = 12
    unbounded_regs = 48
    unbounded_warps = 40
    [[guarded.decisions]]
    applied = false
    bounded_regs = 48
    bounded_warps = 40
    kernel = "#kernel_function#37"
    maxthreads = 0
    spill_growth_bytes = 0
    target_warps = 12
    unbounded_regs = 48
    unbounded_warps = 40
    [[guarded.decisions]]
    applied = false
    bounded_regs = 48
    bounded_warps = 40
    kernel = "#kernel_function#37"
    maxthreads = 0
    spill_growth_bytes = 0
    target_warps = 12
    unbounded_regs = 48
    unbounded_warps = 40
    [[guarded.decisions]]
    applied = false
    bounded_regs = 48
    bounded_warps = 40
    kernel = "#kernel_function#37"
    maxthreads = 0
    spill_growth_bytes = 0
    target_warps = 12
    unbounded_regs = 48
    unbounded_warps = 40
    [[guarded.decisions]]
    applied = false
    bounded_regs = 48
    bounded_warps = 40
    kernel = "#kernel_function#37"
    maxthreads = 0
    spill_growth_bytes = 0
    target_warps = 12
    unbounded_regs = 48
    unbounded_warps = 40
    [[guarded.decisions]]
    applied = false
    bounded_regs = 48
    bounded_warps = 40
    kernel = "#kernel_function#37"
    maxthreads = 0
    spill_growth_bytes = 0
    target_warps = 12
    unbounded_regs = 48
    unbounded_warps = 40
    [[guarded.decisions]]
    applied = false
    bounded_regs = 48
    bounded_warps = 40
    kernel = "#kernel_function#37"
    maxthreads = 0
    spill_growth_bytes = 0
    target_warps = 12
    unbounded_regs = 48
    unbounded_warps = 40
    [[guarded.decisions]]
    applied = false
    bounded_regs = 48
    bounded_warps = 40
    kernel = "#kernel_function#37"
    maxthreads = 0
    spill_growth_bytes = 0
    target_warps = 12
    unbounded_regs = 48
    unbounded_warps = 40
    [[guarded.decisions]]
    applied = false
    bounded_regs = 48
    bounded_warps = 40
    kernel = "#kernel_function#37"
    maxthreads = 0
    spill_growth_bytes = 0
    target_warps = 12
    unbounded_regs = 48
    unbounded_warps = 40
    [[guarded.decisions]]
    applied = false
    bounded_regs = 48
    bounded_warps = 40
    kernel = "#kernel_function#37"
    maxthreads = 0
    spill_growth_bytes = 0
    target_warps = 12
    unbounded_regs = 48
    unbounded_warps = 40
    [[guarded.decisions]]
    applied = false
    bounded_regs = 48
    bounded_warps = 40
    kernel = "#kernel_function#37"
    maxthreads = 0
    spill_growth_bytes = 0
    target_warps = 12
    unbounded_regs = 48
    unbounded_warps = 40
    [[guarded.decisions]]
    applied = false
    bounded_regs = 48
    bounded_warps = 40
    kernel = "#kernel_function#37"
    maxthreads = 0
    spill_growth_bytes = 0
    target_warps = 12
    unbounded_regs = 48
    unbounded_warps = 40
    [[guarded.decisions]]
    applied = false
    bounded_regs = 48
    bounded_warps = 40
    kernel = "#kernel_function#37"
    maxthreads = 0
    spill_growth_bytes = 0
    target_warps = 12
    unbounded_regs = 48
    unbounded_warps = 40
    [[guarded.decisions]]
    applied = false
    bounded_regs = 48
    bounded_warps = 40
    kernel = "#kernel_function#37"
    maxthreads = 0
    spill_growth_bytes = 0
    target_warps = 12
    unbounded_regs = 48
    unbounded_warps = 40
    [[guarded.decisions]]
    applied = false
    bounded_regs = 48
    bounded_warps = 40
    kernel = "#kernel_function#37"
    maxthreads = 0
    spill_growth_bytes = 0
    target_warps = 12
    unbounded_regs = 48
    unbounded_warps = 40
    [[guarded.decisions]]
    applied = false
    bounded_regs = 48
    bounded_warps = 40
    kernel = "#kernel_function#37"
    maxthreads = 0
    spill_growth_bytes = 0
    target_warps = 12
    unbounded_regs = 48
    unbounded_warps = 40
    [[guarded.decisions]]
    applied = false
    bounded_regs = 48
    bounded_warps = 40
    kernel = "#kernel_function#37"
    maxthreads = 0
    spill_growth_bytes = 0
    target_warps = 12
    unbounded_regs = 48
    unbounded_warps = 40
    [[guarded.decisions]]
    applied = false
    bounded_regs = 48
    bounded_warps = 40
    kernel = "#kernel_function#37"
    maxthreads = 0
    spill_growth_bytes = 0
    target_warps = 12
    unbounded_regs = 48
    unbounded_warps = 40
    [[guarded.decisions]]
    applied = false
    bounded_regs = 48
    bounded_warps = 40
    kernel = "#kernel_function#37"
    maxthreads = 0
    spill_growth_bytes = 0
    target_warps = 12
    unbounded_regs = 48
    unbounded_warps = 40
    [[guarded.decisions]]
    applied = false
    bounded_regs = 48
    bounded_warps = 40
    kernel = "#kernel_function#37"
    maxthreads = 0
    spill_growth_bytes = 0
    target_warps = 12
    unbounded_regs = 48
    unbounded_warps = 40
    [[guarded.decisions]]
    applied = false
    bounded_regs = 48
    bounded_warps = 40
    kernel = "#kernel_function#37"
    maxthreads = 0
    spill_growth_bytes = 0
    target_warps = 12
    unbounded_regs = 48
    unbounded_warps = 40
    [[guarded.decisions]]
    applied = false
    bounded_regs = 48
    bounded_warps = 40
    kernel = "#kernel_function#37"
    maxthreads = 0
    spill_growth_bytes = 0
    target_warps = 12
    unbounded_regs = 48
    unbounded_warps = 40
    [[guarded.decisions]]
    applied = false
    bounded_regs = 48
    bounded_warps = 40
    kernel = "#kernel_function#37"
    maxthreads = 0
    spill_growth_bytes = 0
    target_warps = 12
    unbounded_regs = 48
    unbounded_warps = 40
    [[guarded.decisions]]
    applied = false
    bounded_regs = 48
    bounded_warps = 40
    kernel = "#kernel_function#37"
    maxthreads = 0
    spill_growth_bytes = 0
    target_warps = 12
    unbounded_regs = 48
    unbounded_warps = 40
    [[guarded.decisions]]
    applied = false
    bounded_regs = 48
    bounded_warps = 40
    kernel = "#kernel_function#37"
    maxthreads = 0
    spill_growth_bytes = 0
    target_warps = 12
    unbounded_regs = 48
    unbounded_warps = 40
    [[guarded.decisions]]
    applied = false
    bounded_regs = 48
    bounded_warps = 40
    kernel = "#kernel_function#37"
    maxthreads = 0
    spill_growth_bytes = 0
    target_warps = 12
    unbounded_regs = 48
    unbounded_warps = 40
    [[guarded.decisions]]
    applied = false
    bounded_regs = 48
    bounded_warps = 40
    kernel = "#kernel_function#37"
    maxthreads = 0
    spill_growth_bytes = 0
    target_warps = 12
    unbounded_regs = 48
    unbounded_warps = 40
    [[guarded.decisions]]
    applied = false
    bounded_regs = 48
    bounded_warps = 40
    kernel = "#kernel_function#37"
    maxthreads = 0
    spill_growth_bytes = 0
    target_warps = 12
    unbounded_regs = 48
    unbounded_warps = 40
    [[guarded.decisions]]
    applied = false
    bounded_regs = 48
    bounded_warps = 40
    kernel = "#bycolumn_kernel!"
    maxthreads = 0
    spill_growth_bytes = 0
    target_warps = 12
    unbounded_regs = 48
    unbounded_warps = 40
    [[guarded.decisions]]
    applied = false
    bounded_regs = 48
    bounded_warps = 40
    kernel = "#kernel_function#37"
    maxthreads = 0
    spill_growth_bytes = 0
    target_warps = 12
    unbounded_regs = 48
    unbounded_warps = 40
    [[guarded.decisions]]
    applied = false
    bounded_regs = 48
    bounded_warps = 40
    kernel = "#kernel_function#37"
    maxthreads = 0
    spill_growth_bytes = 0
    target_warps = 12
    unbounded_regs = 48
    unbounded_warps = 40
    [[guarded.decisions]]
    applied = false
    bounded_regs = 48
    bounded_warps = 40
    kernel = "#kernel_function#37"
    maxthreads = 0
    spill_growth_bytes = 0
    target_warps = 12
    unbounded_regs = 48
    unbounded_warps = 40
    [[guarded.decisions]]
    applied = false
    bounded_regs = 48
    bounded_warps = 40
    kernel = "#kernel_function#37"
    maxthreads = 0
    spill_growth_bytes = 0
    target_warps = 12
    unbounded_regs = 48
    unbounded_warps = 40
    [[guarded.decisions]]
    applied = false
    bounded_regs = 48
    bounded_warps = 40
    kernel = "#kernel_function#37"
    maxthreads = 0
    spill_growth_bytes = 0
    target_warps = 12
    unbounded_regs = 48
    unbounded_warps = 40
    [[guarded.decisions]]
    applied = false
    bounded_regs = 48
    bounded_warps = 40
    kernel = "#kernel_function#37"
    maxthreads = 0
    spill_growth_bytes = 0
    target_warps = 12
    unbounded_regs = 48
    unbounded_warps = 40
    [[guarded.decisions]]
    applied = false
    bounded_regs = 48
    bounded_warps = 40
    kernel = "#kernel_function#37"
    maxthreads = 0
    spill_growth_bytes = 0
    target_warps = 12
    unbounded_regs = 48
    unbounded_warps = 40
    [[guarded.decisions]]
    applied = false
    bounded_regs = 48
    bounded_warps = 40
    kernel = "#kernel_function#37"
    maxthreads = 0
    spill_growth_bytes = 0
    target_warps = 12
    unbounded_regs = 48
    unbounded_warps = 40
    [[guarded.decisions]]
    applied = false
    bounded_regs = 48
    bounded_warps = 40
    kernel = "#kernel_function#37"
    maxthreads = 0
    spill_growth_bytes = 0
    target_warps = 12
    unbounded_regs = 48
    unbounded_warps = 40
    [[guarded.decisions]]
    applied = false
    bounded_regs = 48
    bounded_warps = 40
    kernel = "#kernel_function#37"
    maxthreads = 0
    spill_growth_bytes = 0
    target_warps = 12
    unbounded_regs = 48
    unbounded_warps = 40
    [[guarded.decisions]]
    applied = false
    bounded_regs = 48
    bounded_warps = 40
    kernel = "#kernel_function#37"
    maxthreads = 0
    spill_growth_bytes = 0
    target_warps = 12
    unbounded_regs = 48
    unbounded_warps = 40
    [[guarded.decisions]]
    applied = false
    bounded_regs = 48
    bounded_warps = 40
    kernel = "#kernel_function#37"
    maxthreads = 0
    spill_growth_bytes = 0
    target_warps = 12
    unbounded_regs = 48
    unbounded_warps = 40
    [[guarded.decisions]]
    applied = false
    bounded_regs = 48
    bounded_warps = 40
    kernel = "#bycolumn_kernel!"
    maxthreads = 0
    spill_growth_bytes = 0
    target_warps = 12
    unbounded_regs = 48
    unbounded_warps = 40
    [[guarded.decisions]]
    applied = false
    bounded_regs = 48
    bounded_warps = 40
    kernel = "#kernel_function#37"
    maxthreads = 0
    spill_growth_bytes = 0
    target_warps = 12
    unbounded_regs = 48
    unbounded_warps = 40
    [[guarded.decisions]]
    applied = false
    bounded_regs = 48
    bounded_warps = 40
    kernel = "#kernel_function#37"
    maxthreads = 0
    spill_growth_bytes = 0
    target_warps = 12
    unbounded_regs = 48
    unbounded_warps = 40
    [[guarded.decisions]]
    applied = false
    bounded_regs = 48
    bounded_warps = 40
    kernel = "#kernel_function#37"
    maxthreads = 0
    spill_growth_bytes = 0
    target_warps = 12
    unbounded_regs = 48
    unbounded_warps = 40
    [[guarded.decisions]]
    applied = false
    bounded_regs = 48
    bounded_warps = 40
    kernel = "#kernel_function#37"
    maxthreads = 0
    spill_growth_bytes = 0
    target_warps = 12
    unbounded_regs = 48
    unbounded_warps = 40
    [[guarded.decisions]]
    applied = false
    bounded_regs = 48
    bounded_warps = 40
    kernel = "#kernel_function#37"
    maxthreads = 0
    spill_growth_bytes = 0
    target_warps = 12
    unbounded_regs = 48
    unbounded_warps = 40
    [[guarded.decisions]]
    applied = false
    bounded_regs = 48
    bounded_warps = 40
    kernel = "#kernel_function#37"
    maxthreads = 0
    spill_growth_bytes = 0
    target_warps = 12
    unbounded_regs = 48
    unbounded_warps = 40
    [[guarded.decisions]]
    applied = false
    bounded_regs = 48
    bounded_warps = 40
    kernel = "#kernel_function#37"
    maxthreads = 0
    spill_growth_bytes = 0
    target_warps = 12
    unbounded_regs = 48
    unbounded_warps = 40
    [[guarded.decisions]]
    applied = false
    bounded_regs = 48
    bounded_warps = 40
    kernel = "#kernel_function#37"
    maxthreads = 0
    spill_growth_bytes = 0
    target_warps = 12
    unbounded_regs = 48
    unbounded_warps = 40
    [[guarded.decisions]]
    applied = false
    bounded_regs = 48
    bounded_warps = 40
    kernel = "#kernel_function#37"
    maxthreads = 0
    spill_growth_bytes = 0
    target_warps = 12
    unbounded_regs = 48
    unbounded_warps = 40
    [[guarded.decisions]]
    applied = false
    bounded_regs = 48
    bounded_warps = 40
    kernel = "#kernel_function#37"
    maxthreads = 0
    spill_growth_bytes = 0
    target_warps = 12
    unbounded_regs = 48
    unbounded_warps = 40
    [[guarded.decisions]]
    applied = false
    bounded_regs = 48
    bounded_warps = 40
    kernel = "#kernel_function#37"
    maxthreads = 0
    spill_growth_bytes = 0
    target_warps = 12
    unbounded_regs = 48
    unbounded_warps = 40
    [[guarded.decisions]]
    applied = false
    bounded_regs = 48
    bounded_warps = 40
    kernel = "#kernel_function#37"
    maxthreads = 0
    spill_growth_bytes = 0
    target_warps = 12
    unbounded_regs = 48
    unbounded_warps = 40
    [[guarded.decisions]]
    applied = false
    bounded_regs = 48
    bounded_warps = 40
    kernel = "#kernel_function#37"
    maxthreads = 0
    spill_growth_bytes = 0
    target_warps = 12
    unbounded_regs = 48
    unbounded_warps = 40
    [[guarded.decisions]]
    applied = false
    bounded_regs = 48
    bounded_warps = 40
    kernel = "#kernel_function#37"
    maxthreads = 0
    spill_growth_bytes = 0
    target_warps = 12
    unbounded_regs = 48
    unbounded_warps = 40
    [[guarded.decisions]]
    applied = false
    bounded_regs = 48
    bounded_warps = 40
    kernel = "#kernel_function#37"
    maxthreads = 0
    spill_growth_bytes = 0
    target_warps = 12
    unbounded_regs = 48
    unbounded_warps = 40
    [[guarded.decisions]]
    applied = false
    bounded_regs = 48
    bounded_warps = 40
    kernel = "#kernel_function#37"
    maxthreads = 0
    spill_growth_bytes = 0
    target_warps = 12
    unbounded_regs = 48
    unbounded_warps = 40
    [[guarded.decisions]]
    applied = false
    bounded_regs = 48
    bounded_warps = 40
    kernel = "#kernel_function#37"
    maxthreads = 0
    spill_growth_bytes = 0
    target_warps = 12
    unbounded_regs = 48
    unbounded_warps = 40
    [[guarded.decisions]]
    applied = false
    bounded_regs = 48
    bounded_warps = 40
    kernel = "#kernel_function#37"
    maxthreads = 0
    spill_growth_bytes = 0
    target_warps = 12
    unbounded_regs = 48
    unbounded_warps = 40
    [[guarded.decisions]]
    applied = false
    bounded_regs = 48
    bounded_warps = 40
    kernel = "#kernel_function#37"
    maxthreads = 0
    spill_growth_bytes = 0
    target_warps = 12
    unbounded_regs = 48
    unbounded_warps = 40
    [[guarded.decisions]]
    applied = false
    bounded_regs = 48
    bounded_warps = 40
    kernel = "#kernel_function#37"
    maxthreads = 0
    spill_growth_bytes = 0
    target_warps = 12
    unbounded_regs = 48
    unbounded_warps = 40
    [[guarded.decisions]]
    applied = false
    bounded_regs = 48
    bounded_warps = 40
    kernel = "#kernel_function#37"
    maxthreads = 0
    spill_growth_bytes = 0
    target_warps = 12
    unbounded_regs = 48
    unbounded_warps = 40
    [[guarded.decisions]]
    applied = false
    bounded_regs = 48
    bounded_warps = 40
    kernel = "#kernel_function#37"
    maxthreads = 0
    spill_growth_bytes = 0
    target_warps = 12
    unbounded_regs = 48
    unbounded_warps = 40
    [[guarded.decisions]]
    applied = false
    bounded_regs = 48
    bounded_warps = 40
    kernel = "#kernel_function#37"
    maxthreads = 0
    spill_growth_bytes = 0
    target_warps = 12
    unbounded_regs = 48
    unbounded_warps = 40
    [[guarded.decisions]]
    applied = false
    bounded_regs = 48
    bounded_warps = 40
    kernel = "#kernel_function#37"
    maxthreads = 0
    spill_growth_bytes = 0
    target_warps = 12
    unbounded_regs = 48
    unbounded_warps = 40
    [[guarded.decisions]]
    applied = false
    bounded_regs = 48
    bounded_warps = 40
    kernel = "#kernel_function#37"
    maxthreads = 0
    spill_growth_bytes = 0
    target_warps = 12
    unbounded_regs = 48
    unbounded_warps = 40
    [[guarded.decisions]]
    applied = false
    bounded_regs = 48
    bounded_warps = 40
    kernel = "#kernel_function#37"
    maxthreads = 0
    spill_growth_bytes = 0
    target_warps = 12
    unbounded_regs = 48
    unbounded_warps = 40
    [[guarded.decisions]]
    applied = false
    bounded_regs = 48
    bounded_warps = 40
    kernel = "#kernel_function#37"
    maxthreads = 0
    spill_growth_bytes = 0
    target_warps = 12
    unbounded_regs = 48
    unbounded_warps = 40
    [[guarded.decisions]]
    applied = false
    bounded_regs = 48
    bounded_warps = 40
    kernel = "#kernel_function#37"
    maxthreads = 0
    spill_growth_bytes = 0
    target_warps = 12
    unbounded_regs = 48
    unbounded_warps = 40
    [[guarded.decisions]]
    applied = false
    bounded_regs = 48
    bounded_warps = 40
    kernel = "#kernel_function#37"
    maxthreads = 0
    spill_growth_bytes = 0
    target_warps = 12
    unbounded_regs = 48
    unbounded_warps = 40
    [[guarded.decisions]]
    applied = false
    bounded_regs = 48
    bounded_warps = 40
    kernel = "#kernel_function#37"
    maxthreads = 0
    spill_growth_bytes = 0
    target_warps = 12
    unbounded_regs = 48
    unbounded_warps = 40
    [[guarded.decisions]]
    applied = false
    bounded_regs = 48
    bounded_warps = 40
    kernel = "#kernel_function#37"
    maxthreads = 0
    spill_growth_bytes = 0
    target_warps = 12
    unbounded_regs = 48
    unbounded_warps = 40
    [[guarded.decisions]]
    applied = false
    bounded_regs = 48
    bounded_warps = 40
    kernel = "#kernel_function#37"
    maxthreads = 0
    spill_growth_bytes = 0
    target_warps = 12
    unbounded_regs = 48
    unbounded_warps = 40
    [[guarded.decisions]]
    applied = false
    bounded_regs = 48
    bounded_warps = 40
    kernel = "#kernel_function#37"
    maxthreads = 0
    spill_growth_bytes = 0
    target_warps = 12
    unbounded_regs = 48
    unbounded_warps = 40
    [[guarded.decisions]]
    applied = false
    bounded_regs = 48
    bounded_warps = 40
    kernel = "#kernel_function#37"
    maxthreads = 0
    spill_growth_bytes = 0
    target_warps = 12
    unbounded_regs = 48
    unbounded_warps = 40
    [[guarded.decisions]]
    applied = false
    bounded_regs = 48
    bounded_warps = 40
    kernel = "#kernel_function#37"
    maxthreads = 0
    spill_growth_bytes = 0
    target_warps = 12
    unbounded_regs = 48
    unbounded_warps = 40
    [[guarded.decisions]]
    applied = false
    bounded_regs = 48
    bounded_warps = 40
    kernel = "#kernel_function#37"
    maxthreads = 0
    spill_growth_bytes = 0
    target_warps = 12
    unbounded_regs = 48
    unbounded_warps = 40
    [[guarded.decisions]]
    applied = false
    bounded_regs = 48
    bounded_warps = 40
    kernel = "#kernel_function#37"
    maxthreads = 0
    spill_growth_bytes = 0
    target_warps = 12
    unbounded_regs = 48
    unbounded_warps = 40
    [[guarded.decisions]]
    applied = false
    bounded_regs = 48
    bounded_warps = 40
    kernel = "#kernel_function#37"
    maxthreads = 0
    spill_growth_bytes = 0
    target_warps = 12
    unbounded_regs = 48
    unbounded_warps = 40
    [[guarded.decisions]]
    applied = false
    bounded_regs = 48
    bounded_warps = 40
    kernel = "#kernel_function#37"
    maxthreads = 0
    spill_growth_bytes = 0
    target_warps = 12
    unbounded_regs = 48
    unbounded_warps = 40
    [[guarded.decisions]]
    applied = false
    bounded_regs = 48
    bounded_warps = 40
    kernel = "#kernel_function#37"
    maxthreads = 0
    spill_growth_bytes = 0
    target_warps = 12
    unbounded_regs = 48
    unbounded_warps = 40
    [[guarded.decisions]]
    applied = false
    bounded_regs = 48
    bounded_warps = 40
    kernel = "#kernel_function#37"
    maxthreads = 0
    spill_growth_bytes = 0
    target_warps = 12
    unbounded_regs = 48
    unbounded_warps = 40
    [[guarded.decisions]]
    applied = false
    bounded_regs = 48
    bounded_warps = 40
    kernel = "#kernel_function#37"
    maxthreads = 0
    spill_growth_bytes = 0
    target_warps = 12
    unbounded_regs = 48
    unbounded_warps = 40
    [[guarded.decisions]]
    applied = false
    bounded_regs = 48
    bounded_warps = 40
    kernel = "#kernel_function#37"
    maxthreads = 0
    spill_growth_bytes = 0
    target_warps = 12
    unbounded_regs = 48
    unbounded_warps = 40
    [[guarded.decisions]]
    applied = false
    bounded_regs = 48
    bounded_warps = 40
    kernel = "#kernel_function#37"
    maxthreads = 0
    spill_growth_bytes = 0
    target_warps = 12
    unbounded_regs = 48
    unbounded_warps = 40
    [[guarded.decisions]]
    applied = false
    bounded_regs = 48
    bounded_warps = 40
    kernel = "#kernel_function#37"
    maxthreads = 0
    spill_growth_bytes = 0
    target_warps = 12
    unbounded_regs = 48
    unbounded_warps = 40
    [[guarded.decisions]]
    applied = false
    bounded_regs = 48
    bounded_warps = 40
    kernel = "#kernel_function#37"
    maxthreads = 0
    spill_growth_bytes = 0
    target_warps = 12
    unbounded_regs = 48
    unbounded_warps = 40
    [[guarded.decisions]]
    applied = false
    bounded_regs = 48
    bounded_warps = 40
    kernel = "#kernel_function#37"
    maxthreads = 0
    spill_growth_bytes = 0
    target_warps = 12
    unbounded_regs = 48
    unbounded_warps = 40
    [[guarded.decisions]]
    applied = false
    bounded_regs = 48
    bounded_warps = 40
    kernel = "#kernel_function#37"
    maxthreads = 0
    spill_growth_bytes = 0
    target_warps = 12
    unbounded_regs = 48
    unbounded_warps = 40
    [[guarded.decisions]]
    applied = false
    bounded_regs = 48
    bounded_warps = 40
    kernel = "#kernel_function#37"
    maxthreads = 0
    spill_growth_bytes = 0
    target_warps = 12
    unbounded_regs = 48
    unbounded_warps = 40
    [[guarded.decisions]]
    applied = false
    bounded_regs = 48
    bounded_warps = 40
    kernel = "#kernel_function#37"
    maxthreads = 0
    spill_growth_bytes = 0
    target_warps = 12
    unbounded_regs = 48
    unbounded_warps = 40
    [[guarded.decisions]]
    applied = false
    bounded_regs = 48
    bounded_warps = 40
    kernel = "#kernel_function#37"
    maxthreads = 0
    spill_growth_bytes = 0
    target_warps = 12
    unbounded_regs = 48
    unbounded_warps = 40
    [[guarded.decisions]]
    applied = false
    bounded_regs = 48
    bounded_warps = 40
    kernel = "#kernel_function#37"
    maxthreads = 0
    spill_growth_bytes = 0
    target_warps = 12
    unbounded_regs = 48
    unbounded_warps = 40
    [[guarded.decisions]]
    applied = false
    bounded_regs = 48
    bounded_warps = 40
    kernel = "#kernel_function#37"
    maxthreads = 0
    spill_growth_bytes = 0
    target_warps = 12
    unbounded_regs = 48
    unbounded_warps = 40
    [[guarded.decisions]]
    applied = false
    bounded_regs = 48
    bounded_warps = 40
    kernel = "#kernel_function#37"
    maxthreads = 0
    spill_growth_bytes = 0
    target_warps = 12
    unbounded_regs = 48
    unbounded_warps = 40
    [[guarded.decisions]]
    applied = false
    bounded_regs = 48
    bounded_warps = 40
    kernel = "#kernel_function#37"
    maxthreads = 0
    spill_growth_bytes = 0
    target_warps = 12
    unbounded_regs = 48
    unbounded_warps = 40
    [[guarded.decisions]]
    applied = false
    bounded_regs = 48
    bounded_warps = 40
    kernel = "#kernel_function#37"
    maxthreads = 0
    spill_growth_bytes = 0
    target_warps = 12
    unbounded_regs = 48
    unbounded_warps = 40
    [[guarded.decisions]]
    applied = false
    bounded_regs = 48
    bounded_warps = 40
    kernel = "#kernel_function#37"
    maxthreads = 0
    spill_growth_bytes = 0
    target_warps = 12
    unbounded_regs = 48
    unbounded_warps = 40
    [[guarded.decisions]]
    applied = false
    bounded_regs = 48
    bounded_warps = 40
    kernel = "#kernel_function#37"
    maxthreads = 0
    spill_growth_bytes = 0
    target_warps = 12
    unbounded_regs = 48
    unbounded_warps = 40
    [[guarded.decisions]]
    applied = false
    bounded_regs = 48
    bounded_warps = 40
    kernel = "#kernel_function#37"
    maxthreads = 0
    spill_growth_bytes = 0
    target_warps = 12
    unbounded_regs = 48
    unbounded_warps = 40
    [[guarded.decisions]]
    applied = false
    bounded_regs = 48
    bounded_warps = 40
    kernel = "#set_interpolated_values_kernel!"
    maxthreads = 0
    spill_growth_bytes = 0
    target_warps = 12
    unbounded_regs = 48
    unbounded_warps = 40
    [[guarded.decisions]]
    applied = false
    bounded_regs = 48
    bounded_warps = 40
    kernel = "#kernel_function#37"
    maxthreads = 0
    spill_growth_bytes = 0
    target_warps = 12
    unbounded_regs = 48
    unbounded_warps = 40
    [[guarded.decisions]]
    applied = false
    bounded_regs = 48
    bounded_warps = 40
    kernel = "#kernel_function#37"
    maxthreads = 0
    spill_growth_bytes = 0
    target_warps = 12
    unbounded_regs = 48
    unbounded_warps = 40
    [[guarded.decisions]]
    applied = false
    bounded_regs = 48
    bounded_warps = 40
    kernel = "#kernel_function#37"
    maxthreads = 0
    spill_growth_bytes = 0
    target_warps = 12
    unbounded_regs = 48
    unbounded_warps = 40
    [[guarded.decisions]]
    applied = false
    bounded_regs = 48
    bounded_warps = 40
    kernel = "#kernel_function#37"
    maxthreads = 0
    spill_growth_bytes = 0
    target_warps = 12
    unbounded_regs = 48
    unbounded_warps = 40
    [[guarded.decisions]]
    applied = false
    bounded_regs = 48
    bounded_warps = 40
    kernel = "#kernel_function#37"
    maxthreads = 0
    spill_growth_bytes = 0
    target_warps = 12
    unbounded_regs = 48
    unbounded_warps = 40
    [[guarded.decisions]]
    applied = false
    bounded_regs = 48
    bounded_warps = 40
    kernel = "#kernel_function#37"
    maxthreads = 0
    spill_growth_bytes = 0
    target_warps = 12
    unbounded_regs = 48
    unbounded_warps = 40
    [[guarded.decisions]]
    applied = false
    bounded_regs = 48
    bounded_warps = 40
    kernel = "#kernel_function#37"
    maxthreads = 0
    spill_growth_bytes = 0
    target_warps = 12
    unbounded_regs = 48
    unbounded_warps = 40
    [[guarded.decisions]]
    applied = false
    bounded_regs = 48
    bounded_warps = 40
    kernel = "#kernel_function#37"
    maxthreads = 0
    spill_growth_bytes = 0
    target_warps = 12
    unbounded_regs = 48
    unbounded_warps = 40
    [[guarded.decisions]]
    applied = false
    bounded_regs = 48
    bounded_warps = 40
    kernel = "#kernel_function#37"
    maxthreads = 0
    spill_growth_bytes = 0
    target_warps = 12
    unbounded_regs = 48
    unbounded_warps = 40
    [[guarded.decisions]]
    applied = false
    bounded_regs = 48
    bounded_warps = 40
    kernel = "#kernel_function#37"
    maxthreads = 0
    spill_growth_bytes = 0
    target_warps = 12
    unbounded_regs = 48
    unbounded_warps = 40
    [[guarded.decisions]]
    applied = false
    bounded_regs = 48
    bounded_warps = 40
    kernel = "#kernel_function#37"
    maxthreads = 0
    spill_growth_bytes = 0
    target_warps = 12
    unbounded_regs = 48
    unbounded_warps = 40
    [[guarded.decisions]]
    applied = false
    bounded_regs = 48
    bounded_warps = 40
    kernel = "#kernel_function#37"
    maxthreads = 0
    spill_growth_bytes = 0
    target_warps = 12
    unbounded_regs = 48
    unbounded_warps = 40
    [[guarded.decisions]]
    applied = false
    bounded_regs = 48
    bounded_warps = 40
    kernel = "#kernel_function#37"
    maxthreads = 0
    spill_growth_bytes = 0
    target_warps = 12
    unbounded_regs = 48
    unbounded_warps = 40
    [[guarded.decisions]]
    applied = false
    bounded_regs = 48
    bounded_warps = 40
    kernel = "#kernel_function#37"
    maxthreads = 0
    spill_growth_bytes = 0
    target_warps = 12
    unbounded_regs = 48
    unbounded_warps = 40
    [[guarded.decisions]]
    applied = false
    bounded_regs = 48
    bounded_warps = 40
    kernel = "#kernel_function#37"
    maxthreads = 0
    spill_growth_bytes = 0
    target_warps = 12
    unbounded_regs = 48
    unbounded_warps = 40
    [[guarded.decisions]]
    applied = false
    bounded_regs = 48
    bounded_warps = 40
    kernel = "#kernel_function#37"
    maxthreads = 0
    spill_growth_bytes = 0
    target_warps = 12
    unbounded_regs = 48
    unbounded_warps = 40
    [[guarded.decisions]]
    applied = false
    bounded_regs = 48
    bounded_warps = 40
    kernel = "#kernel_function#37"
    maxthreads = 0
    spill_growth_bytes = 0
    target_warps = 12
    unbounded_regs = 48
    unbounded_warps = 40
    [[guarded.decisions]]
    applied = false
    bounded_regs = 48
    bounded_warps = 40
    kernel = "#kernel_function#37"
    maxthreads = 0
    spill_growth_bytes = 0
    target_warps = 12
    unbounded_regs = 48
    unbounded_warps = 40
    [[guarded.decisions]]
    applied = false
    bounded_regs = 48
    bounded_warps = 40
    kernel = "#kernel_function#37"
    maxthreads = 0
    spill_growth_bytes = 0
    target_warps = 12
    unbounded_regs = 48
    unbounded_warps = 40
    [[guarded.decisions]]
    applied = false
    bounded_regs = 48
    bounded_warps = 40
    kernel = "#kernel_function#37"
    maxthreads = 0
    spill_growth_bytes = 0
    target_warps = 12
    unbounded_regs = 48
    unbounded_warps = 40
    [[guarded.decisions]]
    applied = false
    bounded_regs = 48
    bounded_warps = 40
    kernel = "#kernel_function#37"
    maxthreads = 0
    spill_growth_bytes = 0
    target_warps = 12
    unbounded_regs = 48
    unbounded_warps = 40
    [[guarded.decisions]]
    applied = false
    bounded_regs = 48
    bounded_warps = 40
    kernel = "#kernel_function#37"
    maxthreads = 0
    spill_growth_bytes = 0
    target_warps = 12
    unbounded_regs = 48
    unbounded_warps = 40
    [[guarded.decisions]]
    applied = false
    bounded_regs = 48
    bounded_warps = 40
    kernel = "#kernel_function#37"
    maxthreads = 0
    spill_growth_bytes = 0
    target_warps = 12
    unbounded_regs = 48
    unbounded_warps = 40
    [[guarded.decisions]]
    applied = false
    bounded_regs = 48
    bounded_warps = 40
    kernel = "#kernel_function#37"
    maxthreads = 0
    spill_growth_bytes = 0
    target_warps = 12
    unbounded_regs = 48
    unbounded_warps = 40
    [[guarded.decisions]]
    applied = false
    bounded_regs = 48
    bounded_warps = 40
    kernel = "#kernel_function#37"
    maxthreads = 0
    spill_growth_bytes = 0
    target_warps = 12
    unbounded_regs = 48
    unbounded_warps = 40
    [[guarded.decisions]]
    applied = false
    bounded_regs = 48
    bounded_warps = 40
    kernel = "#bycolumn_kernel!"
    maxthreads = 0
    spill_growth_bytes = 0
    target_warps = 12
    unbounded_regs = 48
    unbounded_warps = 40
    [[guarded.decisions]]
    applied = false
    bounded_regs = 48
    bounded_warps = 40
    kernel = "#kernel_function#37"
    maxthreads = 0
    spill_growth_bytes = 0
    target_warps = 12
    unbounded_regs = 48
    unbounded_warps = 40
    [[guarded.decisions]]
    applied = false
    bounded_regs = 48
    bounded_warps = 40
    kernel = "#kernel_function#37"
    maxthreads = 0
    spill_growth_bytes = 0
    target_warps = 12
    unbounded_regs = 48
    unbounded_warps = 40
    [[guarded.decisions]]
    applied = false
    bounded_regs = 48
    bounded_warps = 40
    kernel = "#kernel_function#37"
    maxthreads = 0
    spill_growth_bytes = 0
    target_warps = 12
    unbounded_regs = 48
    unbounded_warps = 40
    [[guarded.decisions]]
    applied = false
    bounded_regs = 48
    bounded_warps = 40
    kernel = "#kernel_function#37"
    maxthreads = 0
    spill_growth_bytes = 0
    target_warps = 12
    unbounded_regs = 48
    unbounded_warps = 40
    [[guarded.decisions]]
    applied = false
    bounded_regs = 48
    bounded_warps = 40
    kernel = "#kernel_function#37"
    maxthreads = 0
    spill_growth_bytes = 0
    target_warps = 12
    unbounded_regs = 48
    unbounded_warps = 40
    [[guarded.decisions]]
    applied = false
    bounded_regs = 48
    bounded_warps = 40
    kernel = "#kernel_function#37"
    maxthreads = 0
    spill_growth_bytes = 0
    target_warps = 12
    unbounded_regs = 48
    unbounded_warps = 40
    [[guarded.decisions]]
    applied = false
    bounded_regs = 48
    bounded_warps = 40
    kernel = "#kernel_function#37"
    maxthreads = 0
    spill_growth_bytes = 0
    target_warps = 12
    unbounded_regs = 48
    unbounded_warps = 40
    [[guarded.decisions]]
    applied = false
    bounded_regs = 48
    bounded_warps = 40
    kernel = "#kernel_function#37"
    maxthreads = 0
    spill_growth_bytes = 0
    target_warps = 12
    unbounded_regs = 48
    unbounded_warps = 40
    [[guarded.decisions]]
    applied = false
    bounded_regs = 48
    bounded_warps = 40
    kernel = "#kernel_function#37"
    maxthreads = 0
    spill_growth_bytes = 0
    target_warps = 12
    unbounded_regs = 48
    unbounded_warps = 40
    [[guarded.decisions]]
    applied = false
    bounded_regs = 48
    bounded_warps = 40
    kernel = "#kernel_function#37"
    maxthreads = 0
    spill_growth_bytes = 0
    target_warps = 12
    unbounded_regs = 48
    unbounded_warps = 40
    [[guarded.decisions]]
    applied = false
    bounded_regs = 48
    bounded_warps = 40
    kernel = "#kernel_function#37"
    maxthreads = 0
    spill_growth_bytes = 0
    target_warps = 12
    unbounded_regs = 48
    unbounded_warps = 40
    [[guarded.decisions]]
    applied = false
    bounded_regs = 48
    bounded_warps = 40
    kernel = "#kernel_function#37"
    maxthreads = 0
    spill_growth_bytes = 0
    target_warps = 12
    unbounded_regs = 48
    unbounded_warps = 40
    [[guarded.decisions]]
    applied = false
    bounded_regs = 48
    bounded_warps = 40
    kernel = "#kernel_function#37"
    maxthreads = 0
    spill_growth_bytes = 0
    target_warps = 12
    unbounded_regs = 48
    unbounded_warps = 40
    [[guarded.decisions]]
    applied = false
    bounded_regs = 48
    bounded_warps = 40
    kernel = "#kernel_function#37"
    maxthreads = 0
    spill_growth_bytes = 0
    target_warps = 12
    unbounded_regs = 48
    unbounded_warps = 40
    [[guarded.decisions]]
    applied = false
    bounded_regs = 48
    bounded_warps = 40
    kernel = "#kernel_function#37"
    maxthreads = 0
    spill_growth_bytes = 0
    target_warps = 12
    unbounded_regs = 48
    unbounded_warps = 40
    [[guarded.decisions]]
    applied = false
    bounded_regs = 48
    bounded_warps = 40
    kernel = "#kernel_function#37"
    maxthreads = 0
    spill_growth_bytes = 0
    target_warps = 12
    unbounded_regs = 48
    unbounded_warps = 40
    [[guarded.decisions]]
    applied = false
    bounded_regs = 48
    bounded_warps = 40
    kernel = "#kernel_function#37"
    maxthreads = 0
    spill_growth_bytes = 0
    target_warps = 12
    unbounded_regs = 48
    unbounded_warps = 40
    [[guarded.decisions]]
    applied = false
    bounded_regs = 48
    bounded_warps = 40
    kernel = "#kernel_function#37"
    maxthreads = 0
    spill_growth_bytes = 0
    target_warps = 12
    unbounded_regs = 48
    unbounded_warps = 40
    [[guarded.decisions]]
    applied = false
    bounded_regs = 48
    bounded_warps = 40
    kernel = "#kernel_function#37"
    maxthreads = 0
    spill_growth_bytes = 0
    target_warps = 12
    unbounded_regs = 48
    unbounded_warps = 40
    [[guarded.decisions]]
    applied = false
    bounded_regs = 48
    bounded_warps = 40
    kernel = "#kernel_function#37"
    maxthreads = 0
    spill_growth_bytes = 0
    target_warps = 12
    unbounded_regs = 48
    unbounded_warps = 40
    [[guarded.decisions]]
    applied = false
    bounded_regs = 48
    bounded_warps = 40
    kernel = "#kernel_function#37"
    maxthreads = 0
    spill_growth_bytes = 0
    target_warps = 12
    unbounded_regs = 48
    unbounded_warps = 40
    [[guarded.decisions]]
    applied = false
    bounded_regs = 48
    bounded_warps = 40
    kernel = "#kernel_function#37"
    maxthreads = 0
    spill_growth_bytes = 0
    target_warps = 12
    unbounded_regs = 48
    unbounded_warps = 40
    [[guarded.decisions]]
    applied = false
    bounded_regs = 48
    bounded_warps = 40
    kernel = "#kernel_function#37"
    maxthreads = 0
    spill_growth_bytes = 0
    target_warps = 12
    unbounded_regs = 48
    unbounded_warps = 40
    [[guarded.decisions]]
    applied = false
    bounded_regs = 48
    bounded_warps = 40
    kernel = "#kernel_function#37"
    maxthreads = 0
    spill_growth_bytes = 0
    target_warps = 12
    unbounded_regs = 48
    unbounded_warps = 40
    [[guarded.decisions]]
    applied = false
    bounded_regs = 48
    bounded_warps = 40
    kernel = "#kernel_function#37"
    maxthreads = 0
    spill_growth_bytes = 0
    target_warps = 12
    unbounded_regs = 48
    unbounded_warps = 40
    [[guarded.decisions]]
    applied = false
    bounded_regs = 48
    bounded_warps = 40
    kernel = "#kernel_function#37"
    maxthreads = 0
    spill_growth_bytes = 0
    target_warps = 12
    unbounded_regs = 48
    unbounded_warps = 40
    [[guarded.decisions]]
    applied = false
    bounded_regs = 48
    bounded_warps = 40
    kernel = "#kernel_function#37"
    maxthreads = 0
    spill_growth_bytes = 0
    target_warps = 12
    unbounded_regs = 48
    unbounded_warps = 40
    [[guarded.decisions]]
    applied = false
    bounded_regs = 48
    bounded_warps = 40
    kernel = "#kernel_function#37"
    maxthreads = 0
    spill_growth_bytes = 0
    target_warps = 12
    unbounded_regs = 48
    unbounded_warps = 40
    [[guarded.decisions]]
    applied = false
    bounded_regs = 48
    bounded_warps = 40
    kernel = "#kernel_function#37"
    maxthreads = 0
    spill_growth_bytes = 0
    target_warps = 12
    unbounded_regs = 48
    unbounded_warps = 40
    [[guarded.decisions]]
    applied = false
    bounded_regs = 48
    bounded_warps = 40
    kernel = "#kernel_function#37"
    maxthreads = 0
    spill_growth_bytes = 0
    target_warps = 12
    unbounded_regs = 48
    unbounded_warps = 40
    [[guarded.decisions]]
    applied = false
    bounded_regs = 48
    bounded_warps = 40
    kernel = "#kernel_function#37"
    maxthreads = 0
    spill_growth_bytes = 0
    target_warps = 12
    unbounded_regs = 48
    unbounded_warps = 40
    [[guarded.decisions]]
    applied = false
    bounded_regs = 48
    bounded_warps = 40
    kernel = "#kernel_function#37"
    maxthreads = 0
    spill_growth_bytes = 0
    target_warps = 12
    unbounded_regs = 48
    unbounded_warps = 40
    [[guarded.decisions]]
    applied = false
    bounded_regs = 48
    bounded_warps = 40
    kernel = "#kernel_function#37"
    maxthreads = 0
    spill_growth_bytes = 0
    target_warps = 12
    unbounded_regs = 48
    unbounded_warps = 40
    [[guarded.decisions]]
    applied = false
    bounded_regs = 48
    bounded_warps = 40
    kernel = "#bycolumn_kernel!"
    maxthreads = 0
    spill_growth_bytes = 0
    target_warps = 12
    unbounded_regs = 48
    unbounded_warps = 40
    [[guarded.decisions]]
    applied = false
    bounded_regs = 48
    bounded_warps = 40
    kernel = "#kernel_function#37"
    maxthreads = 0
    spill_growth_bytes = 0
    target_warps = 12
    unbounded_regs = 48
    unbounded_warps = 40
    [[guarded.decisions]]
    applied = false
    bounded_regs = 48
    bounded_warps = 40
    kernel = "#kernel_function#37"
    maxthreads = 0
    spill_growth_bytes = 0
    target_warps = 12
    unbounded_regs = 48
    unbounded_warps = 40
    [[guarded.decisions]]
    applied = false
    bounded_regs = 48
    bounded_warps = 40
    kernel = "#kernel_function#37"
    maxthreads = 0
    spill_growth_bytes = 0
    target_warps = 12
    unbounded_regs = 48
    unbounded_warps = 40
    [[guarded.decisions]]
    applied = false
    bounded_regs = 48
    bounded_warps = 40
    kernel = "#kernel_function#37"
    maxthreads = 0
    spill_growth_bytes = 0
    target_warps = 12
    unbounded_regs = 48
    unbounded_warps = 40
    [[guarded.decisions]]
    applied = false
    bounded_regs = 48
    bounded_warps = 40
    kernel = "#kernel_function#37"
    maxthreads = 0
    spill_growth_bytes = 0
    target_warps = 12
    unbounded_regs = 48
    unbounded_warps = 40
    [[guarded.decisions]]
    applied = false
    bounded_regs = 48
    bounded_warps = 40
    kernel = "#kernel_function#37"
    maxthreads = 0
    spill_growth_bytes = 0
    target_warps = 12
    unbounded_regs = 48
    unbounded_warps = 40
    [[guarded.decisions]]
    applied = false
    bounded_regs = 48
    bounded_warps = 40
    kernel = "#kernel_function#37"
    maxthreads = 0
    spill_growth_bytes = 0
    target_warps = 12
    unbounded_regs = 48
    unbounded_warps = 40
    [[guarded.decisions]]
    applied = false
    bounded_regs = 48
    bounded_warps = 40
    kernel = "#kernel_function#37"
    maxthreads = 0
    spill_growth_bytes = 0
    target_warps = 12
    unbounded_regs = 48
    unbounded_warps = 40
    [[guarded.decisions]]
    applied = false
    bounded_regs = 48
    bounded_warps = 40
    kernel = "#kernel_function#37"
    maxthreads = 0
    spill_growth_bytes = 0
    target_warps = 12
    unbounded_regs = 48
    unbounded_warps = 40
    [[guarded.decisions]]
    applied = false
    bounded_regs = 48
    bounded_warps = 40
    kernel = "#kernel_function#37"
    maxthreads = 0
    spill_growth_bytes = 0
    target_warps = 12
    unbounded_regs = 48
    unbounded_warps = 40
    [[guarded.decisions]]
    applied = false
    bounded_regs = 48
    bounded_warps = 40
    kernel = "#kernel_function#37"
    maxthreads = 0
    spill_growth_bytes = 0
    target_warps = 12
    unbounded_regs = 48
    unbounded_warps = 40
    [[guarded.decisions]]
    applied = false
    bounded_regs = 48
    bounded_warps = 40
    kernel = "#kernel_function#37"
    maxthreads = 0
    spill_growth_bytes = 0
    target_warps = 12
    unbounded_regs = 48
    unbounded_warps = 40
    [[guarded.decisions]]
    applied = false
    bounded_regs = 48
    bounded_warps = 40
    kernel = "#kernel_function#37"
    maxthreads = 0
    spill_growth_bytes = 0
    target_warps = 12
    unbounded_regs = 48
    unbounded_warps = 40
    [[guarded.decisions]]
    applied = false
    bounded_regs = 48
    bounded_warps = 40
    kernel = "#kernel_function#37"
    maxthreads = 0
    spill_growth_bytes = 0
    target_warps = 12
    unbounded_regs = 48
    unbounded_warps = 40
    [[guarded.decisions]]
    applied = false
    bounded_regs = 48
    bounded_warps = 40
    kernel = "#kernel_function#37"
    maxthreads = 0
    spill_growth_bytes = 0
    target_warps = 12
    unbounded_regs = 48
    unbounded_warps = 40
    [[guarded.decisions]]
    applied = false
    bounded_regs = 48
    bounded_warps = 40
    kernel = "#kernel_function#37"
    maxthreads = 0
    spill_growth_bytes = 0
    target_warps = 12
    unbounded_regs = 48
    unbounded_warps = 40
    [[guarded.decisions]]
    applied = false
    bounded_regs = 48
    bounded_warps = 40
    kernel = "#kernel_function#37"
    maxthreads = 0
    spill_growth_bytes = 0
    target_warps = 12
    unbounded_regs = 48
    unbounded_warps = 40
    [[guarded.decisions]]
    applied = false
    bounded_regs = 48
    bounded_warps = 40
    kernel = "#kernel_function#37"
    maxthreads = 0
    spill_growth_bytes = 0
    target_warps = 12
    unbounded_regs = 48
    unbounded_warps = 40
    [[guarded.decisions]]
    applied = false
    bounded_regs = 48
    bounded_warps = 40
    kernel = "#kernel_function#37"
    maxthreads = 0
    spill_growth_bytes = 0
    target_warps = 12
    unbounded_regs = 48
    unbounded_warps = 40
    [[guarded.decisions]]
    applied = false
    bounded_regs = 48
    bounded_warps = 40
    kernel = "#kernel_function#37"
    maxthreads = 0
    spill_growth_bytes = 0
    target_warps = 12
    unbounded_regs = 48
    unbounded_warps = 40
    [[guarded.decisions]]
    applied = false
    bounded_regs = 48
    bounded_warps = 40
    kernel = "#kernel_function#37"
    maxthreads = 0
    spill_growth_bytes = 0
    target_warps = 12
    unbounded_regs = 48
    unbounded_warps = 40
    [[guarded.decisions]]
    applied = false
    bounded_regs = 48
    bounded_warps = 40
    kernel = "#kernel_function#37"
    maxthreads = 0
    spill_growth_bytes = 0
    target_warps = 12
    unbounded_regs = 48
    unbounded_warps = 40
    [[guarded.decisions]]
    applied = false
    bounded_regs = 48
    bounded_warps = 40
    kernel = "#kernel_function#37"
    maxthreads = 0
    spill_growth_bytes = 0
    target_warps = 12
    unbounded_regs = 48
    unbounded_warps = 40
    [[guarded.decisions]]
    applied = false
    bounded_regs = 48
    bounded_warps = 40
    kernel = "#kernel_function#37"
    maxthreads = 0
    spill_growth_bytes = 0
    target_warps = 12
    unbounded_regs = 48
    unbounded_warps = 40
    [[guarded.decisions]]
    applied = false
    bounded_regs = 48
    bounded_warps = 40
    kernel = "#kernel_function#37"
    maxthreads = 0
    spill_growth_bytes = 0
    target_warps = 12
    unbounded_regs = 48
    unbounded_warps = 40
    [[guarded.decisions]]
    applied = false
    bounded_regs = 48
    bounded_warps = 40
    kernel = "#kernel_function#37"
    maxthreads = 0
    spill_growth_bytes = 0
    target_warps = 12
    unbounded_regs = 48
    unbounded_warps = 40
    [[guarded.decisions]]
    applied = false
    bounded_regs = 48
    bounded_warps = 40
    kernel = "#kernel_function#37"
    maxthreads = 0
    spill_growth_bytes = 0
    target_warps = 12
    unbounded_regs = 48
    unbounded_warps = 40
    [[guarded.decisions]]
    applied = false
    bounded_regs = 48
    bounded_warps = 40
    kernel = "#kernel_function#37"
    maxthreads = 0
    spill_growth_bytes = 0
    target_warps = 12
    unbounded_regs = 48
    unbounded_warps = 40
    [[guarded.decisions]]
    applied = false
    bounded_regs = 48
    bounded_warps = 40
    kernel = "#kernel_function#37"
    maxthreads = 0
    spill_growth_bytes = 0
    target_warps = 12
    unbounded_regs = 48
    unbounded_warps = 40
    [[guarded.decisions]]
    applied = false
    bounded_regs = 48
    bounded_warps = 40
    kernel = "#kernel_function#37"
    maxthreads = 0
    spill_growth_bytes = 0
    target_warps = 12
    unbounded_regs = 48
    unbounded_warps = 40
    [[guarded.decisions]]
    applied = false
    bounded_regs = 48
    bounded_warps = 40
    kernel = "#kernel_function#37"
    maxthreads = 0
    spill_growth_bytes = 0
    target_warps = 12
    unbounded_regs = 48
    unbounded_warps = 40
    [[guarded.decisions]]
    applied = false
    bounded_regs = 48
    bounded_warps = 40
    kernel = "#kernel_function#37"
    maxthreads = 0
    spill_growth_bytes = 0
    target_warps = 12
    unbounded_regs = 48
    unbounded_warps = 40
    [[guarded.decisions]]
    applied = false
    bounded_regs = 48
    bounded_warps = 40
    kernel = "#kernel_function#37"
    maxthreads = 0
    spill_growth_bytes = 0
    target_warps = 12
    unbounded_regs = 48
    unbounded_warps = 40
    [[guarded.decisions]]
    applied = false
    bounded_regs = 48
    bounded_warps = 40
    kernel = "#kernel_function#37"
    maxthreads = 0
    spill_growth_bytes = 0
    target_warps = 12
    unbounded_regs = 48
    unbounded_warps = 40
    [[guarded.decisions]]
    applied = false
    bounded_regs = 48
    bounded_warps = 40
    kernel = "#kernel_function#37"
    maxthreads = 0
    spill_growth_bytes = 0
    target_warps = 12
    unbounded_regs = 48
    unbounded_warps = 40
    [[guarded.decisions]]
    applied = false
    bounded_regs = 48
    bounded_warps = 40
    kernel = "#kernel_function#37"
    maxthreads = 0
    spill_growth_bytes = 0
    target_warps = 12
    unbounded_regs = 48
    unbounded_warps = 40
    [[guarded.decisions]]
    applied = false
    bounded_regs = 48
    bounded_warps = 40
    kernel = "#kernel_function#37"
    maxthreads = 0
    spill_growth_bytes = 0
    target_warps = 12
    unbounded_regs = 48
    unbounded_warps = 40
    [[guarded.decisions]]
    applied = false
    bounded_regs = 48
    bounded_warps = 40
    kernel = "#kernel_function#37"
    maxthreads = 0
    spill_growth_bytes = 0
    target_warps = 12
    unbounded_regs = 48
    unbounded_warps = 40
    [[guarded.decisions]]
    applied = false
    bounded_regs = 48
    bounded_warps = 40
    kernel = "#kernel_function#37"
    maxthreads = 0
    spill_growth_bytes = 0
    target_warps = 12
    unbounded_regs = 48
    unbounded_warps = 40
    [[guarded.decisions]]
    applied = false
    bounded_regs = 48
    bounded_warps = 40
    kernel = "#kernel_function#37"
    maxthreads = 0
    spill_growth_bytes = 0
    target_warps = 12
    unbounded_regs = 48
    unbounded_warps = 40
    [[guarded.decisions]]
    applied = false
    bounded_regs = 48
    bounded_warps = 40
    kernel = "#kernel_function#37"
    maxthreads = 0
    spill_growth_bytes = 0
    target_warps = 12
    unbounded_regs = 48
    unbounded_warps = 40
    [[guarded.decisions]]
    applied = false
    bounded_regs = 48
    bounded_warps = 40
    kernel = "#kernel_function#37"
    maxthreads = 0
    spill_growth_bytes = 0
    target_warps = 12
    unbounded_regs = 48
    unbounded_warps = 40
    [[guarded.decisions]]
    applied = false
    bounded_regs = 48
    bounded_warps = 40
    kernel = "#kernel_function#37"
    maxthreads = 0
    spill_growth_bytes = 0
    target_warps = 12
    unbounded_regs = 48
    unbounded_warps = 40
    [[guarded.decisions]]
    applied = false
    bounded_regs = 48
    bounded_warps = 40
    kernel = "#kernel_function#37"
    maxthreads = 0
    spill_growth_bytes = 0
    target_warps = 12
    unbounded_regs = 48
    unbounded_warps = 40
    [[guarded.decisions]]
    applied = false
    bounded_regs = 48
    bounded_warps = 40
    kernel = "#kernel_function#37"
    maxthreads = 0
    spill_growth_bytes = 0
    target_warps = 12
    unbounded_regs = 48
    unbounded_warps = 40
    [[guarded.decisions]]
    applied = false
    bounded_regs = 48
    bounded_warps = 40
    kernel = "#kernel_function#37"
    maxthreads = 0
    spill_growth_bytes = 0
    target_warps = 12
    unbounded_regs = 48
    unbounded_warps = 40
    [[guarded.decisions]]
    applied = false
    bounded_regs = 48
    bounded_warps = 40
    kernel = "#kernel_function#37"
    maxthreads = 0
    spill_growth_bytes = 0
    target_warps = 12
    unbounded_regs = 48
    unbounded_warps = 40
    [[guarded.decisions]]
    applied = false
    bounded_regs = 48
    bounded_warps = 40
    kernel = "#kernel_function#37"
    maxthreads = 0
    spill_growth_bytes = 0
    target_warps = 12
    unbounded_regs = 48
    unbounded_warps = 40
    [[guarded.decisions]]
    applied = false
    bounded_regs = 48
    bounded_warps = 40
    kernel = "#kernel_function#37"
    maxthreads = 0
    spill_growth_bytes = 0
    target_warps = 12
    unbounded_regs = 48
    unbounded_warps = 40
    [[guarded.decisions]]
    applied = false
    bounded_regs = 48
    bounded_warps = 40
    kernel = "#kernel_function#37"
    maxthreads = 0
    spill_growth_bytes = 0
    target_warps = 12
    unbounded_regs = 48
    unbounded_warps = 40
    [[guarded.decisions]]
    applied = false
    bounded_regs = 48
    bounded_warps = 40
    kernel = "#kernel_function#37"
    maxthreads = 0
    spill_growth_bytes = 0
    target_warps = 12
    unbounded_regs = 48
    unbounded_warps = 40
    [[guarded.decisions]]
    applied = false
    bounded_regs = 48
    bounded_warps = 40
    kernel = "#kernel_function#37"
    maxthreads = 0
    spill_growth_bytes = 0
    target_warps = 12
    unbounded_regs = 48
    unbounded_warps = 40
    [[guarded.decisions]]
    applied = false
    bounded_regs = 48
    bounded_warps = 40
    kernel = "#kernel_function#37"
    maxthreads = 0
    spill_growth_bytes = 0
    target_warps = 12
    unbounded_regs = 48
    unbounded_warps = 40
    [[guarded.decisions]]
    applied = false
    bounded_regs = 48
    bounded_warps = 40
    kernel = "#kernel_function#37"
    maxthreads = 0
    spill_growth_bytes = 0
    target_warps = 12
    unbounded_regs = 48
    unbounded_warps = 40
    [[guarded.decisions]]
    applied = false
    bounded_regs = 48
    bounded_warps = 40
    kernel = "#kernel_function#37"
    maxthreads = 0
    spill_growth_bytes = 0
    target_warps = 12
    unbounded_regs = 48
    unbounded_warps = 40
    [[guarded.decisions]]
    applied = false
    bounded_regs = 48
    bounded_warps = 40
    kernel = "#kernel_function#37"
    maxthreads = 0
    spill_growth_bytes = 0
    target_warps = 12
    unbounded_regs = 48
    unbounded_warps = 40
    [[guarded.decisions]]
    applied = false
    bounded_regs = 48
    bounded_warps = 40
    kernel = "#kernel_function#37"
    maxthreads = 0
    spill_growth_bytes = 0
    target_warps = 12
    unbounded_regs = 48
    unbounded_warps = 40
    [[guarded.decisions]]
    applied = false
    bounded_regs = 48
    bounded_warps = 40
    kernel = "#kernel_function#37"
    maxthreads = 0
    spill_growth_bytes = 0
    target_warps = 12
    unbounded_regs = 48
    unbounded_warps = 40
    [[guarded.decisions]]
    applied = false
    bounded_regs = 46
    bounded_warps = 40
    kernel = "#kernel_function#37"
    maxthreads = 0
    spill_growth_bytes = 0
    target_warps = 12
    unbounded_regs = 46
    unbounded_warps = 40
    [[guarded.decisions]]
    applied = false
    bounded_regs = 46
    bounded_warps = 40
    kernel = "#kernel_function#37"
    maxthreads = 0
    spill_growth_bytes = 0
    target_warps = 12
    unbounded_regs = 46
    unbounded_warps = 40
    [[guarded.decisions]]
    applied = false
    bounded_regs = 46
    bounded_warps = 40
    kernel = "#kernel_function#37"
    maxthreads = 0
    spill_growth_bytes = 0
    target_warps = 12
    unbounded_regs = 46
    unbounded_warps = 40
    [[guarded.decisions]]
    applied = false
    bounded_regs = 46
    bounded_warps = 40
    kernel = "#kernel_function#37"
    maxthreads = 0
    spill_growth_bytes = 0
    target_warps = 12
    unbounded_regs = 46
    unbounded_warps = 40
    [[guarded.decisions]]
    applied = false
    bounded_regs = 43
    bounded_warps = 40
    kernel = "#kernel_function#37"
    maxthreads = 0
    spill_growth_bytes = 0
    target_warps = 12
    unbounded_regs = 43
    unbounded_warps = 40
    [[guarded.decisions]]
    applied = false
    bounded_regs = 40
    bounded_warps = 48
    kernel = "#kernel_function#37"
    maxthreads = 0
    spill_growth_bytes = 0
    target_warps = 12
    unbounded_regs = 40
    unbounded_warps = 48
    [[guarded.decisions]]
    applied = false
    bounded_regs = 40
    bounded_warps = 48
    kernel = "#kernel_function#37"
    maxthreads = 0
    spill_growth_bytes = 0
    target_warps = 12
    unbounded_regs = 40
    unbounded_warps = 48
    [[guarded.decisions]]
    applied = false
    bounded_regs = 40
    bounded_warps = 48
    kernel = "#kernel_function#37"
    maxthreads = 0
    spill_growth_bytes = 0
    target_warps = 12
    unbounded_regs = 40
    unbounded_warps = 48
    [[guarded.decisions]]
    applied = false
    bounded_regs = 40
    bounded_warps = 48
    kernel = "#kernel_function#37"
    maxthreads = 0
    spill_growth_bytes = 0
    target_warps = 12
    unbounded_regs = 40
    unbounded_warps = 48
    [[guarded.decisions]]
    applied = false
    bounded_regs = 40
    bounded_warps = 48
    kernel = "#kernel_function#37"
    maxthreads = 0
    spill_growth_bytes = 0
    target_warps = 12
    unbounded_regs = 40
    unbounded_warps = 48
    [[guarded.decisions]]
    applied = false
    bounded_regs = 40
    bounded_warps = 48
    kernel = "#kernel_function#37"
    maxthreads = 0
    spill_growth_bytes = 0
    target_warps = 12
    unbounded_regs = 40
    unbounded_warps = 48
    [[guarded.decisions]]
    applied = false
    bounded_regs = 40
    bounded_warps = 48
    kernel = "#bycolumn_kernel!"
    maxthreads = 0
    spill_growth_bytes = 0
    target_warps = 12
    unbounded_regs = 40
    unbounded_warps = 48
    [[guarded.decisions]]
    applied = false
    bounded_regs = 40
    bounded_warps = 48
    kernel = "#kernel_function#37"
    maxthreads = 0
    spill_growth_bytes = 0
    target_warps = 12
    unbounded_regs = 40
    unbounded_warps = 48
    [[guarded.decisions]]
    applied = false
    bounded_regs = 40
    bounded_warps = 48
    kernel = "#kernel_function#37"
    maxthreads = 0
    spill_growth_bytes = 0
    target_warps = 12
    unbounded_regs = 40
    unbounded_warps = 48
    [[guarded.decisions]]
    applied = false
    bounded_regs = 40
    bounded_warps = 48
    kernel = "#kernel_function#37"
    maxthreads = 0
    spill_growth_bytes = 0
    target_warps = 12
    unbounded_regs = 40
    unbounded_warps = 48
    [[guarded.decisions]]
    applied = false
    bounded_regs = 40
    bounded_warps = 48
    kernel = "#kernel_function#37"
    maxthreads = 0
    spill_growth_bytes = 0
    target_warps = 12
    unbounded_regs = 40
    unbounded_warps = 48
    [[guarded.decisions]]
    applied = false
    bounded_regs = 40
    bounded_warps = 48
    kernel = "#kernel_function#37"
    maxthreads = 0
    spill_growth_bytes = 0
    target_warps = 12
    unbounded_regs = 40
    unbounded_warps = 48
    [[guarded.decisions]]
    applied = false
    bounded_regs = 40
    bounded_warps = 48
    kernel = "#kernel_function#37"
    maxthreads = 0
    spill_growth_bytes = 0
    target_warps = 12
    unbounded_regs = 40
    unbounded_warps = 48
    [[guarded.decisions]]
    applied = false
    bounded_regs = 40
    bounded_warps = 48
    kernel = "#set_interpolated_values_bilinear_3d_kernel!"
    maxthreads = 0
    spill_growth_bytes = 0
    target_warps = 12
    unbounded_regs = 40
    unbounded_warps = 48
    [[guarded.decisions]]
    applied = false
    bounded_regs = 40
    bounded_warps = 48
    kernel = "#kernel_function#37"
    maxthreads = 0
    spill_growth_bytes = 0
    target_warps = 12
    unbounded_regs = 40
    unbounded_warps = 48
    [[guarded.decisions]]
    applied = false
    bounded_regs = 40
    bounded_warps = 48
    kernel = "#72#73"
    maxthreads = 0
    spill_growth_bytes = 0
    target_warps = 12
    unbounded_regs = 40
    unbounded_warps = 48
    [[guarded.decisions]]
    applied = false
    bounded_regs = 40
    bounded_warps = 48
    kernel = "#66#67"
    maxthreads = 0
    spill_growth_bytes = 0
    target_warps = 12
    unbounded_regs = 40
    unbounded_warps = 48
    [[guarded.decisions]]
    applied = false
    bounded_regs = 40
    bounded_warps = 48
    kernel = "#kernel_function#37"
    maxthreads = 0
    spill_growth_bytes = 0
    target_warps = 12
    unbounded_regs = 40
    unbounded_warps = 48
    [[guarded.decisions]]
    applied = false
    bounded_regs = 40
    bounded_warps = 48
    kernel = "#bycolumn_kernel!"
    maxthreads = 0
    spill_growth_bytes = 0
    target_warps = 12
    unbounded_regs = 40
    unbounded_warps = 48
    [[guarded.decisions]]
    applied = false
    bounded_regs = 40
    bounded_warps = 48
    kernel = "#kernel_function#37"
    maxthreads = 0
    spill_growth_bytes = 0
    target_warps = 12
    unbounded_regs = 40
    unbounded_warps = 48
    [[guarded.decisions]]
    applied = false
    bounded_regs = 40
    bounded_warps = 48
    kernel = "#kernel_function#37"
    maxthreads = 0
    spill_growth_bytes = 0
    target_warps = 12
    unbounded_regs = 40
    unbounded_warps = 48
    [[guarded.decisions]]
    applied = false
    bounded_regs = 40
    bounded_warps = 48
    kernel = "#kernel_function#37"
    maxthreads = 0
    spill_growth_bytes = 0
    target_warps = 12
    unbounded_regs = 40
    unbounded_warps = 48
    [[guarded.decisions]]
    applied = false
    bounded_regs = 40
    bounded_warps = 48
    kernel = "#kernel_function#37"
    maxthreads = 0
    spill_growth_bytes = 0
    target_warps = 12
    unbounded_regs = 40
    unbounded_warps = 48
    [[guarded.decisions]]
    applied = false
    bounded_regs = 40
    bounded_warps = 48
    kernel = "#kernel_function#37"
    maxthreads = 0
    spill_growth_bytes = 0
    target_warps = 12
    unbounded_regs = 40
    unbounded_warps = 48
    [[guarded.decisions]]
    applied = false
    bounded_regs = 40
    bounded_warps = 48
    kernel = "#kernel_function#37"
    maxthreads = 0
    spill_growth_bytes = 0
    target_warps = 12
    unbounded_regs = 40
    unbounded_warps = 48
    [[guarded.decisions]]
    applied = false
    bounded_regs = 40
    bounded_warps = 48
    kernel = "#kernel_function#37"
    maxthreads = 0
    spill_growth_bytes = 0
    target_warps = 12
    unbounded_regs = 40
    unbounded_warps = 48
    [[guarded.decisions]]
    applied = false
    bounded_regs = 40
    bounded_warps = 48
    kernel = "#bycolumn_kernel!"
    maxthreads = 0
    spill_growth_bytes = 0
    target_warps = 12
    unbounded_regs = 40
    unbounded_warps = 48
    [[guarded.decisions]]
    applied = false
    bounded_regs = 40
    bounded_warps = 48
    kernel = "#kernel_function#37"
    maxthreads = 0
    spill_growth_bytes = 0
    target_warps = 12
    unbounded_regs = 40
    unbounded_warps = 48
    [[guarded.decisions]]
    applied = false
    bounded_regs = 40
    bounded_warps = 48
    kernel = "#kernel_function#37"
    maxthreads = 0
    spill_growth_bytes = 0
    target_warps = 12
    unbounded_regs = 40
    unbounded_warps = 48
    [[guarded.decisions]]
    applied = false
    bounded_regs = 40
    bounded_warps = 48
    kernel = "#kernel_function#37"
    maxthreads = 0
    spill_growth_bytes = 0
    target_warps = 12
    unbounded_regs = 40
    unbounded_warps = 48
    [[guarded.decisions]]
    applied = false
    bounded_regs = 40
    bounded_warps = 48
    kernel = "#bycolumn_kernel!"
    maxthreads = 0
    spill_growth_bytes = 0
    target_warps = 12
    unbounded_regs = 40
    unbounded_warps = 48
    [[guarded.decisions]]
    applied = false
    bounded_regs = 40
    bounded_warps = 48
    kernel = "#kernel_function#37"
    maxthreads = 0
    spill_growth_bytes = 0
    target_warps = 12
    unbounded_regs = 40
    unbounded_warps = 48
    [[guarded.decisions]]
    applied = false
    bounded_regs = 40
    bounded_warps = 48
    kernel = "#kernel_function#37"
    maxthreads = 0
    spill_growth_bytes = 0
    target_warps = 12
    unbounded_regs = 40
    unbounded_warps = 48
    [[guarded.decisions]]
    applied = false
    bounded_regs = 40
    bounded_warps = 48
    kernel = "#kernel_function#37"
    maxthreads = 0
    spill_growth_bytes = 0
    target_warps = 12
    unbounded_regs = 40
    unbounded_warps = 48
    [[guarded.decisions]]
    applied = false
    bounded_regs = 40
    bounded_warps = 48
    kernel = "#kernel_function#37"
    maxthreads = 0
    spill_growth_bytes = 0
    target_warps = 12
    unbounded_regs = 40
    unbounded_warps = 48
    [[guarded.decisions]]
    applied = false
    bounded_regs = 40
    bounded_warps = 48
    kernel = "#kernel_function#37"
    maxthreads = 0
    spill_growth_bytes = 0
    target_warps = 12
    unbounded_regs = 40
    unbounded_warps = 48
    [[guarded.decisions]]
    applied = false
    bounded_regs = 40
    bounded_warps = 48
    kernel = "#kernel_function#37"
    maxthreads = 0
    spill_growth_bytes = 0
    target_warps = 12
    unbounded_regs = 40
    unbounded_warps = 48
    [[guarded.decisions]]
    applied = false
    bounded_regs = 40
    bounded_warps = 48
    kernel = "#kernel_function#37"
    maxthreads = 0
    spill_growth_bytes = 0
    target_warps = 12
    unbounded_regs = 40
    unbounded_warps = 48
    [[guarded.decisions]]
    applied = false
    bounded_regs = 39
    bounded_warps = 48
    kernel = "#64#65"
    maxthreads = 0
    spill_growth_bytes = 0
    target_warps = 12
    unbounded_regs = 39
    unbounded_warps = 48
    [[guarded.decisions]]
    applied = false
    bounded_regs = 39
    bounded_warps = 48
    kernel = "#64#65"
    maxthreads = 0
    spill_growth_bytes = 0
    target_warps = 12
    unbounded_regs = 39
    unbounded_warps = 48
    [[guarded.decisions]]
    applied = false
    bounded_regs = 38
    bounded_warps = 48
    kernel = "#kernel_function#37"
    maxthreads = 0
    spill_growth_bytes = 0
    target_warps = 12
    unbounded_regs = 38
    unbounded_warps = 48
    [[guarded.decisions]]
    applied = false
    bounded_regs = 38
    bounded_warps = 48
    kernel = "#kernel_function#37"
    maxthreads = 0
    spill_growth_bytes = 0
    target_warps = 12
    unbounded_regs = 38
    unbounded_warps = 48
    [[guarded.decisions]]
    applied = false
    bounded_regs = 38
    bounded_warps = 48
    kernel = "#kernel_function#37"
    maxthreads = 0
    spill_growth_bytes = 0
    target_warps = 12
    unbounded_regs = 38
    unbounded_warps = 48
    [[guarded.decisions]]
    applied = false
    bounded_regs = 38
    bounded_warps = 48
    kernel = "#kernel_function#37"
    maxthreads = 0
    spill_growth_bytes = 0
    target_warps = 12
    unbounded_regs = 38
    unbounded_warps = 48
    [[guarded.decisions]]
    applied = false
    bounded_regs = 38
    bounded_warps = 48
    kernel = "#kernel_function#37"
    maxthreads = 0
    spill_growth_bytes = 0
    target_warps = 12
    unbounded_regs = 38
    unbounded_warps = 48
    [[guarded.decisions]]
    applied = false
    bounded_regs = 38
    bounded_warps = 48
    kernel = "#kernel_function#37"
    maxthreads = 0
    spill_growth_bytes = 0
    target_warps = 12
    unbounded_regs = 38
    unbounded_warps = 48
    [[guarded.decisions]]
    applied = false
    bounded_regs = 38
    bounded_warps = 48
    kernel = "#kernel_function#37"
    maxthreads = 0
    spill_growth_bytes = 0
    target_warps = 12
    unbounded_regs = 38
    unbounded_warps = 48
    [[guarded.decisions]]
    applied = false
    bounded_regs = 38
    bounded_warps = 48
    kernel = "#kernel_function#37"
    maxthreads = 0
    spill_growth_bytes = 0
    target_warps = 12
    unbounded_regs = 38
    unbounded_warps = 48
    [[guarded.decisions]]
    applied = false
    bounded_regs = 38
    bounded_warps = 48
    kernel = "#kernel_function#37"
    maxthreads = 0
    spill_growth_bytes = 0
    target_warps = 12
    unbounded_regs = 38
    unbounded_warps = 48
    [[guarded.decisions]]
    applied = false
    bounded_regs = 38
    bounded_warps = 48
    kernel = "#kernel_function#37"
    maxthreads = 0
    spill_growth_bytes = 0
    target_warps = 12
    unbounded_regs = 38
    unbounded_warps = 48
    [[guarded.decisions]]
    applied = false
    bounded_regs = 38
    bounded_warps = 48
    kernel = "#kernel_function#37"
    maxthreads = 0
    spill_growth_bytes = 0
    target_warps = 12
    unbounded_regs = 38
    unbounded_warps = 48
    [[guarded.decisions]]
    applied = false
    bounded_regs = 38
    bounded_warps = 48
    kernel = "#kernel_function#37"
    maxthreads = 0
    spill_growth_bytes = 0
    target_warps = 12
    unbounded_regs = 38
    unbounded_warps = 48
    [[guarded.decisions]]
    applied = false
    bounded_regs = 38
    bounded_warps = 48
    kernel = "#kernel_function#37"
    maxthreads = 0
    spill_growth_bytes = 0
    target_warps = 12
    unbounded_regs = 38
    unbounded_warps = 48
    [[guarded.decisions]]
    applied = false
    bounded_regs = 32
    bounded_warps = 64
    kernel = "#66#67"
    maxthreads = 0
    spill_growth_bytes = 0
    target_warps = 12
    unbounded_regs = 32
    unbounded_warps = 64
    [[guarded.decisions]]
    applied = false
    bounded_regs = 32
    bounded_warps = 64
    kernel = "#64#65"
    maxthreads = 0
    spill_growth_bytes = 0
    target_warps = 12
    unbounded_regs = 32
    unbounded_warps = 64
    [[guarded.decisions]]
    applied = false
    bounded_regs = 32
    bounded_warps = 64
    kernel = "#64#65"
    maxthreads = 0
    spill_growth_bytes = 0
    target_warps = 12
    unbounded_regs = 32
    unbounded_warps = 64
    [[guarded.decisions]]
    applied = false
    bounded_regs = 32
    bounded_warps = 64
    kernel = "#64#65"
    maxthreads = 0
    spill_growth_bytes = 0
    target_warps = 12
    unbounded_regs = 32
    unbounded_warps = 64
    [[guarded.decisions]]
    applied = false
    bounded_regs = 32
    bounded_warps = 64
    kernel = "#66#67"
    maxthreads = 0
    spill_growth_bytes = 0
    target_warps = 12
    unbounded_regs = 32
    unbounded_warps = 64
    [[guarded.decisions]]
    applied = false
    bounded_regs = 32
    bounded_warps = 64
    kernel = "#66#67"
    maxthreads = 0
    spill_growth_bytes = 0
    target_warps = 12
    unbounded_regs = 32
    unbounded_warps = 64
    [[guarded.decisions]]
    applied = false
    bounded_regs = 32
    bounded_warps = 64
    kernel = "#72#73"
    maxthreads = 0
    spill_growth_bytes = 0
    target_warps = 12
    unbounded_regs = 32
    unbounded_warps = 64
    [[guarded.decisions]]
    applied = false
    bounded_regs = 32
    bounded_warps = 64
    kernel = "#72#73"
    maxthreads = 0
    spill_growth_bytes = 0
    target_warps = 12
    unbounded_regs = 32
    unbounded_warps = 64
    [[guarded.decisions]]
    applied = false
    bounded_regs = 32
    bounded_warps = 64
    kernel = "#64#65"
    maxthreads = 0
    spill_growth_bytes = 0
    target_warps = 12
    unbounded_regs = 32
    unbounded_warps = 64
    [[guarded.decisions]]
    applied = false
    bounded_regs = 32
    bounded_warps = 64
    kernel = "#72#73"
    maxthreads = 0
    spill_growth_bytes = 0
    target_warps = 12
    unbounded_regs = 32
    unbounded_warps = 64
    [[guarded.decisions]]
    applied = false
    bounded_regs = 32
    bounded_warps = 64
    kernel = "#64#65"
    maxthreads = 0
    spill_growth_bytes = 0
    target_warps = 12
    unbounded_regs = 32
    unbounded_warps = 64
    [[guarded.decisions]]
    applied = false
    bounded_regs = 32
    bounded_warps = 64
    kernel = "#66#67"
    maxthreads = 0
    spill_growth_bytes = 0
    target_warps = 12
    unbounded_regs = 32
    unbounded_warps = 64
    [[guarded.decisions]]
    applied = false
    bounded_regs = 32
    bounded_warps = 64
    kernel = "#set_interpolated_values_bilinear_2d_kernel!"
    maxthreads = 0
    spill_growth_bytes = 0
    target_warps = 12
    unbounded_regs = 32
    unbounded_warps = 64
    [[guarded.decisions]]
    applied = false
    bounded_regs = 32
    bounded_warps = 64
    kernel = "#66#67"
    maxthreads = 0
    spill_growth_bytes = 0
    target_warps = 12
    unbounded_regs = 32
    unbounded_warps = 64
    [[guarded.decisions]]
    applied = false
    bounded_regs = 32
    bounded_warps = 64
    kernel = "#66#67"
    maxthreads = 0
    spill_growth_bytes = 0
    target_warps = 12
    unbounded_regs = 32
    unbounded_warps = 64
    [[guarded.decisions]]
    applied = false
    bounded_regs = 32
    bounded_warps = 64
    kernel = "#66#67"
    maxthreads = 0
    spill_growth_bytes = 0
    target_warps = 12
    unbounded_regs = 32
    unbounded_warps = 64
    [[guarded.decisions]]
    applied = false
    bounded_regs = 30
    bounded_warps = 64
    kernel = "#set_interpolated_values_kernel!"
    maxthreads = 0
    spill_growth_bytes = 0
    target_warps = 12
    unbounded_regs = 30
    unbounded_warps = 64
    [[guarded.decisions]]
    applied = false
    bounded_regs = 17
    bounded_warps = 64
    kernel = "#68#69"
    maxthreads = 0
    spill_growth_bytes = 0
    target_warps = 12
    unbounded_regs = 17
    unbounded_warps = 64
    [[guarded.decisions]]
    applied = false
    bounded_regs = 17
    bounded_warps = 64
    kernel = "#70#71"
    maxthreads = 0
    spill_growth_bytes = 0
    target_warps = 12
    unbounded_regs = 17
    unbounded_warps = 64

    [guarded.kernels.L1011]
    block = "CUDA.CuDim3(0x00000280, 0x00000001, 0x00000001)"
    calls = 50
    grid = "CUDA.CuDim3(0x000000d8, 0x00000001, 0x00000001)"
    kernel = "set_microphysics_tendency_cache__FILE_ClimaAtmos_jl_mod_src_cache_microphysics_cache_jl_L1011"
    local_mem = "(thread = 0, total = 251265024)"
    mean_ms = 0.022344589233398438
    registers = 48
    total_s = 0.0011172294616699219

    [guarded.kernels.L1012]
    block = "CUDA.CuDim3(0x00000280, 0x00000001, 0x00000001)"
    calls = 50
    grid = "CUDA.CuDim3(0x000000d8, 0x00000001, 0x00000001)"
    kernel = "set_microphysics_tendency_cache__FILE_ClimaAtmos_jl_mod_src_cache_microphysics_cache_jl_L1012"
    local_mem = "(thread = 0, total = 251265024)"
    mean_ms = 0.035343170166015625
    registers = 48
    total_s = 0.0017671585083007812

    [guarded.kernels.L1013]
    block = "CUDA.CuDim3(0x00000100, 0x00000001, 0x00000001)"
    calls = 50
    grid = "CUDA.CuDim3(0x0000006c, 0x00000001, 0x00000001)"
    kernel = "set_microphysics_tendency_cache__FILE_ClimaAtmos_jl_mod_src_cache_microphysics_cache_jl_L1013"
    local_mem = "(thread = 0, total = 732561408)"
    mean_ms = 25.90163230895996
    registers = 255
    total_s = 1.295081615447998

    [guarded.kernels.L970]
    block = "CUDA.CuDim3(0x00000180, 0x00000001, 0x00000001)"
    calls = 50
    grid = "CUDA.CuDim3(0x0000006c, 0x00000001, 0x00000001)"
    kernel = "set_microphysics_tendency_cache__FILE_ClimaAtmos_jl_mod_src_cache_microphysics_cache_jl_L970"
    local_mem = "(thread = 0, total = 272498688)"
    mean_ms = 2.7197265625
    registers = 168
    total_s = 0.135986328125

    [guarded.kernels.L990]
    block = "CUDA.CuDim3(0x00000280, 0x00000001, 0x00000001)"
    calls = 50
    grid = "CUDA.CuDim3(0x000000d8, 0x00000001, 0x00000001)"
    kernel = "set_microphysics_tendency_cache__FILE_ClimaAtmos_jl_mod_src_cache_microphysics_cache_jl_L990"
    local_mem = "(thread = 0, total = 251265024)"
    mean_ms = 0.03002166748046875
    registers = 48
    total_s = 0.0015010833740234375

    [guarded.kernels.L991]
    block = "CUDA.CuDim3(0x00000400, 0x00000001, 0x00000001)"
    calls = 50
    grid = "CUDA.CuDim3(0x0000006c, 0x00000001, 0x00000001)"
    kernel = "set_microphysics_tendency_cache__FILE_ClimaAtmos_jl_mod_src_cache_microphysics_cache_jl_L991"
    local_mem = "(thread = 0, total = 251265024)"
    mean_ms = 0.048012733459472656
    registers = 60
    total_s = 0.002400636672973633

    [guarded.kernels.L992]
    block = "CUDA.CuDim3(0x00000400, 0x00000001, 0x00000001)"
    calls = 50
    grid = "CUDA.CuDim3(0x0000006c, 0x00000001, 0x00000001)"
    kernel = "set_microphysics_tendency_cache__FILE_ClimaAtmos_jl_mod_src_cache_microphysics_cache_jl_L992"
    local_mem = "(thread = 0, total = 251265024)"
    mean_ms = 0.048422813415527344
    registers = 59
    total_s = 0.002421140670776367

    [guarded.kernels.L993]
    block = "CUDA.CuDim3(0x00000400, 0x00000001, 0x00000001)"
    calls = 50
    grid = "CUDA.CuDim3(0x0000006c, 0x00000001, 0x00000001)"
    kernel = "set_microphysics_tendency_cache__FILE_ClimaAtmos_jl_mod_src_cache_microphysics_cache_jl_L993"
    local_mem = "(thread = 0, total = 251265024)"
    mean_ms = 0.04680633544921875
    registers = 60
    total_s = 0.0023403167724609375

    [guarded.kernels.L994]
    block = "CUDA.CuDim3(0x00000400, 0x00000001, 0x00000001)"
    calls = 50
    grid = "CUDA.CuDim3(0x0000006c, 0x00000001, 0x00000001)"
    kernel = "set_microphysics_tendency_cache__FILE_ClimaAtmos_jl_mod_src_cache_microphysics_cache_jl_L994"
    local_mem = "(thread = 0, total = 251265024)"
    mean_ms = 0.046539306640625
    registers = 60
    total_s = 0.00232696533203125

[off]
calls = 50
decisions = []
spill_budget_bytes = 256
target_warps_per_sm = 0

    [off.kernels.L1011]
    block = "CUDA.CuDim3(0x00000280, 0x00000001, 0x00000001)"
    calls = 50
    grid = "CUDA.CuDim3(0x000000d8, 0x00000001, 0x00000001)"
    kernel = "set_microphysics_tendency_cache__FILE_ClimaAtmos_jl_mod_src_cache_microphysics_cache_jl_L1011"
    local_mem = "(thread = 0, total = 251265024)"
    mean_ms = 0.02231121063232422
    registers = 48
    total_s = 0.001115560531616211

    [off.kernels.L1012]
    block = "CUDA.CuDim3(0x00000280, 0x00000001, 0x00000001)"
    calls = 50
    grid = "CUDA.CuDim3(0x000000d8, 0x00000001, 0x00000001)"
    kernel = "set_microphysics_tendency_cache__FILE_ClimaAtmos_jl_mod_src_cache_microphysics_cache_jl_L1012"
    local_mem = "(thread = 0, total = 251265024)"
    mean_ms = 0.035195350646972656
    registers = 48
    total_s = 0.0017597675323486328

    [off.kernels.L1013]
    block = "CUDA.CuDim3(0x00000100, 0x00000001, 0x00000001)"
    calls = 50
    grid = "CUDA.CuDim3(0x0000006c, 0x00000001, 0x00000001)"
    kernel = "set_microphysics_tendency_cache__FILE_ClimaAtmos_jl_mod_src_cache_microphysics_cache_jl_L1013"
    local_mem = "(thread = 0, total = 732561408)"
    mean_ms = 25.924949645996094
    registers = 255
    total_s = 1.2962474822998047

    [off.kernels.L970]
    block = "CUDA.CuDim3(0x00000100, 0x00000001, 0x00000001)"
    calls = 50
    grid = "CUDA.CuDim3(0x0000006c, 0x00000001, 0x00000001)"
    kernel = "set_microphysics_tendency_cache__FILE_ClimaAtmos_jl_mod_src_cache_microphysics_cache_jl_L970"
    local_mem = "(thread = 0, total = 251265024)"
    mean_ms = 3.4918737411499023
    registers = 246
    total_s = 0.17459368705749512

    [off.kernels.L990]
    block = "CUDA.CuDim3(0x00000280, 0x00000001, 0x00000001)"
    calls = 50
    grid = "CUDA.CuDim3(0x000000d8, 0x00000001, 0x00000001)"
    kernel = "set_microphysics_tendency_cache__FILE_ClimaAtmos_jl_mod_src_cache_microphysics_cache_jl_L990"
    local_mem = "(thread = 0, total = 251265024)"
    mean_ms = 0.029516220092773438
    registers = 48
    total_s = 0.0014758110046386719

    [off.kernels.L991]
    block = "CUDA.CuDim3(0x00000400, 0x00000001, 0x00000001)"
    calls = 50
    grid = "CUDA.CuDim3(0x0000006c, 0x00000001, 0x00000001)"
    kernel = "set_microphysics_tendency_cache__FILE_ClimaAtmos_jl_mod_src_cache_microphysics_cache_jl_L991"
    local_mem = "(thread = 0, total = 251265024)"
    mean_ms = 0.047855377197265625
    registers = 60
    total_s = 0.0023927688598632812

    [off.kernels.L992]
    block = "CUDA.CuDim3(0x00000400, 0x00000001, 0x00000001)"
    calls = 50
    grid = "CUDA.CuDim3(0x0000006c, 0x00000001, 0x00000001)"
    kernel = "set_microphysics_tendency_cache__FILE_ClimaAtmos_jl_mod_src_cache_microphysics_cache_jl_L992"
    local_mem = "(thread = 0, total = 251265024)"
    mean_ms = 0.04849433898925781
    registers = 59
    total_s = 0.0024247169494628906

    [off.kernels.L993]
    block = "CUDA.CuDim3(0x00000400, 0x00000001, 0x00000001)"
    calls = 50
    grid = "CUDA.CuDim3(0x0000006c, 0x00000001, 0x00000001)"
    kernel = "set_microphysics_tendency_cache__FILE_ClimaAtmos_jl_mod_src_cache_microphysics_cache_jl_L993"
    local_mem = "(thread = 0, total = 251265024)"
    mean_ms = 0.04689216613769531
    registers = 60
    total_s = 0.0023446083068847656

    [off.kernels.L994]
    block = "CUDA.CuDim3(0x00000400, 0x00000001, 0x00000001)"
    calls = 50
    grid = "CUDA.CuDim3(0x0000006c, 0x00000001, 0x00000001)"
    kernel = "set_microphysics_tendency_cache__FILE_ClimaAtmos_jl_mod_src_cache_microphysics_cache_jl_L994"
    local_mem = "(thread = 0, total = 251265024)"
    mean_ms = 0.04673957824707031
    registers = 60
    total_s = 0.0023369789123535156

[unguarded]
calls = 50
spill_budget_bytes = 8192
target_warps_per_sm = 12

    [[unguarded.decisions]]
    applied = true
    bounded_regs = 168
    bounded_warps = 12
    kernel = "#kernel_function#37"
    maxthreads = 384
    spill_growth_bytes = 344
    target_warps = 12
    unbounded_regs = 255
    unbounded_warps = 8
    [[unguarded.decisions]]
    applied = true
    bounded_regs = 168
    bounded_warps = 12
    kernel = "#kernel_function#37"
    maxthreads = 384
    spill_growth_bytes = 344
    target_warps = 12
    unbounded_regs = 255
    unbounded_warps = 8
    [[unguarded.decisions]]
    applied = true
    bounded_regs = 168
    bounded_warps = 12
    kernel = "#bycolumn_kernel!"
    maxthreads = 384
    spill_growth_bytes = 384
    target_warps = 12
    unbounded_regs = 255
    unbounded_warps = 8
    [[unguarded.decisions]]
    applied = true
    bounded_regs = 168
    bounded_warps = 12
    kernel = "#kernel_function#37"
    maxthreads = 384
    spill_growth_bytes = 336
    target_warps = 12
    unbounded_regs = 254
    unbounded_warps = 8
    [[unguarded.decisions]]
    applied = true
    bounded_regs = 168
    bounded_warps = 12
    kernel = "#kernel_function#37"
    maxthreads = 384
    spill_growth_bytes = 192
    target_warps = 12
    unbounded_regs = 254
    unbounded_warps = 8
    [[unguarded.decisions]]
    applied = true
    bounded_regs = 168
    bounded_warps = 12
    kernel = "#kernel_function#37"
    maxthreads = 384
    spill_growth_bytes = 88
    target_warps = 12
    unbounded_regs = 246
    unbounded_warps = 8
    [[unguarded.decisions]]
    applied = true
    bounded_regs = 168
    bounded_warps = 12
    kernel = "#kernel_function#37"
    maxthreads = 384
    spill_growth_bytes = 240
    target_warps = 12
    unbounded_regs = 234
    unbounded_warps = 8
    [[unguarded.decisions]]
    applied = true
    bounded_regs = 168
    bounded_warps = 12
    kernel = "#72#73"
    maxthreads = 384
    spill_growth_bytes = 56
    target_warps = 12
    unbounded_regs = 214
    unbounded_warps = 8
    [[unguarded.decisions]]
    applied = true
    bounded_regs = 168
    bounded_warps = 12
    kernel = "#kernel_function#37"
    maxthreads = 384
    spill_growth_bytes = 32
    target_warps = 12
    unbounded_regs = 202
    unbounded_warps = 8
    [[unguarded.decisions]]
    applied = true
    bounded_regs = 168
    bounded_warps = 12
    kernel = "#kernel_function#37"
    maxthreads = 384
    spill_growth_bytes = 0
    target_warps = 12
    unbounded_regs = 201
    unbounded_warps = 8
    [[unguarded.decisions]]
    applied = true
    bounded_regs = 165
    bounded_warps = 12
    kernel = "#kernel_function#37"
    maxthreads = 384
    spill_growth_bytes = 0
    target_warps = 12
    unbounded_regs = 196
    unbounded_warps = 8
    [[unguarded.decisions]]
    applied = true
    bounded_regs = 168
    bounded_warps = 12
    kernel = "#kernel_function#37"
    maxthreads = 384
    spill_growth_bytes = 0
    target_warps = 12
    unbounded_regs = 187
    unbounded_warps = 8
    [[unguarded.decisions]]
    applied = true
    bounded_regs = 167
    bounded_warps = 12
    kernel = "#kernel_function#37"
    maxthreads = 384
    spill_growth_bytes = 0
    target_warps = 12
    unbounded_regs = 173
    unbounded_warps = 8
    [[unguarded.decisions]]
    applied = false
    bounded_regs = 163
    bounded_warps = 12
    kernel = "#kernel_function#37"
    maxthreads = 0
    spill_growth_bytes = 0
    target_warps = 12
    unbounded_regs = 163
    unbounded_warps = 12
    [[unguarded.decisions]]
    applied = false
    bounded_regs = 128
    bounded_warps = 16
    kernel = "#bycolumn_kernel!"
    maxthreads = 0
    spill_growth_bytes = 0
    target_warps = 12
    unbounded_regs = 128
    unbounded_warps = 16
    [[unguarded.decisions]]
    applied = false
    bounded_regs = 120
    bounded_warps = 16
    kernel = "#kernel_function#37"
    maxthreads = 0
    spill_growth_bytes = 0
    target_warps = 12
    unbounded_regs = 120
    unbounded_warps = 16
    [[unguarded.decisions]]
    applied = false
    bounded_regs = 120
    bounded_warps = 16
    kernel = "#kernel_function#37"
    maxthreads = 0
    spill_growth_bytes = 0
    target_warps = 12
    unbounded_regs = 120
    unbounded_warps = 16
    [[unguarded.decisions]]
    applied = false
    bounded_regs = 118
    bounded_warps = 16
    kernel = "#kernel_function#37"
    maxthreads = 0
    spill_growth_bytes = 0
    target_warps = 12
    unbounded_regs = 118
    unbounded_warps = 16
    [[unguarded.decisions]]
    applied = false
    bounded_regs = 116
    bounded_warps = 16
    kernel = "#kernel_function#37"
    maxthreads = 0
    spill_growth_bytes = 0
    target_warps = 12
    unbounded_regs = 116
    unbounded_warps = 16
    [[unguarded.decisions]]
    applied = false
    bounded_regs = 116
    bounded_warps = 16
    kernel = "#kernel_function#37"
    maxthreads = 0
    spill_growth_bytes = 0
    target_warps = 12
    unbounded_regs = 116
    unbounded_warps = 16
    [[unguarded.decisions]]
    applied = false
    bounded_regs = 116
    bounded_warps = 16
    kernel = "#kernel_function#37"
    maxthreads = 0
    spill_growth_bytes = 0
    target_warps = 12
    unbounded_regs = 116
    unbounded_warps = 16
    [[unguarded.decisions]]
    applied = false
    bounded_regs = 114
    bounded_warps = 16
    kernel = "#kernel_function#37"
    maxthreads = 0
    spill_growth_bytes = 0
    target_warps = 12
    unbounded_regs = 114
    unbounded_warps = 16
    [[unguarded.decisions]]
    applied = false
    bounded_regs = 114
    bounded_warps = 16
    kernel = "#kernel_function#37"
    maxthreads = 0
    spill_growth_bytes = 0
    target_warps = 12
    unbounded_regs = 114
    unbounded_warps = 16
    [[unguarded.decisions]]
    applied = false
    bounded_regs = 114
    bounded_warps = 16
    kernel = "#kernel_function#37"
    maxthreads = 0
    spill_growth_bytes = 0
    target_warps = 12
    unbounded_regs = 114
    unbounded_warps = 16
    [[unguarded.decisions]]
    applied = false
    bounded_regs = 114
    bounded_warps = 16
    kernel = "#kernel_function#37"
    maxthreads = 0
    spill_growth_bytes = 0
    target_warps = 12
    unbounded_regs = 114
    unbounded_warps = 16
    [[unguarded.decisions]]
    applied = false
    bounded_regs = 113
    bounded_warps = 16
    kernel = "#kernel_function#37"
    maxthreads = 0
    spill_growth_bytes = 0
    target_warps = 12
    unbounded_regs = 113
    unbounded_warps = 16
    [[unguarded.decisions]]
    applied = false
    bounded_regs = 110
    bounded_warps = 16
    kernel = "#kernel_function#37"
    maxthreads = 0
    spill_growth_bytes = 0
    target_warps = 12
    unbounded_regs = 110
    unbounded_warps = 16
    [[unguarded.decisions]]
    applied = false
    bounded_regs = 108
    bounded_warps = 16
    kernel = "#kernel_function#37"
    maxthreads = 0
    spill_growth_bytes = 0
    target_warps = 12
    unbounded_regs = 108
    unbounded_warps = 16
    [[unguarded.decisions]]
    applied = false
    bounded_regs = 104
    bounded_warps = 16
    kernel = "#kernel_function#37"
    maxthreads = 0
    spill_growth_bytes = 0
    target_warps = 12
    unbounded_regs = 104
    unbounded_warps = 16
    [[unguarded.decisions]]
    applied = false
    bounded_regs = 103
    bounded_warps = 16
    kernel = "#kernel_function#37"
    maxthreads = 0
    spill_growth_bytes = 0
    target_warps = 12
    unbounded_regs = 103
    unbounded_warps = 16
    [[unguarded.decisions]]
    applied = false
    bounded_regs = 103
    bounded_warps = 16
    kernel = "#kernel_function#37"
    maxthreads = 0
    spill_growth_bytes = 0
    target_warps = 12
    unbounded_regs = 103
    unbounded_warps = 16
    [[unguarded.decisions]]
    applied = false
    bounded_regs = 103
    bounded_warps = 16
    kernel = "#kernel_function#37"
    maxthreads = 0
    spill_growth_bytes = 0
    target_warps = 12
    unbounded_regs = 103
    unbounded_warps = 16
    [[unguarded.decisions]]
    applied = false
    bounded_regs = 100
    bounded_warps = 16
    kernel = "#kernel_function#37"
    maxthreads = 0
    spill_growth_bytes = 0
    target_warps = 12
    unbounded_regs = 100
    unbounded_warps = 16
    [[unguarded.decisions]]
    applied = false
    bounded_regs = 100
    bounded_warps = 16
    kernel = "#kernel_function#37"
    maxthreads = 0
    spill_growth_bytes = 0
    target_warps = 12
    unbounded_regs = 100
    unbounded_warps = 16
    [[unguarded.decisions]]
    applied = false
    bounded_regs = 100
    bounded_warps = 16
    kernel = "#kernel_function#37"
    maxthreads = 0
    spill_growth_bytes = 0
    target_warps = 12
    unbounded_regs = 100
    unbounded_warps = 16
    [[unguarded.decisions]]
    applied = false
    bounded_regs = 97
    bounded_warps = 16
    kernel = "#kernel_function#37"
    maxthreads = 0
    spill_growth_bytes = 0
    target_warps = 12
    unbounded_regs = 97
    unbounded_warps = 16
    [[unguarded.decisions]]
    applied = false
    bounded_regs = 96
    bounded_warps = 20
    kernel = "#kernel_function#37"
    maxthreads = 0
    spill_growth_bytes = 0
    target_warps = 12
    unbounded_regs = 96
    unbounded_warps = 20
    [[unguarded.decisions]]
    applied = false
    bounded_regs = 96
    bounded_warps = 20
    kernel = "#kernel_function#37"
    maxthreads = 0
    spill_growth_bytes = 0
    target_warps = 12
    unbounded_regs = 96
    unbounded_warps = 20
    [[unguarded.decisions]]
    applied = false
    bounded_regs = 96
    bounded_warps = 20
    kernel = "#kernel_function#37"
    maxthreads = 0
    spill_growth_bytes = 0
    target_warps = 12
    unbounded_regs = 96
    unbounded_warps = 20
    [[unguarded.decisions]]
    applied = false
    bounded_regs = 96
    bounded_warps = 20
    kernel = "#kernel_function#37"
    maxthreads = 0
    spill_growth_bytes = 0
    target_warps = 12
    unbounded_regs = 96
    unbounded_warps = 20
    [[unguarded.decisions]]
    applied = false
    bounded_regs = 94
    bounded_warps = 20
    kernel = "#kernel_function#37"
    maxthreads = 0
    spill_growth_bytes = 0
    target_warps = 12
    unbounded_regs = 94
    unbounded_warps = 20
    [[unguarded.decisions]]
    applied = false
    bounded_regs = 92
    bounded_warps = 20
    kernel = "#kernel_function#37"
    maxthreads = 0
    spill_growth_bytes = 0
    target_warps = 12
    unbounded_regs = 92
    unbounded_warps = 20
    [[unguarded.decisions]]
    applied = false
    bounded_regs = 91
    bounded_warps = 20
    kernel = "#kernel_function#37"
    maxthreads = 0
    spill_growth_bytes = 0
    target_warps = 12
    unbounded_regs = 91
    unbounded_warps = 20
    [[unguarded.decisions]]
    applied = false
    bounded_regs = 90
    bounded_warps = 20
    kernel = "#kernel_function#37"
    maxthreads = 0
    spill_growth_bytes = 0
    target_warps = 12
    unbounded_regs = 90
    unbounded_warps = 20
    [[unguarded.decisions]]
    applied = false
    bounded_regs = 90
    bounded_warps = 20
    kernel = "#kernel_function#37"
    maxthreads = 0
    spill_growth_bytes = 0
    target_warps = 12
    unbounded_regs = 90
    unbounded_warps = 20
    [[unguarded.decisions]]
    applied = false
    bounded_regs = 84
    bounded_warps = 20
    kernel = "#kernel_function#37"
    maxthreads = 0
    spill_growth_bytes = 0
    target_warps = 12
    unbounded_regs = 84
    unbounded_warps = 20
    [[unguarded.decisions]]
    applied = false
    bounded_regs = 84
    bounded_warps = 20
    kernel = "#kernel_function#37"
    maxthreads = 0
    spill_growth_bytes = 0
    target_warps = 12
    unbounded_regs = 84
    unbounded_warps = 20
    [[unguarded.decisions]]
    applied = false
    bounded_regs = 80
    bounded_warps = 24
    kernel = "#kernel_function#37"
    maxthreads = 0
    spill_growth_bytes = 0
    target_warps = 12
    unbounded_regs = 80
    unbounded_warps = 24
    [[unguarded.decisions]]
    applied = false
    bounded_regs = 80
    bounded_warps = 24
    kernel = "#kernel_function#37"
    maxthreads = 0
    spill_growth_bytes = 0
    target_warps = 12
    unbounded_regs = 80
    unbounded_warps = 24
    [[unguarded.decisions]]
    applied = false
    bounded_regs = 80
    bounded_warps = 24
    kernel = "#bycolumn_kernel!"
    maxthreads = 0
    spill_growth_bytes = 0
    target_warps = 12
    unbounded_regs = 80
    unbounded_warps = 24
    [[unguarded.decisions]]
    applied = false
    bounded_regs = 80
    bounded_warps = 24
    kernel = "#kernel_function#37"
    maxthreads = 0
    spill_growth_bytes = 0
    target_warps = 12
    unbounded_regs = 80
    unbounded_warps = 24
    [[unguarded.decisions]]
    applied = false
    bounded_regs = 80
    bounded_warps = 24
    kernel = "#kernel_function#37"
    maxthreads = 0
    spill_growth_bytes = 0
    target_warps = 12
    unbounded_regs = 80
    unbounded_warps = 24
    [[unguarded.decisions]]
    applied = false
    bounded_regs = 80
    bounded_warps = 24
    kernel = "#kernel_function#37"
    maxthreads = 0
    spill_growth_bytes = 0
    target_warps = 12
    unbounded_regs = 80
    unbounded_warps = 24
    [[unguarded.decisions]]
    applied = false
    bounded_regs = 80
    bounded_warps = 24
    kernel = "#kernel_function#37"
    maxthreads = 0
    spill_growth_bytes = 0
    target_warps = 12
    unbounded_regs = 80
    unbounded_warps = 24
    [[unguarded.decisions]]
    applied = false
    bounded_regs = 78
    bounded_warps = 24
    kernel = "#kernel_function#37"
    maxthreads = 0
    spill_growth_bytes = 0
    target_warps = 12
    unbounded_regs = 78
    unbounded_warps = 24
    [[unguarded.decisions]]
    applied = false
    bounded_regs = 78
    bounded_warps = 24
    kernel = "#kernel_function#37"
    maxthreads = 0
    spill_growth_bytes = 0
    target_warps = 12
    unbounded_regs = 78
    unbounded_warps = 24
    [[unguarded.decisions]]
    applied = false
    bounded_regs = 74
    bounded_warps = 24
    kernel = "#kernel_function#37"
    maxthreads = 0
    spill_growth_bytes = 0
    target_warps = 12
    unbounded_regs = 74
    unbounded_warps = 24
    [[unguarded.decisions]]
    applied = false
    bounded_regs = 72
    bounded_warps = 28
    kernel = "#kernel_function#37"
    maxthreads = 0
    spill_growth_bytes = 0
    target_warps = 12
    unbounded_regs = 72
    unbounded_warps = 28
    [[unguarded.decisions]]
    applied = false
    bounded_regs = 72
    bounded_warps = 28
    kernel = "#kernel_function#37"
    maxthreads = 0
    spill_growth_bytes = 0
    target_warps = 12
    unbounded_regs = 72
    unbounded_warps = 28
    [[unguarded.decisions]]
    applied = false
    bounded_regs = 72
    bounded_warps = 28
    kernel = "#kernel_function#37"
    maxthreads = 0
    spill_growth_bytes = 0
    target_warps = 12
    unbounded_regs = 72
    unbounded_warps = 28
    [[unguarded.decisions]]
    applied = false
    bounded_regs = 72
    bounded_warps = 28
    kernel = "#kernel_function#37"
    maxthreads = 0
    spill_growth_bytes = 0
    target_warps = 12
    unbounded_regs = 72
    unbounded_warps = 28
    [[unguarded.decisions]]
    applied = false
    bounded_regs = 71
    bounded_warps = 28
    kernel = "#kernel_function#37"
    maxthreads = 0
    spill_growth_bytes = 0
    target_warps = 12
    unbounded_regs = 71
    unbounded_warps = 28
    [[unguarded.decisions]]
    applied = false
    bounded_regs = 70
    bounded_warps = 28
    kernel = "#kernel_function#37"
    maxthreads = 0
    spill_growth_bytes = 0
    target_warps = 12
    unbounded_regs = 70
    unbounded_warps = 28
    [[unguarded.decisions]]
    applied = false
    bounded_regs = 70
    bounded_warps = 28
    kernel = "#kernel_function#37"
    maxthreads = 0
    spill_growth_bytes = 0
    target_warps = 12
    unbounded_regs = 70
    unbounded_warps = 28
    [[unguarded.decisions]]
    applied = false
    bounded_regs = 70
    bounded_warps = 28
    kernel = "#kernel_function#37"
    maxthreads = 0
    spill_growth_bytes = 0
    target_warps = 12
    unbounded_regs = 70
    unbounded_warps = 28
    [[unguarded.decisions]]
    applied = false
    bounded_regs = 70
    bounded_warps = 28
    kernel = "#kernel_function#37"
    maxthreads = 0
    spill_growth_bytes = 0
    target_warps = 12
    unbounded_regs = 70
    unbounded_warps = 28
    [[unguarded.decisions]]
    applied = false
    bounded_regs = 70
    bounded_warps = 28
    kernel = "#kernel_function#37"
    maxthreads = 0
    spill_growth_bytes = 0
    target_warps = 12
    unbounded_regs = 70
    unbounded_warps = 28
    [[unguarded.decisions]]
    applied = false
    bounded_regs = 70
    bounded_warps = 28
    kernel = "#kernel_function#37"
    maxthreads = 0
    spill_growth_bytes = 0
    target_warps = 12
    unbounded_regs = 70
    unbounded_warps = 28
    [[unguarded.decisions]]
    applied = false
    bounded_regs = 69
    bounded_warps = 28
    kernel = "#kernel_function#37"
    maxthreads = 0
    spill_growth_bytes = 0
    target_warps = 12
    unbounded_regs = 69
    unbounded_warps = 28
    [[unguarded.decisions]]
    applied = false
    bounded_regs = 68
    bounded_warps = 28
    kernel = "#kernel_function#37"
    maxthreads = 0
    spill_growth_bytes = 0
    target_warps = 12
    unbounded_regs = 68
    unbounded_warps = 28
    [[unguarded.decisions]]
    applied = false
    bounded_regs = 68
    bounded_warps = 28
    kernel = "#kernel_function#37"
    maxthreads = 0
    spill_growth_bytes = 0
    target_warps = 12
    unbounded_regs = 68
    unbounded_warps = 28
    [[unguarded.decisions]]
    applied = false
    bounded_regs = 67
    bounded_warps = 28
    kernel = "#kernel_function#37"
    maxthreads = 0
    spill_growth_bytes = 0
    target_warps = 12
    unbounded_regs = 67
    unbounded_warps = 28
    [[unguarded.decisions]]
    applied = false
    bounded_regs = 67
    bounded_warps = 28
    kernel = "#kernel_function#37"
    maxthreads = 0
    spill_growth_bytes = 0
    target_warps = 12
    unbounded_regs = 67
    unbounded_warps = 28
    [[unguarded.decisions]]
    applied = false
    bounded_regs = 67
    bounded_warps = 28
    kernel = "#kernel_function#37"
    maxthreads = 0
    spill_growth_bytes = 0
    target_warps = 12
    unbounded_regs = 67
    unbounded_warps = 28
    [[unguarded.decisions]]
    applied = false
    bounded_regs = 65
    bounded_warps = 28
    kernel = "#kernel_function#37"
    maxthreads = 0
    spill_growth_bytes = 0
    target_warps = 12
    unbounded_regs = 65
    unbounded_warps = 28
    [[unguarded.decisions]]
    applied = false
    bounded_regs = 65
    bounded_warps = 28
    kernel = "#kernel_function#37"
    maxthreads = 0
    spill_growth_bytes = 0
    target_warps = 12
    unbounded_regs = 65
    unbounded_warps = 28
    [[unguarded.decisions]]
    applied = false
    bounded_regs = 64
    bounded_warps = 32
    kernel = "#kernel_function#37"
    maxthreads = 0
    spill_growth_bytes = 0
    target_warps = 12
    unbounded_regs = 64
    unbounded_warps = 32
    [[unguarded.decisions]]
    applied = false
    bounded_regs = 64
    bounded_warps = 32
    kernel = "#kernel_function#37"
    maxthreads = 0
    spill_growth_bytes = 0
    target_warps = 12
    unbounded_regs = 64
    unbounded_warps = 32
    [[unguarded.decisions]]
    applied = false
    bounded_regs = 64
    bounded_warps = 32
    kernel = "#kernel_function#37"
    maxthreads = 0
    spill_growth_bytes = 0
    target_warps = 12
    unbounded_regs = 64
    unbounded_warps = 32
    [[unguarded.decisions]]
    applied = false
    bounded_regs = 64
    bounded_warps = 32
    kernel = "#kernel_function#37"
    maxthreads = 0
    spill_growth_bytes = 0
    target_warps = 12
    unbounded_regs = 64
    unbounded_warps = 32
    [[unguarded.decisions]]
    applied = false
    bounded_regs = 64
    bounded_warps = 32
    kernel = "#kernel_function#37"
    maxthreads = 0
    spill_growth_bytes = 0
    target_warps = 12
    unbounded_regs = 64
    unbounded_warps = 32
    [[unguarded.decisions]]
    applied = false
    bounded_regs = 64
    bounded_warps = 32
    kernel = "#kernel_function#37"
    maxthreads = 0
    spill_growth_bytes = 0
    target_warps = 12
    unbounded_regs = 64
    unbounded_warps = 32
    [[unguarded.decisions]]
    applied = false
    bounded_regs = 64
    bounded_warps = 32
    kernel = "#kernel_function#37"
    maxthreads = 0
    spill_growth_bytes = 0
    target_warps = 12
    unbounded_regs = 64
    unbounded_warps = 32
    [[unguarded.decisions]]
    applied = false
    bounded_regs = 64
    bounded_warps = 32
    kernel = "#kernel_function#37"
    maxthreads = 0
    spill_growth_bytes = 0
    target_warps = 12
    unbounded_regs = 64
    unbounded_warps = 32
    [[unguarded.decisions]]
    applied = false
    bounded_regs = 64
    bounded_warps = 32
    kernel = "#kernel_function#37"
    maxthreads = 0
    spill_growth_bytes = 0
    target_warps = 12
    unbounded_regs = 64
    unbounded_warps = 32
    [[unguarded.decisions]]
    applied = false
    bounded_regs = 64
    bounded_warps = 32
    kernel = "#kernel_function#37"
    maxthreads = 0
    spill_growth_bytes = 0
    target_warps = 12
    unbounded_regs = 64
    unbounded_warps = 32
    [[unguarded.decisions]]
    applied = false
    bounded_regs = 62
    bounded_warps = 32
    kernel = "#kernel_function#37"
    maxthreads = 0
    spill_growth_bytes = 0
    target_warps = 12
    unbounded_regs = 62
    unbounded_warps = 32
    [[unguarded.decisions]]
    applied = false
    bounded_regs = 62
    bounded_warps = 32
    kernel = "#kernel_function#37"
    maxthreads = 0
    spill_growth_bytes = 0
    target_warps = 12
    unbounded_regs = 62
    unbounded_warps = 32
    [[unguarded.decisions]]
    applied = false
    bounded_regs = 62
    bounded_warps = 32
    kernel = "#kernel_function#37"
    maxthreads = 0
    spill_growth_bytes = 0
    target_warps = 12
    unbounded_regs = 62
    unbounded_warps = 32
    [[unguarded.decisions]]
    applied = false
    bounded_regs = 62
    bounded_warps = 32
    kernel = "#kernel_function#37"
    maxthreads = 0
    spill_growth_bytes = 0
    target_warps = 12
    unbounded_regs = 62
    unbounded_warps = 32
    [[unguarded.decisions]]
    applied = false
    bounded_regs = 62
    bounded_warps = 32
    kernel = "#kernel_function#37"
    maxthreads = 0
    spill_growth_bytes = 0
    target_warps = 12
    unbounded_regs = 62
    unbounded_warps = 32
    [[unguarded.decisions]]
    applied = false
    bounded_regs = 61
    bounded_warps = 32
    kernel = "#kernel_function#37"
    maxthreads = 0
    spill_growth_bytes = 0
    target_warps = 12
    unbounded_regs = 61
    unbounded_warps = 32
    [[unguarded.decisions]]
    applied = false
    bounded_regs = 61
    bounded_warps = 32
    kernel = "#72#73"
    maxthreads = 0
    spill_growth_bytes = 0
    target_warps = 12
    unbounded_regs = 61
    unbounded_warps = 32
    [[unguarded.decisions]]
    applied = false
    bounded_regs = 60
    bounded_warps = 32
    kernel = "#kernel_function#37"
    maxthreads = 0
    spill_growth_bytes = 0
    target_warps = 12
    unbounded_regs = 60
    unbounded_warps = 32
    [[unguarded.decisions]]
    applied = false
    bounded_regs = 60
    bounded_warps = 32
    kernel = "#kernel_function#37"
    maxthreads = 0
    spill_growth_bytes = 0
    target_warps = 12
    unbounded_regs = 60
    unbounded_warps = 32
    [[unguarded.decisions]]
    applied = false
    bounded_regs = 60
    bounded_warps = 32
    kernel = "#kernel_function#37"
    maxthreads = 0
    spill_growth_bytes = 0
    target_warps = 12
    unbounded_regs = 60
    unbounded_warps = 32
    [[unguarded.decisions]]
    applied = false
    bounded_regs = 60
    bounded_warps = 32
    kernel = "#kernel_function#37"
    maxthreads = 0
    spill_growth_bytes = 0
    target_warps = 12
    unbounded_regs = 60
    unbounded_warps = 32
    [[unguarded.decisions]]
    applied = false
    bounded_regs = 60
    bounded_warps = 32
    kernel = "#kernel_function#37"
    maxthreads = 0
    spill_growth_bytes = 0
    target_warps = 12
    unbounded_regs = 60
    unbounded_warps = 32
    [[unguarded.decisions]]
    applied = false
    bounded_regs = 60
    bounded_warps = 32
    kernel = "#kernel_function#37"
    maxthreads = 0
    spill_growth_bytes = 0
    target_warps = 12
    unbounded_regs = 60
    unbounded_warps = 32
    [[unguarded.decisions]]
    applied = false
    bounded_regs = 59
    bounded_warps = 32
    kernel = "#kernel_function#37"
    maxthreads = 0
    spill_growth_bytes = 0
    target_warps = 12
    unbounded_regs = 59
    unbounded_warps = 32
    [[unguarded.decisions]]
    applied = false
    bounded_regs = 59
    bounded_warps = 32
    kernel = "#kernel_function#37"
    maxthreads = 0
    spill_growth_bytes = 0
    target_warps = 12
    unbounded_regs = 59
    unbounded_warps = 32
    [[unguarded.decisions]]
    applied = false
    bounded_regs = 59
    bounded_warps = 32
    kernel = "#kernel_function#37"
    maxthreads = 0
    spill_growth_bytes = 0
    target_warps = 12
    unbounded_regs = 59
    unbounded_warps = 32
    [[unguarded.decisions]]
    applied = false
    bounded_regs = 58
    bounded_warps = 32
    kernel = "#kernel_function#39"
    maxthreads = 0
    spill_growth_bytes = 0
    target_warps = 12
    unbounded_regs = 58
    unbounded_warps = 32
    [[unguarded.decisions]]
    applied = false
    bounded_regs = 56
    bounded_warps = 36
    kernel = "#kernel_function#37"
    maxthreads = 0
    spill_growth_bytes = 0
    target_warps = 12
    unbounded_regs = 56
    unbounded_warps = 36
    [[unguarded.decisions]]
    applied = false
    bounded_regs = 56
    bounded_warps = 36
    kernel = "#kernel_function#37"
    maxthreads = 0
    spill_growth_bytes = 0
    target_warps = 12
    unbounded_regs = 56
    unbounded_warps = 36
    [[unguarded.decisions]]
    applied = false
    bounded_regs = 56
    bounded_warps = 36
    kernel = "#kernel_function#39"
    maxthreads = 0
    spill_growth_bytes = 0
    target_warps = 12
    unbounded_regs = 56
    unbounded_warps = 36
    [[unguarded.decisions]]
    applied = false
    bounded_regs = 56
    bounded_warps = 36
    kernel = "#bycolumn_kernel!"
    maxthreads = 0
    spill_growth_bytes = 0
    target_warps = 12
    unbounded_regs = 56
    unbounded_warps = 36
    [[unguarded.decisions]]
    applied = false
    bounded_regs = 56
    bounded_warps = 36
    kernel = "#bycolumn_kernel!"
    maxthreads = 0
    spill_growth_bytes = 0
    target_warps = 12
    unbounded_regs = 56
    unbounded_warps = 36
    [[unguarded.decisions]]
    applied = false
    bounded_regs = 56
    bounded_warps = 36
    kernel = "#kernel_function#37"
    maxthreads = 0
    spill_growth_bytes = 0
    target_warps = 12
    unbounded_regs = 56
    unbounded_warps = 36
    [[unguarded.decisions]]
    applied = false
    bounded_regs = 56
    bounded_warps = 36
    kernel = "#kernel_function#39"
    maxthreads = 0
    spill_growth_bytes = 0
    target_warps = 12
    unbounded_regs = 56
    unbounded_warps = 36
    [[unguarded.decisions]]
    applied = false
    bounded_regs = 56
    bounded_warps = 36
    kernel = "#kernel_function#37"
    maxthreads = 0
    spill_growth_bytes = 0
    target_warps = 12
    unbounded_regs = 56
    unbounded_warps = 36
    [[unguarded.decisions]]
    applied = false
    bounded_regs = 56
    bounded_warps = 36
    kernel = "#kernel_function#37"
    maxthreads = 0
    spill_growth_bytes = 0
    target_warps = 12
    unbounded_regs = 56
    unbounded_warps = 36
    [[unguarded.decisions]]
    applied = false
    bounded_regs = 56
    bounded_warps = 36
    kernel = "#kernel_function#37"
    maxthreads = 0
    spill_growth_bytes = 0
    target_warps = 12
    unbounded_regs = 56
    unbounded_warps = 36
    [[unguarded.decisions]]
    applied = false
    bounded_regs = 56
    bounded_warps = 36
    kernel = "#kernel_function#37"
    maxthreads = 0
    spill_growth_bytes = 0
    target_warps = 12
    unbounded_regs = 56
    unbounded_warps = 36
    [[unguarded.decisions]]
    applied = false
    bounded_regs = 56
    bounded_warps = 36
    kernel = "#kernel_function#37"
    maxthreads = 0
    spill_growth_bytes = 0
    target_warps = 12
    unbounded_regs = 56
    unbounded_warps = 36
    [[unguarded.decisions]]
    applied = false
    bounded_regs = 55
    bounded_warps = 36
    kernel = "#kernel_function#37"
    maxthreads = 0
    spill_growth_bytes = 0
    target_warps = 12
    unbounded_regs = 55
    unbounded_warps = 36
    [[unguarded.decisions]]
    applied = false
    bounded_regs = 55
    bounded_warps = 36
    kernel = "#kernel_function#37"
    maxthreads = 0
    spill_growth_bytes = 0
    target_warps = 12
    unbounded_regs = 55
    unbounded_warps = 36
    [[unguarded.decisions]]
    applied = false
    bounded_regs = 55
    bounded_warps = 36
    kernel = "#64#65"
    maxthreads = 0
    spill_growth_bytes = 0
    target_warps = 12
    unbounded_regs = 55
    unbounded_warps = 36
    [[unguarded.decisions]]
    applied = false
    bounded_regs = 54
    bounded_warps = 36
    kernel = "#kernel_function#37"
    maxthreads = 0
    spill_growth_bytes = 0
    target_warps = 12
    unbounded_regs = 54
    unbounded_warps = 36
    [[unguarded.decisions]]
    applied = false
    bounded_regs = 54
    bounded_warps = 36
    kernel = "#kernel_function#37"
    maxthreads = 0
    spill_growth_bytes = 0
    target_warps = 12
    unbounded_regs = 54
    unbounded_warps = 36
    [[unguarded.decisions]]
    applied = false
    bounded_regs = 54
    bounded_warps = 36
    kernel = "#kernel_function#37"
    maxthreads = 0
    spill_growth_bytes = 0
    target_warps = 12
    unbounded_regs = 54
    unbounded_warps = 36
    [[unguarded.decisions]]
    applied = false
    bounded_regs = 54
    bounded_warps = 36
    kernel = "#kernel_function#37"
    maxthreads = 0
    spill_growth_bytes = 0
    target_warps = 12
    unbounded_regs = 54
    unbounded_warps = 36
    [[unguarded.decisions]]
    applied = false
    bounded_regs = 53
    bounded_warps = 36
    kernel = "#kernel_function#37"
    maxthreads = 0
    spill_growth_bytes = 0
    target_warps = 12
    unbounded_regs = 53
    unbounded_warps = 36
    [[unguarded.decisions]]
    applied = false
    bounded_regs = 53
    bounded_warps = 36
    kernel = "#kernel_function#37"
    maxthreads = 0
    spill_growth_bytes = 0
    target_warps = 12
    unbounded_regs = 53
    unbounded_warps = 36
    [[unguarded.decisions]]
    applied = false
    bounded_regs = 52
    bounded_warps = 36
    kernel = "#kernel_function#37"
    maxthreads = 0
    spill_growth_bytes = 0
    target_warps = 12
    unbounded_regs = 52
    unbounded_warps = 36
    [[unguarded.decisions]]
    applied = false
    bounded_regs = 52
    bounded_warps = 36
    kernel = "#kernel_function#37"
    maxthreads = 0
    spill_growth_bytes = 0
    target_warps = 12
    unbounded_regs = 52
    unbounded_warps = 36
    [[unguarded.decisions]]
    applied = false
    bounded_regs = 52
    bounded_warps = 36
    kernel = "#kernel_function#37"
    maxthreads = 0
    spill_growth_bytes = 0
    target_warps = 12
    unbounded_regs = 52
    unbounded_warps = 36
    [[unguarded.decisions]]
    applied = false
    bounded_regs = 52
    bounded_warps = 36
    kernel = "#kernel_function#37"
    maxthreads = 0
    spill_growth_bytes = 0
    target_warps = 12
    unbounded_regs = 52
    unbounded_warps = 36
    [[unguarded.decisions]]
    applied = false
    bounded_regs = 51
    bounded_warps = 36
    kernel = "#kernel_function#37"
    maxthreads = 0
    spill_growth_bytes = 0
    target_warps = 12
    unbounded_regs = 51
    unbounded_warps = 36
    [[unguarded.decisions]]
    applied = false
    bounded_regs = 51
    bounded_warps = 36
    kernel = "#kernel_function#37"
    maxthreads = 0
    spill_growth_bytes = 0
    target_warps = 12
    unbounded_regs = 51
    unbounded_warps = 36
    [[unguarded.decisions]]
    applied = false
    bounded_regs = 50
    bounded_warps = 36
    kernel = "#kernel_function#37"
    maxthreads = 0
    spill_growth_bytes = 0
    target_warps = 12
    unbounded_regs = 50
    unbounded_warps = 36
    [[unguarded.decisions]]
    applied = false
    bounded_regs = 50
    bounded_warps = 36
    kernel = "#kernel_function#37"
    maxthreads = 0
    spill_growth_bytes = 0
    target_warps = 12
    unbounded_regs = 50
    unbounded_warps = 36
    [[unguarded.decisions]]
    applied = false
    bounded_regs = 50
    bounded_warps = 36
    kernel = "#kernel_function#37"
    maxthreads = 0
    spill_growth_bytes = 0
    target_warps = 12
    unbounded_regs = 50
    unbounded_warps = 36
    [[unguarded.decisions]]
    applied = false
    bounded_regs = 50
    bounded_warps = 36
    kernel = "#kernel_function#37"
    maxthreads = 0
    spill_growth_bytes = 0
    target_warps = 12
    unbounded_regs = 50
    unbounded_warps = 36
    [[unguarded.decisions]]
    applied = false
    bounded_regs = 50
    bounded_warps = 36
    kernel = "#kernel_function#37"
    maxthreads = 0
    spill_growth_bytes = 0
    target_warps = 12
    unbounded_regs = 50
    unbounded_warps = 36
    [[unguarded.decisions]]
    applied = false
    bounded_regs = 50
    bounded_warps = 36
    kernel = "#kernel_function#37"
    maxthreads = 0
    spill_growth_bytes = 0
    target_warps = 12
    unbounded_regs = 50
    unbounded_warps = 36
    [[unguarded.decisions]]
    applied = false
    bounded_regs = 50
    bounded_warps = 36
    kernel = "#kernel_function#37"
    maxthreads = 0
    spill_growth_bytes = 0
    target_warps = 12
    unbounded_regs = 50
    unbounded_warps = 36
    [[unguarded.decisions]]
    applied = false
    bounded_regs = 50
    bounded_warps = 36
    kernel = "#kernel_function#37"
    maxthreads = 0
    spill_growth_bytes = 0
    target_warps = 12
    unbounded_regs = 50
    unbounded_warps = 36
    [[unguarded.decisions]]
    applied = false
    bounded_regs = 50
    bounded_warps = 36
    kernel = "#kernel_function#37"
    maxthreads = 0
    spill_growth_bytes = 0
    target_warps = 12
    unbounded_regs = 50
    unbounded_warps = 36
    [[unguarded.decisions]]
    applied = false
    bounded_regs = 50
    bounded_warps = 36
    kernel = "#kernel_function#37"
    maxthreads = 0
    spill_growth_bytes = 0
    target_warps = 12
    unbounded_regs = 50
    unbounded_warps = 36
    [[unguarded.decisions]]
    applied = false
    bounded_regs = 50
    bounded_warps = 36
    kernel = "#kernel_function#37"
    maxthreads = 0
    spill_growth_bytes = 0
    target_warps = 12
    unbounded_regs = 50
    unbounded_warps = 36
    [[unguarded.decisions]]
    applied = false
    bounded_regs = 50
    bounded_warps = 36
    kernel = "#kernel_function#37"
    maxthreads = 0
    spill_growth_bytes = 0
    target_warps = 12
    unbounded_regs = 50
    unbounded_warps = 36
    [[unguarded.decisions]]
    applied = false
    bounded_regs = 50
    bounded_warps = 36
    kernel = "#kernel_function#37"
    maxthreads = 0
    spill_growth_bytes = 0
    target_warps = 12
    unbounded_regs = 50
    unbounded_warps = 36
    [[unguarded.decisions]]
    applied = false
    bounded_regs = 50
    bounded_warps = 36
    kernel = "#kernel_function#37"
    maxthreads = 0
    spill_growth_bytes = 0
    target_warps = 12
    unbounded_regs = 50
    unbounded_warps = 36
    [[unguarded.decisions]]
    applied = false
    bounded_regs = 50
    bounded_warps = 36
    kernel = "#kernel_function#37"
    maxthreads = 0
    spill_growth_bytes = 0
    target_warps = 12
    unbounded_regs = 50
    unbounded_warps = 36
    [[unguarded.decisions]]
    applied = false
    bounded_regs = 50
    bounded_warps = 36
    kernel = "#kernel_function#37"
    maxthreads = 0
    spill_growth_bytes = 0
    target_warps = 12
    unbounded_regs = 50
    unbounded_warps = 36
    [[unguarded.decisions]]
    applied = false
    bounded_regs = 50
    bounded_warps = 36
    kernel = "#kernel_function#37"
    maxthreads = 0
    spill_growth_bytes = 0
    target_warps = 12
    unbounded_regs = 50
    unbounded_warps = 36
    [[unguarded.decisions]]
    applied = false
    bounded_regs = 50
    bounded_warps = 36
    kernel = "#kernel_function#37"
    maxthreads = 0
    spill_growth_bytes = 0
    target_warps = 12
    unbounded_regs = 50
    unbounded_warps = 36
    [[unguarded.decisions]]
    applied = false
    bounded_regs = 50
    bounded_warps = 36
    kernel = "#kernel_function#37"
    maxthreads = 0
    spill_growth_bytes = 0
    target_warps = 12
    unbounded_regs = 50
    unbounded_warps = 36
    [[unguarded.decisions]]
    applied = false
    bounded_regs = 50
    bounded_warps = 36
    kernel = "#kernel_function#37"
    maxthreads = 0
    spill_growth_bytes = 0
    target_warps = 12
    unbounded_regs = 50
    unbounded_warps = 36
    [[unguarded.decisions]]
    applied = false
    bounded_regs = 50
    bounded_warps = 36
    kernel = "#kernel_function#37"
    maxthreads = 0
    spill_growth_bytes = 0
    target_warps = 12
    unbounded_regs = 50
    unbounded_warps = 36
    [[unguarded.decisions]]
    applied = false
    bounded_regs = 50
    bounded_warps = 36
    kernel = "#kernel_function#37"
    maxthreads = 0
    spill_growth_bytes = 0
    target_warps = 12
    unbounded_regs = 50
    unbounded_warps = 36
    [[unguarded.decisions]]
    applied = false
    bounded_regs = 50
    bounded_warps = 36
    kernel = "#kernel_function#37"
    maxthreads = 0
    spill_growth_bytes = 0
    target_warps = 12
    unbounded_regs = 50
    unbounded_warps = 36
    [[unguarded.decisions]]
    applied = false
    bounded_regs = 50
    bounded_warps = 36
    kernel = "#kernel_function#37"
    maxthreads = 0
    spill_growth_bytes = 0
    target_warps = 12
    unbounded_regs = 50
    unbounded_warps = 36
    [[unguarded.decisions]]
    applied = false
    bounded_regs = 50
    bounded_warps = 36
    kernel = "#kernel_function#37"
    maxthreads = 0
    spill_growth_bytes = 0
    target_warps = 12
    unbounded_regs = 50
    unbounded_warps = 36
    [[unguarded.decisions]]
    applied = false
    bounded_regs = 50
    bounded_warps = 36
    kernel = "#kernel_function#37"
    maxthreads = 0
    spill_growth_bytes = 0
    target_warps = 12
    unbounded_regs = 50
    unbounded_warps = 36
    [[unguarded.decisions]]
    applied = false
    bounded_regs = 50
    bounded_warps = 36
    kernel = "#kernel_function#37"
    maxthreads = 0
    spill_growth_bytes = 0
    target_warps = 12
    unbounded_regs = 50
    unbounded_warps = 36
    [[unguarded.decisions]]
    applied = false
    bounded_regs = 50
    bounded_warps = 36
    kernel = "#kernel_function#37"
    maxthreads = 0
    spill_growth_bytes = 0
    target_warps = 12
    unbounded_regs = 50
    unbounded_warps = 36
    [[unguarded.decisions]]
    applied = false
    bounded_regs = 50
    bounded_warps = 36
    kernel = "#kernel_function#37"
    maxthreads = 0
    spill_growth_bytes = 0
    target_warps = 12
    unbounded_regs = 50
    unbounded_warps = 36
    [[unguarded.decisions]]
    applied = false
    bounded_regs = 50
    bounded_warps = 36
    kernel = "#kernel_function#37"
    maxthreads = 0
    spill_growth_bytes = 0
    target_warps = 12
    unbounded_regs = 50
    unbounded_warps = 36
    [[unguarded.decisions]]
    applied = false
    bounded_regs = 50
    bounded_warps = 36
    kernel = "#kernel_function#37"
    maxthreads = 0
    spill_growth_bytes = 0
    target_warps = 12
    unbounded_regs = 50
    unbounded_warps = 36
    [[unguarded.decisions]]
    applied = false
    bounded_regs = 50
    bounded_warps = 36
    kernel = "#kernel_function#37"
    maxthreads = 0
    spill_growth_bytes = 0
    target_warps = 12
    unbounded_regs = 50
    unbounded_warps = 36
    [[unguarded.decisions]]
    applied = false
    bounded_regs = 50
    bounded_warps = 36
    kernel = "#kernel_function#37"
    maxthreads = 0
    spill_growth_bytes = 0
    target_warps = 12
    unbounded_regs = 50
    unbounded_warps = 36
    [[unguarded.decisions]]
    applied = false
    bounded_regs = 50
    bounded_warps = 36
    kernel = "#kernel_function#37"
    maxthreads = 0
    spill_growth_bytes = 0
    target_warps = 12
    unbounded_regs = 50
    unbounded_warps = 36
    [[unguarded.decisions]]
    applied = false
    bounded_regs = 50
    bounded_warps = 36
    kernel = "#kernel_function#37"
    maxthreads = 0
    spill_growth_bytes = 0
    target_warps = 12
    unbounded_regs = 50
    unbounded_warps = 36
    [[unguarded.decisions]]
    applied = false
    bounded_regs = 50
    bounded_warps = 36
    kernel = "#kernel_function#37"
    maxthreads = 0
    spill_growth_bytes = 0
    target_warps = 12
    unbounded_regs = 50
    unbounded_warps = 36
    [[unguarded.decisions]]
    applied = false
    bounded_regs = 50
    bounded_warps = 36
    kernel = "#kernel_function#37"
    maxthreads = 0
    spill_growth_bytes = 0
    target_warps = 12
    unbounded_regs = 50
    unbounded_warps = 36
    [[unguarded.decisions]]
    applied = false
    bounded_regs = 50
    bounded_warps = 36
    kernel = "#kernel_function#37"
    maxthreads = 0
    spill_growth_bytes = 0
    target_warps = 12
    unbounded_regs = 50
    unbounded_warps = 36
    [[unguarded.decisions]]
    applied = false
    bounded_regs = 50
    bounded_warps = 36
    kernel = "#kernel_function#37"
    maxthreads = 0
    spill_growth_bytes = 0
    target_warps = 12
    unbounded_regs = 50
    unbounded_warps = 36
    [[unguarded.decisions]]
    applied = false
    bounded_regs = 50
    bounded_warps = 36
    kernel = "#kernel_function#37"
    maxthreads = 0
    spill_growth_bytes = 0
    target_warps = 12
    unbounded_regs = 50
    unbounded_warps = 36
    [[unguarded.decisions]]
    applied = false
    bounded_regs = 50
    bounded_warps = 36
    kernel = "#kernel_function#37"
    maxthreads = 0
    spill_growth_bytes = 0
    target_warps = 12
    unbounded_regs = 50
    unbounded_warps = 36
    [[unguarded.decisions]]
    applied = false
    bounded_regs = 50
    bounded_warps = 36
    kernel = "#kernel_function#37"
    maxthreads = 0
    spill_growth_bytes = 0
    target_warps = 12
    unbounded_regs = 50
    unbounded_warps = 36
    [[unguarded.decisions]]
    applied = false
    bounded_regs = 50
    bounded_warps = 36
    kernel = "#kernel_function#37"
    maxthreads = 0
    spill_growth_bytes = 0
    target_warps = 12
    unbounded_regs = 50
    unbounded_warps = 36
    [[unguarded.decisions]]
    applied = false
    bounded_regs = 50
    bounded_warps = 36
    kernel = "#kernel_function#37"
    maxthreads = 0
    spill_growth_bytes = 0
    target_warps = 12
    unbounded_regs = 50
    unbounded_warps = 36
    [[unguarded.decisions]]
    applied = false
    bounded_regs = 50
    bounded_warps = 36
    kernel = "#kernel_function#37"
    maxthreads = 0
    spill_growth_bytes = 0
    target_warps = 12
    unbounded_regs = 50
    unbounded_warps = 36
    [[unguarded.decisions]]
    applied = false
    bounded_regs = 50
    bounded_warps = 36
    kernel = "#kernel_function#37"
    maxthreads = 0
    spill_growth_bytes = 0
    target_warps = 12
    unbounded_regs = 50
    unbounded_warps = 36
    [[unguarded.decisions]]
    applied = false
    bounded_regs = 50
    bounded_warps = 36
    kernel = "#kernel_function#37"
    maxthreads = 0
    spill_growth_bytes = 0
    target_warps = 12
    unbounded_regs = 50
    unbounded_warps = 36
    [[unguarded.decisions]]
    applied = false
    bounded_regs = 50
    bounded_warps = 36
    kernel = "#kernel_function#37"
    maxthreads = 0
    spill_growth_bytes = 0
    target_warps = 12
    unbounded_regs = 50
    unbounded_warps = 36
    [[unguarded.decisions]]
    applied = false
    bounded_regs = 50
    bounded_warps = 36
    kernel = "#kernel_function#37"
    maxthreads = 0
    spill_growth_bytes = 0
    target_warps = 12
    unbounded_regs = 50
    unbounded_warps = 36
    [[unguarded.decisions]]
    applied = false
    bounded_regs = 50
    bounded_warps = 36
    kernel = "#kernel_function#37"
    maxthreads = 0
    spill_growth_bytes = 0
    target_warps = 12
    unbounded_regs = 50
    unbounded_warps = 36
    [[unguarded.decisions]]
    applied = false
    bounded_regs = 50
    bounded_warps = 36
    kernel = "#kernel_function#37"
    maxthreads = 0
    spill_growth_bytes = 0
    target_warps = 12
    unbounded_regs = 50
    unbounded_warps = 36
    [[unguarded.decisions]]
    applied = false
    bounded_regs = 50
    bounded_warps = 36
    kernel = "#kernel_function#37"
    maxthreads = 0
    spill_growth_bytes = 0
    target_warps = 12
    unbounded_regs = 50
    unbounded_warps = 36
    [[unguarded.decisions]]
    applied = false
    bounded_regs = 50
    bounded_warps = 36
    kernel = "#kernel_function#37"
    maxthreads = 0
    spill_growth_bytes = 0
    target_warps = 12
    unbounded_regs = 50
    unbounded_warps = 36
    [[unguarded.decisions]]
    applied = false
    bounded_regs = 50
    bounded_warps = 36
    kernel = "#kernel_function#37"
    maxthreads = 0
    spill_growth_bytes = 0
    target_warps = 12
    unbounded_regs = 50
    unbounded_warps = 36
    [[unguarded.decisions]]
    applied = false
    bounded_regs = 50
    bounded_warps = 36
    kernel = "#kernel_function#37"
    maxthreads = 0
    spill_growth_bytes = 0
    target_warps = 12
    unbounded_regs = 50
    unbounded_warps = 36
    [[unguarded.decisions]]
    applied = false
    bounded_regs = 50
    bounded_warps = 36
    kernel = "#kernel_function#37"
    maxthreads = 0
    spill_growth_bytes = 0
    target_warps = 12
    unbounded_regs = 50
    unbounded_warps = 36
    [[unguarded.decisions]]
    applied = false
    bounded_regs = 50
    bounded_warps = 36
    kernel = "#kernel_function#37"
    maxthreads = 0
    spill_growth_bytes = 0
    target_warps = 12
    unbounded_regs = 50
    unbounded_warps = 36
    [[unguarded.decisions]]
    applied = false
    bounded_regs = 50
    bounded_warps = 36
    kernel = "#kernel_function#37"
    maxthreads = 0
    spill_growth_bytes = 0
    target_warps = 12
    unbounded_regs = 50
    unbounded_warps = 36
    [[unguarded.decisions]]
    applied = false
    bounded_regs = 50
    bounded_warps = 36
    kernel = "#kernel_function#37"
    maxthreads = 0
    spill_growth_bytes = 0
    target_warps = 12
    unbounded_regs = 50
    unbounded_warps = 36
    [[unguarded.decisions]]
    applied = false
    bounded_regs = 50
    bounded_warps = 36
    kernel = "#kernel_function#37"
    maxthreads = 0
    spill_growth_bytes = 0
    target_warps = 12
    unbounded_regs = 50
    unbounded_warps = 36
    [[unguarded.decisions]]
    applied = false
    bounded_regs = 50
    bounded_warps = 36
    kernel = "#kernel_function#37"
    maxthreads = 0
    spill_growth_bytes = 0
    target_warps = 12
    unbounded_regs = 50
    unbounded_warps = 36
    [[unguarded.decisions]]
    applied = false
    bounded_regs = 50
    bounded_warps = 36
    kernel = "#kernel_function#37"
    maxthreads = 0
    spill_growth_bytes = 0
    target_warps = 12
    unbounded_regs = 50
    unbounded_warps = 36
    [[unguarded.decisions]]
    applied = false
    bounded_regs = 50
    bounded_warps = 36
    kernel = "#kernel_function#37"
    maxthreads = 0
    spill_growth_bytes = 0
    target_warps = 12
    unbounded_regs = 50
    unbounded_warps = 36
    [[unguarded.decisions]]
    applied = false
    bounded_regs = 50
    bounded_warps = 36
    kernel = "#kernel_function#39"
    maxthreads = 0
    spill_growth_bytes = 0
    target_warps = 12
    unbounded_regs = 50
    unbounded_warps = 36
    [[unguarded.decisions]]
    applied = false
    bounded_regs = 50
    bounded_warps = 36
    kernel = "#kernel_function#37"
    maxthreads = 0
    spill_growth_bytes = 0
    target_warps = 12
    unbounded_regs = 50
    unbounded_warps = 36
    [[unguarded.decisions]]
    applied = false
    bounded_regs = 50
    bounded_warps = 36
    kernel = "#kernel_function#37"
    maxthreads = 0
    spill_growth_bytes = 0
    target_warps = 12
    unbounded_regs = 50
    unbounded_warps = 36
    [[unguarded.decisions]]
    applied = false
    bounded_regs = 50
    bounded_warps = 36
    kernel = "#kernel_function#37"
    maxthreads = 0
    spill_growth_bytes = 0
    target_warps = 12
    unbounded_regs = 50
    unbounded_warps = 36
    [[unguarded.decisions]]
    applied = false
    bounded_regs = 50
    bounded_warps = 36
    kernel = "#kernel_function#37"
    maxthreads = 0
    spill_growth_bytes = 0
    target_warps = 12
    unbounded_regs = 50
    unbounded_warps = 36
    [[unguarded.decisions]]
    applied = false
    bounded_regs = 50
    bounded_warps = 36
    kernel = "#kernel_function#37"
    maxthreads = 0
    spill_growth_bytes = 0
    target_warps = 12
    unbounded_regs = 50
    unbounded_warps = 36
    [[unguarded.decisions]]
    applied = false
    bounded_regs = 50
    bounded_warps = 36
    kernel = "#kernel_function#37"
    maxthreads = 0
    spill_growth_bytes = 0
    target_warps = 12
    unbounded_regs = 50
    unbounded_warps = 36
    [[unguarded.decisions]]
    applied = false
    bounded_regs = 50
    bounded_warps = 36
    kernel = "#kernel_function#37"
    maxthreads = 0
    spill_growth_bytes = 0
    target_warps = 12
    unbounded_regs = 50
    unbounded_warps = 36
    [[unguarded.decisions]]
    applied = false
    bounded_regs = 50
    bounded_warps = 36
    kernel = "#kernel_function#37"
    maxthreads = 0
    spill_growth_bytes = 0
    target_warps = 12
    unbounded_regs = 50
    unbounded_warps = 36
    [[unguarded.decisions]]
    applied = false
    bounded_regs = 50
    bounded_warps = 36
    kernel = "#kernel_function#37"
    maxthreads = 0
    spill_growth_bytes = 0
    target_warps = 12
    unbounded_regs = 50
    unbounded_warps = 36
    [[unguarded.decisions]]
    applied = false
    bounded_regs = 50
    bounded_warps = 36
    kernel = "#kernel_function#37"
    maxthreads = 0
    spill_growth_bytes = 0
    target_warps = 12
    unbounded_regs = 50
    unbounded_warps = 36
    [[unguarded.decisions]]
    applied = false
    bounded_regs = 50
    bounded_warps = 36
    kernel = "#kernel_function#37"
    maxthreads = 0
    spill_growth_bytes = 0
    target_warps = 12
    unbounded_regs = 50
    unbounded_warps = 36
    [[unguarded.decisions]]
    applied = false
    bounded_regs = 50
    bounded_warps = 36
    kernel = "#kernel_function#37"
    maxthreads = 0
    spill_growth_bytes = 0
    target_warps = 12
    unbounded_regs = 50
    unbounded_warps = 36
    [[unguarded.decisions]]
    applied = false
    bounded_regs = 50
    bounded_warps = 36
    kernel = "#kernel_function#37"
    maxthreads = 0
    spill_growth_bytes = 0
    target_warps = 12
    unbounded_regs = 50
    unbounded_warps = 36
    [[unguarded.decisions]]
    applied = false
    bounded_regs = 50
    bounded_warps = 36
    kernel = "#kernel_function#37"
    maxthreads = 0
    spill_growth_bytes = 0
    target_warps = 12
    unbounded_regs = 50
    unbounded_warps = 36
    [[unguarded.decisions]]
    applied = false
    bounded_regs = 50
    bounded_warps = 36
    kernel = "#kernel_function#37"
    maxthreads = 0
    spill_growth_bytes = 0
    target_warps = 12
    unbounded_regs = 50
    unbounded_warps = 36
    [[unguarded.decisions]]
    applied = false
    bounded_regs = 50
    bounded_warps = 36
    kernel = "#kernel_function#37"
    maxthreads = 0
    spill_growth_bytes = 0
    target_warps = 12
    unbounded_regs = 50
    unbounded_warps = 36
    [[unguarded.decisions]]
    applied = false
    bounded_regs = 50
    bounded_warps = 36
    kernel = "#kernel_function#37"
    maxthreads = 0
    spill_growth_bytes = 0
    target_warps = 12
    unbounded_regs = 50
    unbounded_warps = 36
    [[unguarded.decisions]]
    applied = false
    bounded_regs = 50
    bounded_warps = 36
    kernel = "#kernel_function#37"
    maxthreads = 0
    spill_growth_bytes = 0
    target_warps = 12
    unbounded_regs = 50
    unbounded_warps = 36
    [[unguarded.decisions]]
    applied = false
    bounded_regs = 50
    bounded_warps = 36
    kernel = "#kernel_function#37"
    maxthreads = 0
    spill_growth_bytes = 0
    target_warps = 12
    unbounded_regs = 50
    unbounded_warps = 36
    [[unguarded.decisions]]
    applied = false
    bounded_regs = 50
    bounded_warps = 36
    kernel = "#kernel_function#37"
    maxthreads = 0
    spill_growth_bytes = 0
    target_warps = 12
    unbounded_regs = 50
    unbounded_warps = 36
    [[unguarded.decisions]]
    applied = false
    bounded_regs = 50
    bounded_warps = 36
    kernel = "#kernel_function#37"
    maxthreads = 0
    spill_growth_bytes = 0
    target_warps = 12
    unbounded_regs = 50
    unbounded_warps = 36
    [[unguarded.decisions]]
    applied = false
    bounded_regs = 50
    bounded_warps = 36
    kernel = "#kernel_function#37"
    maxthreads = 0
    spill_growth_bytes = 0
    target_warps = 12
    unbounded_regs = 50
    unbounded_warps = 36
    [[unguarded.decisions]]
    applied = false
    bounded_regs = 50
    bounded_warps = 36
    kernel = "#kernel_function#37"
    maxthreads = 0
    spill_growth_bytes = 0
    target_warps = 12
    unbounded_regs = 50
    unbounded_warps = 36
    [[unguarded.decisions]]
    applied = false
    bounded_regs = 50
    bounded_warps = 36
    kernel = "#kernel_function#37"
    maxthreads = 0
    spill_growth_bytes = 0
    target_warps = 12
    unbounded_regs = 50
    unbounded_warps = 36
    [[unguarded.decisions]]
    applied = false
    bounded_regs = 50
    bounded_warps = 36
    kernel = "#kernel_function#37"
    maxthreads = 0
    spill_growth_bytes = 0
    target_warps = 12
    unbounded_regs = 50
    unbounded_warps = 36
    [[unguarded.decisions]]
    applied = false
    bounded_regs = 50
    bounded_warps = 36
    kernel = "#kernel_function#37"
    maxthreads = 0
    spill_growth_bytes = 0
    target_warps = 12
    unbounded_regs = 50
    unbounded_warps = 36
    [[unguarded.decisions]]
    applied = false
    bounded_regs = 50
    bounded_warps = 36
    kernel = "#kernel_function#37"
    maxthreads = 0
    spill_growth_bytes = 0
    target_warps = 12
    unbounded_regs = 50
    unbounded_warps = 36
    [[unguarded.decisions]]
    applied = false
    bounded_regs = 50
    bounded_warps = 36
    kernel = "#kernel_function#37"
    maxthreads = 0
    spill_growth_bytes = 0
    target_warps = 12
    unbounded_regs = 50
    unbounded_warps = 36
    [[unguarded.decisions]]
    applied = false
    bounded_regs = 50
    bounded_warps = 36
    kernel = "#kernel_function#37"
    maxthreads = 0
    spill_growth_bytes = 0
    target_warps = 12
    unbounded_regs = 50
    unbounded_warps = 36
    [[unguarded.decisions]]
    applied = false
    bounded_regs = 50
    bounded_warps = 36
    kernel = "#kernel_function#37"
    maxthreads = 0
    spill_growth_bytes = 0
    target_warps = 12
    unbounded_regs = 50
    unbounded_warps = 36
    [[unguarded.decisions]]
    applied = false
    bounded_regs = 50
    bounded_warps = 36
    kernel = "#kernel_function#37"
    maxthreads = 0
    spill_growth_bytes = 0
    target_warps = 12
    unbounded_regs = 50
    unbounded_warps = 36
    [[unguarded.decisions]]
    applied = false
    bounded_regs = 50
    bounded_warps = 36
    kernel = "#kernel_function#37"
    maxthreads = 0
    spill_growth_bytes = 0
    target_warps = 12
    unbounded_regs = 50
    unbounded_warps = 36
    [[unguarded.decisions]]
    applied = false
    bounded_regs = 50
    bounded_warps = 36
    kernel = "#kernel_function#37"
    maxthreads = 0
    spill_growth_bytes = 0
    target_warps = 12
    unbounded_regs = 50
    unbounded_warps = 36
    [[unguarded.decisions]]
    applied = false
    bounded_regs = 50
    bounded_warps = 36
    kernel = "#kernel_function#37"
    maxthreads = 0
    spill_growth_bytes = 0
    target_warps = 12
    unbounded_regs = 50
    unbounded_warps = 36
    [[unguarded.decisions]]
    applied = false
    bounded_regs = 50
    bounded_warps = 36
    kernel = "#kernel_function#39"
    maxthreads = 0
    spill_growth_bytes = 0
    target_warps = 12
    unbounded_regs = 50
    unbounded_warps = 36
    [[unguarded.decisions]]
    applied = false
    bounded_regs = 50
    bounded_warps = 36
    kernel = "#kernel_function#37"
    maxthreads = 0
    spill_growth_bytes = 0
    target_warps = 12
    unbounded_regs = 50
    unbounded_warps = 36
    [[unguarded.decisions]]
    applied = false
    bounded_regs = 49
    bounded_warps = 36
    kernel = "#kernel_function#37"
    maxthreads = 0
    spill_growth_bytes = 0
    target_warps = 12
    unbounded_regs = 49
    unbounded_warps = 36
    [[unguarded.decisions]]
    applied = false
    bounded_regs = 49
    bounded_warps = 36
    kernel = "#kernel_function#37"
    maxthreads = 0
    spill_growth_bytes = 0
    target_warps = 12
    unbounded_regs = 49
    unbounded_warps = 36
    [[unguarded.decisions]]
    applied = false
    bounded_regs = 48
    bounded_warps = 40
    kernel = "#bycolumn_kernel!"
    maxthreads = 0
    spill_growth_bytes = 0
    target_warps = 12
    unbounded_regs = 48
    unbounded_warps = 40
    [[unguarded.decisions]]
    applied = false
    bounded_regs = 48
    bounded_warps = 40
    kernel = "#kernel_function#37"
    maxthreads = 0
    spill_growth_bytes = 0
    target_warps = 12
    unbounded_regs = 48
    unbounded_warps = 40
    [[unguarded.decisions]]
    applied = false
    bounded_regs = 48
    bounded_warps = 40
    kernel = "#kernel_function#37"
    maxthreads = 0
    spill_growth_bytes = 0
    target_warps = 12
    unbounded_regs = 48
    unbounded_warps = 40
    [[unguarded.decisions]]
    applied = false
    bounded_regs = 48
    bounded_warps = 40
    kernel = "#kernel_function#37"
    maxthreads = 0
    spill_growth_bytes = 0
    target_warps = 12
    unbounded_regs = 48
    unbounded_warps = 40
    [[unguarded.decisions]]
    applied = false
    bounded_regs = 48
    bounded_warps = 40
    kernel = "#kernel_function#37"
    maxthreads = 0
    spill_growth_bytes = 0
    target_warps = 12
    unbounded_regs = 48
    unbounded_warps = 40
    [[unguarded.decisions]]
    applied = false
    bounded_regs = 48
    bounded_warps = 40
    kernel = "#kernel_function#37"
    maxthreads = 0
    spill_growth_bytes = 0
    target_warps = 12
    unbounded_regs = 48
    unbounded_warps = 40
    [[unguarded.decisions]]
    applied = false
    bounded_regs = 48
    bounded_warps = 40
    kernel = "#kernel_function#37"
    maxthreads = 0
    spill_growth_bytes = 0
    target_warps = 12
    unbounded_regs = 48
    unbounded_warps = 40
    [[unguarded.decisions]]
    applied = false
    bounded_regs = 48
    bounded_warps = 40
    kernel = "#kernel_function#37"
    maxthreads = 0
    spill_growth_bytes = 0
    target_warps = 12
    unbounded_regs = 48
    unbounded_warps = 40
    [[unguarded.decisions]]
    applied = false
    bounded_regs = 48
    bounded_warps = 40
    kernel = "#72#73"
    maxthreads = 0
    spill_growth_bytes = 0
    target_warps = 12
    unbounded_regs = 48
    unbounded_warps = 40
    [[unguarded.decisions]]
    applied = false
    bounded_regs = 48
    bounded_warps = 40
    kernel = "#kernel_function#37"
    maxthreads = 0
    spill_growth_bytes = 0
    target_warps = 12
    unbounded_regs = 48
    unbounded_warps = 40
    [[unguarded.decisions]]
    applied = false
    bounded_regs = 48
    bounded_warps = 40
    kernel = "#kernel_function#37"
    maxthreads = 0
    spill_growth_bytes = 0
    target_warps = 12
    unbounded_regs = 48
    unbounded_warps = 40
    [[unguarded.decisions]]
    applied = false
    bounded_regs = 48
    bounded_warps = 40
    kernel = "#kernel_function#37"
    maxthreads = 0
    spill_growth_bytes = 0
    target_warps = 12
    unbounded_regs = 48
    unbounded_warps = 40
    [[unguarded.decisions]]
    applied = false
    bounded_regs = 48
    bounded_warps = 40
    kernel = "#kernel_function#37"
    maxthreads = 0
    spill_growth_bytes = 0
    target_warps = 12
    unbounded_regs = 48
    unbounded_warps = 40
    [[unguarded.decisions]]
    applied = false
    bounded_regs = 48
    bounded_warps = 40
    kernel = "#kernel_function#37"
    maxthreads = 0
    spill_growth_bytes = 0
    target_warps = 12
    unbounded_regs = 48
    unbounded_warps = 40
    [[unguarded.decisions]]
    applied = false
    bounded_regs = 48
    bounded_warps = 40
    kernel = "#kernel_function#37"
    maxthreads = 0
    spill_growth_bytes = 0
    target_warps = 12
    unbounded_regs = 48
    unbounded_warps = 40
    [[unguarded.decisions]]
    applied = false
    bounded_regs = 48
    bounded_warps = 40
    kernel = "#kernel_function#37"
    maxthreads = 0
    spill_growth_bytes = 0
    target_warps = 12
    unbounded_regs = 48
    unbounded_warps = 40
    [[unguarded.decisions]]
    applied = false
    bounded_regs = 48
    bounded_warps = 40
    kernel = "#kernel_function#37"
    maxthreads = 0
    spill_growth_bytes = 0
    target_warps = 12
    unbounded_regs = 48
    unbounded_warps = 40
    [[unguarded.decisions]]
    applied = false
    bounded_regs = 48
    bounded_warps = 40
    kernel = "#kernel_function#37"
    maxthreads = 0
    spill_growth_bytes = 0
    target_warps = 12
    unbounded_regs = 48
    unbounded_warps = 40
    [[unguarded.decisions]]
    applied = false
    bounded_regs = 48
    bounded_warps = 40
    kernel = "#kernel_function#37"
    maxthreads = 0
    spill_growth_bytes = 0
    target_warps = 12
    unbounded_regs = 48
    unbounded_warps = 40
    [[unguarded.decisions]]
    applied = false
    bounded_regs = 48
    bounded_warps = 40
    kernel = "#kernel_function#37"
    maxthreads = 0
    spill_growth_bytes = 0
    target_warps = 12
    unbounded_regs = 48
    unbounded_warps = 40
    [[unguarded.decisions]]
    applied = false
    bounded_regs = 48
    bounded_warps = 40
    kernel = "#kernel_function#37"
    maxthreads = 0
    spill_growth_bytes = 0
    target_warps = 12
    unbounded_regs = 48
    unbounded_warps = 40
    [[unguarded.decisions]]
    applied = false
    bounded_regs = 48
    bounded_warps = 40
    kernel = "#kernel_function#37"
    maxthreads = 0
    spill_growth_bytes = 0
    target_warps = 12
    unbounded_regs = 48
    unbounded_warps = 40
    [[unguarded.decisions]]
    applied = false
    bounded_regs = 48
    bounded_warps = 40
    kernel = "#kernel_function#37"
    maxthreads = 0
    spill_growth_bytes = 0
    target_warps = 12
    unbounded_regs = 48
    unbounded_warps = 40
    [[unguarded.decisions]]
    applied = false
    bounded_regs = 48
    bounded_warps = 40
    kernel = "#kernel_function#37"
    maxthreads = 0
    spill_growth_bytes = 0
    target_warps = 12
    unbounded_regs = 48
    unbounded_warps = 40
    [[unguarded.decisions]]
    applied = false
    bounded_regs = 48
    bounded_warps = 40
    kernel = "#kernel_function#37"
    maxthreads = 0
    spill_growth_bytes = 0
    target_warps = 12
    unbounded_regs = 48
    unbounded_warps = 40
    [[unguarded.decisions]]
    applied = false
    bounded_regs = 48
    bounded_warps = 40
    kernel = "#kernel_function#37"
    maxthreads = 0
    spill_growth_bytes = 0
    target_warps = 12
    unbounded_regs = 48
    unbounded_warps = 40
    [[unguarded.decisions]]
    applied = false
    bounded_regs = 48
    bounded_warps = 40
    kernel = "#kernel_function#37"
    maxthreads = 0
    spill_growth_bytes = 0
    target_warps = 12
    unbounded_regs = 48
    unbounded_warps = 40
    [[unguarded.decisions]]
    applied = false
    bounded_regs = 48
    bounded_warps = 40
    kernel = "#kernel_function#37"
    maxthreads = 0
    spill_growth_bytes = 0
    target_warps = 12
    unbounded_regs = 48
    unbounded_warps = 40
    [[unguarded.decisions]]
    applied = false
    bounded_regs = 48
    bounded_warps = 40
    kernel = "#kernel_function#37"
    maxthreads = 0
    spill_growth_bytes = 0
    target_warps = 12
    unbounded_regs = 48
    unbounded_warps = 40
    [[unguarded.decisions]]
    applied = false
    bounded_regs = 48
    bounded_warps = 40
    kernel = "#kernel_function#37"
    maxthreads = 0
    spill_growth_bytes = 0
    target_warps = 12
    unbounded_regs = 48
    unbounded_warps = 40
    [[unguarded.decisions]]
    applied = false
    bounded_regs = 48
    bounded_warps = 40
    kernel = "#kernel_function#37"
    maxthreads = 0
    spill_growth_bytes = 0
    target_warps = 12
    unbounded_regs = 48
    unbounded_warps = 40
    [[unguarded.decisions]]
    applied = false
    bounded_regs = 48
    bounded_warps = 40
    kernel = "#kernel_function#37"
    maxthreads = 0
    spill_growth_bytes = 0
    target_warps = 12
    unbounded_regs = 48
    unbounded_warps = 40
    [[unguarded.decisions]]
    applied = false
    bounded_regs = 48
    bounded_warps = 40
    kernel = "#kernel_function#37"
    maxthreads = 0
    spill_growth_bytes = 0
    target_warps = 12
    unbounded_regs = 48
    unbounded_warps = 40
    [[unguarded.decisions]]
    applied = false
    bounded_regs = 48
    bounded_warps = 40
    kernel = "#kernel_function#37"
    maxthreads = 0
    spill_growth_bytes = 0
    target_warps = 12
    unbounded_regs = 48
    unbounded_warps = 40
    [[unguarded.decisions]]
    applied = false
    bounded_regs = 48
    bounded_warps = 40
    kernel = "#kernel_function#37"
    maxthreads = 0
    spill_growth_bytes = 0
    target_warps = 12
    unbounded_regs = 48
    unbounded_warps = 40
    [[unguarded.decisions]]
    applied = false
    bounded_regs = 48
    bounded_warps = 40
    kernel = "#kernel_function#37"
    maxthreads = 0
    spill_growth_bytes = 0
    target_warps = 12
    unbounded_regs = 48
    unbounded_warps = 40
    [[unguarded.decisions]]
    applied = false
    bounded_regs = 48
    bounded_warps = 40
    kernel = "#kernel_function#37"
    maxthreads = 0
    spill_growth_bytes = 0
    target_warps = 12
    unbounded_regs = 48
    unbounded_warps = 40
    [[unguarded.decisions]]
    applied = false
    bounded_regs = 48
    bounded_warps = 40
    kernel = "#bycolumn_kernel!"
    maxthreads = 0
    spill_growth_bytes = 0
    target_warps = 12
    unbounded_regs = 48
    unbounded_warps = 40
    [[unguarded.decisions]]
    applied = false
    bounded_regs = 48
    bounded_warps = 40
    kernel = "#kernel_function#37"
    maxthreads = 0
    spill_growth_bytes = 0
    target_warps = 12
    unbounded_regs = 48
    unbounded_warps = 40
    [[unguarded.decisions]]
    applied = false
    bounded_regs = 48
    bounded_warps = 40
    kernel = "#kernel_function#37"
    maxthreads = 0
    spill_growth_bytes = 0
    target_warps = 12
    unbounded_regs = 48
    unbounded_warps = 40
    [[unguarded.decisions]]
    applied = false
    bounded_regs = 48
    bounded_warps = 40
    kernel = "#kernel_function#37"
    maxthreads = 0
    spill_growth_bytes = 0
    target_warps = 12
    unbounded_regs = 48
    unbounded_warps = 40
    [[unguarded.decisions]]
    applied = false
    bounded_regs = 48
    bounded_warps = 40
    kernel = "#kernel_function#37"
    maxthreads = 0
    spill_growth_bytes = 0
    target_warps = 12
    unbounded_regs = 48
    unbounded_warps = 40
    [[unguarded.decisions]]
    applied = false
    bounded_regs = 48
    bounded_warps = 40
    kernel = "#kernel_function#37"
    maxthreads = 0
    spill_growth_bytes = 0
    target_warps = 12
    unbounded_regs = 48
    unbounded_warps = 40
    [[unguarded.decisions]]
    applied = false
    bounded_regs = 48
    bounded_warps = 40
    kernel = "#kernel_function#37"
    maxthreads = 0
    spill_growth_bytes = 0
    target_warps = 12
    unbounded_regs = 48
    unbounded_warps = 40
    [[unguarded.decisions]]
    applied = false
    bounded_regs = 48
    bounded_warps = 40
    kernel = "#kernel_function#37"
    maxthreads = 0
    spill_growth_bytes = 0
    target_warps = 12
    unbounded_regs = 48
    unbounded_warps = 40
    [[unguarded.decisions]]
    applied = false
    bounded_regs = 48
    bounded_warps = 40
    kernel = "#kernel_function#37"
    maxthreads = 0
    spill_growth_bytes = 0
    target_warps = 12
    unbounded_regs = 48
    unbounded_warps = 40
    [[unguarded.decisions]]
    applied = false
    bounded_regs = 48
    bounded_warps = 40
    kernel = "#kernel_function#37"
    maxthreads = 0
    spill_growth_bytes = 0
    target_warps = 12
    unbounded_regs = 48
    unbounded_warps = 40
    [[unguarded.decisions]]
    applied = false
    bounded_regs = 48
    bounded_warps = 40
    kernel = "#kernel_function#37"
    maxthreads = 0
    spill_growth_bytes = 0
    target_warps = 12
    unbounded_regs = 48
    unbounded_warps = 40
    [[unguarded.decisions]]
    applied = false
    bounded_regs = 48
    bounded_warps = 40
    kernel = "#kernel_function#37"
    maxthreads = 0
    spill_growth_bytes = 0
    target_warps = 12
    unbounded_regs = 48
    unbounded_warps = 40
    [[unguarded.decisions]]
    applied = false
    bounded_regs = 48
    bounded_warps = 40
    kernel = "#kernel_function#37"
    maxthreads = 0
    spill_growth_bytes = 0
    target_warps = 12
    unbounded_regs = 48
    unbounded_warps = 40
    [[unguarded.decisions]]
    applied = false
    bounded_regs = 48
    bounded_warps = 40
    kernel = "#kernel_function#37"
    maxthreads = 0
    spill_growth_bytes = 0
    target_warps = 12
    unbounded_regs = 48
    unbounded_warps = 40
    [[unguarded.decisions]]
    applied = false
    bounded_regs = 48
    bounded_warps = 40
    kernel = "#kernel_function#37"
    maxthreads = 0
    spill_growth_bytes = 0
    target_warps = 12
    unbounded_regs = 48
    unbounded_warps = 40
    [[unguarded.decisions]]
    applied = false
    bounded_regs = 48
    bounded_warps = 40
    kernel = "#kernel_function#37"
    maxthreads = 0
    spill_growth_bytes = 0
    target_warps = 12
    unbounded_regs = 48
    unbounded_warps = 40
    [[unguarded.decisions]]
    applied = false
    bounded_regs = 48
    bounded_warps = 40
    kernel = "#kernel_function#37"
    maxthreads = 0
    spill_growth_bytes = 0
    target_warps = 12
    unbounded_regs = 48
    unbounded_warps = 40
    [[unguarded.decisions]]
    applied = false
    bounded_regs = 48
    bounded_warps = 40
    kernel = "#kernel_function#37"
    maxthreads = 0
    spill_growth_bytes = 0
    target_warps = 12
    unbounded_regs = 48
    unbounded_warps = 40
    [[unguarded.decisions]]
    applied = false
    bounded_regs = 48
    bounded_warps = 40
    kernel = "#kernel_function#37"
    maxthreads = 0
    spill_growth_bytes = 0
    target_warps = 12
    unbounded_regs = 48
    unbounded_warps = 40
    [[unguarded.decisions]]
    applied = false
    bounded_regs = 48
    bounded_warps = 40
    kernel = "#kernel_function#37"
    maxthreads = 0
    spill_growth_bytes = 0
    target_warps = 12
    unbounded_regs = 48
    unbounded_warps = 40
    [[unguarded.decisions]]
    applied = false
    bounded_regs = 48
    bounded_warps = 40
    kernel = "#kernel_function#37"
    maxthreads = 0
    spill_growth_bytes = 0
    target_warps = 12
    unbounded_regs = 48
    unbounded_warps = 40
    [[unguarded.decisions]]
    applied = false
    bounded_regs = 48
    bounded_warps = 40
    kernel = "#kernel_function#37"
    maxthreads = 0
    spill_growth_bytes = 0
    target_warps = 12
    unbounded_regs = 48
    unbounded_warps = 40
    [[unguarded.decisions]]
    applied = false
    bounded_regs = 48
    bounded_warps = 40
    kernel = "#kernel_function#37"
    maxthreads = 0
    spill_growth_bytes = 0
    target_warps = 12
    unbounded_regs = 48
    unbounded_warps = 40
    [[unguarded.decisions]]
    applied = false
    bounded_regs = 48
    bounded_warps = 40
    kernel = "#72#73"
    maxthreads = 0
    spill_growth_bytes = 0
    target_warps = 12
    unbounded_regs = 48
    unbounded_warps = 40
    [[unguarded.decisions]]
    applied = false
    bounded_regs = 48
    bounded_warps = 40
    kernel = "#kernel_function#37"
    maxthreads = 0
    spill_growth_bytes = 0
    target_warps = 12
    unbounded_regs = 48
    unbounded_warps = 40
    [[unguarded.decisions]]
    applied = false
    bounded_regs = 48
    bounded_warps = 40
    kernel = "#kernel_function#37"
    maxthreads = 0
    spill_growth_bytes = 0
    target_warps = 12
    unbounded_regs = 48
    unbounded_warps = 40
    [[unguarded.decisions]]
    applied = false
    bounded_regs = 48
    bounded_warps = 40
    kernel = "#kernel_function#37"
    maxthreads = 0
    spill_growth_bytes = 0
    target_warps = 12
    unbounded_regs = 48
    unbounded_warps = 40
    [[unguarded.decisions]]
    applied = false
    bounded_regs = 48
    bounded_warps = 40
    kernel = "#kernel_function#37"
    maxthreads = 0
    spill_growth_bytes = 0
    target_warps = 12
    unbounded_regs = 48
    unbounded_warps = 40
    [[unguarded.decisions]]
    applied = false
    bounded_regs = 48
    bounded_warps = 40
    kernel = "#kernel_function#37"
    maxthreads = 0
    spill_growth_bytes = 0
    target_warps = 12
    unbounded_regs = 48
    unbounded_warps = 40
    [[unguarded.decisions]]
    applied = false
    bounded_regs = 48
    bounded_warps = 40
    kernel = "#kernel_function#37"
    maxthreads = 0
    spill_growth_bytes = 0
    target_warps = 12
    unbounded_regs = 48
    unbounded_warps = 40
    [[unguarded.decisions]]
    applied = false
    bounded_regs = 48
    bounded_warps = 40
    kernel = "#kernel_function#37"
    maxthreads = 0
    spill_growth_bytes = 0
    target_warps = 12
    unbounded_regs = 48
    unbounded_warps = 40
    [[unguarded.decisions]]
    applied = false
    bounded_regs = 48
    bounded_warps = 40
    kernel = "#kernel_function#37"
    maxthreads = 0
    spill_growth_bytes = 0
    target_warps = 12
    unbounded_regs = 48
    unbounded_warps = 40
    [[unguarded.decisions]]
    applied = false
    bounded_regs = 48
    bounded_warps = 40
    kernel = "#kernel_function#37"
    maxthreads = 0
    spill_growth_bytes = 0
    target_warps = 12
    unbounded_regs = 48
    unbounded_warps = 40
    [[unguarded.decisions]]
    applied = false
    bounded_regs = 48
    bounded_warps = 40
    kernel = "#kernel_function#37"
    maxthreads = 0
    spill_growth_bytes = 0
    target_warps = 12
    unbounded_regs = 48
    unbounded_warps = 40
    [[unguarded.decisions]]
    applied = false
    bounded_regs = 48
    bounded_warps = 40
    kernel = "#kernel_function#37"
    maxthreads = 0
    spill_growth_bytes = 0
    target_warps = 12
    unbounded_regs = 48
    unbounded_warps = 40
    [[unguarded.decisions]]
    applied = false
    bounded_regs = 48
    bounded_warps = 40
    kernel = "#kernel_function#37"
    maxthreads = 0
    spill_growth_bytes = 0
    target_warps = 12
    unbounded_regs = 48
    unbounded_warps = 40
    [[unguarded.decisions]]
    applied = false
    bounded_regs = 48
    bounded_warps = 40
    kernel = "#kernel_function#37"
    maxthreads = 0
    spill_growth_bytes = 0
    target_warps = 12
    unbounded_regs = 48
    unbounded_warps = 40
    [[unguarded.decisions]]
    applied = false
    bounded_regs = 48
    bounded_warps = 40
    kernel = "#kernel_function#37"
    maxthreads = 0
    spill_growth_bytes = 0
    target_warps = 12
    unbounded_regs = 48
    unbounded_warps = 40
    [[unguarded.decisions]]
    applied = false
    bounded_regs = 48
    bounded_warps = 40
    kernel = "#kernel_function#37"
    maxthreads = 0
    spill_growth_bytes = 0
    target_warps = 12
    unbounded_regs = 48
    unbounded_warps = 40
    [[unguarded.decisions]]
    applied = false
    bounded_regs = 48
    bounded_warps = 40
    kernel = "#kernel_function#37"
    maxthreads = 0
    spill_growth_bytes = 0
    target_warps = 12
    unbounded_regs = 48
    unbounded_warps = 40
    [[unguarded.decisions]]
    applied = false
    bounded_regs = 48
    bounded_warps = 40
    kernel = "#kernel_function#37"
    maxthreads = 0
    spill_growth_bytes = 0
    target_warps = 12
    unbounded_regs = 48
    unbounded_warps = 40
    [[unguarded.decisions]]
    applied = false
    bounded_regs = 48
    bounded_warps = 40
    kernel = "#kernel_function#37"
    maxthreads = 0
    spill_growth_bytes = 0
    target_warps = 12
    unbounded_regs = 48
    unbounded_warps = 40
    [[unguarded.decisions]]
    applied = false
    bounded_regs = 48
    bounded_warps = 40
    kernel = "#kernel_function#37"
    maxthreads = 0
    spill_growth_bytes = 0
    target_warps = 12
    unbounded_regs = 48
    unbounded_warps = 40
    [[unguarded.decisions]]
    applied = false
    bounded_regs = 48
    bounded_warps = 40
    kernel = "#kernel_function#37"
    maxthreads = 0
    spill_growth_bytes = 0
    target_warps = 12
    unbounded_regs = 48
    unbounded_warps = 40
    [[unguarded.decisions]]
    applied = false
    bounded_regs = 48
    bounded_warps = 40
    kernel = "#kernel_function#37"
    maxthreads = 0
    spill_growth_bytes = 0
    target_warps = 12
    unbounded_regs = 48
    unbounded_warps = 40
    [[unguarded.decisions]]
    applied = false
    bounded_regs = 48
    bounded_warps = 40
    kernel = "#kernel_function#37"
    maxthreads = 0
    spill_growth_bytes = 0
    target_warps = 12
    unbounded_regs = 48
    unbounded_warps = 40
    [[unguarded.decisions]]
    applied = false
    bounded_regs = 48
    bounded_warps = 40
    kernel = "#kernel_function#37"
    maxthreads = 0
    spill_growth_bytes = 0
    target_warps = 12
    unbounded_regs = 48
    unbounded_warps = 40
    [[unguarded.decisions]]
    applied = false
    bounded_regs = 48
    bounded_warps = 40
    kernel = "#kernel_function#37"
    maxthreads = 0
    spill_growth_bytes = 0
    target_warps = 12
    unbounded_regs = 48
    unbounded_warps = 40
    [[unguarded.decisions]]
    applied = false
    bounded_regs = 48
    bounded_warps = 40
    kernel = "#kernel_function#37"
    maxthreads = 0
    spill_growth_bytes = 0
    target_warps = 12
    unbounded_regs = 48
    unbounded_warps = 40
    [[unguarded.decisions]]
    applied = false
    bounded_regs = 48
    bounded_warps = 40
    kernel = "#kernel_function#37"
    maxthreads = 0
    spill_growth_bytes = 0
    target_warps = 12
    unbounded_regs = 48
    unbounded_warps = 40
    [[unguarded.decisions]]
    applied = false
    bounded_regs = 48
    bounded_warps = 40
    kernel = "#kernel_function#37"
    maxthreads = 0
    spill_growth_bytes = 0
    target_warps = 12
    unbounded_regs = 48
    unbounded_warps = 40
    [[unguarded.decisions]]
    applied = false
    bounded_regs = 48
    bounded_warps = 40
    kernel = "#kernel_function#37"
    maxthreads = 0
    spill_growth_bytes = 0
    target_warps = 12
    unbounded_regs = 48
    unbounded_warps = 40
    [[unguarded.decisions]]
    applied = false
    bounded_regs = 48
    bounded_warps = 40
    kernel = "#kernel_function#37"
    maxthreads = 0
    spill_growth_bytes = 0
    target_warps = 12
    unbounded_regs = 48
    unbounded_warps = 40
    [[unguarded.decisions]]
    applied = false
    bounded_regs = 48
    bounded_warps = 40
    kernel = "#kernel_function#37"
    maxthreads = 0
    spill_growth_bytes = 0
    target_warps = 12
    unbounded_regs = 48
    unbounded_warps = 40
    [[unguarded.decisions]]
    applied = false
    bounded_regs = 48
    bounded_warps = 40
    kernel = "#bycolumn_kernel!"
    maxthreads = 0
    spill_growth_bytes = 0
    target_warps = 12
    unbounded_regs = 48
    unbounded_warps = 40
    [[unguarded.decisions]]
    applied = false
    bounded_regs = 48
    bounded_warps = 40
    kernel = "#kernel_function#37"
    maxthreads = 0
    spill_growth_bytes = 0
    target_warps = 12
    unbounded_regs = 48
    unbounded_warps = 40
    [[unguarded.decisions]]
    applied = false
    bounded_regs = 48
    bounded_warps = 40
    kernel = "#kernel_function#37"
    maxthreads = 0
    spill_growth_bytes = 0
    target_warps = 12
    unbounded_regs = 48
    unbounded_warps = 40
    [[unguarded.decisions]]
    applied = false
    bounded_regs = 48
    bounded_warps = 40
    kernel = "#kernel_function#37"
    maxthreads = 0
    spill_growth_bytes = 0
    target_warps = 12
    unbounded_regs = 48
    unbounded_warps = 40
    [[unguarded.decisions]]
    applied = false
    bounded_regs = 48
    bounded_warps = 40
    kernel = "#kernel_function#37"
    maxthreads = 0
    spill_growth_bytes = 0
    target_warps = 12
    unbounded_regs = 48
    unbounded_warps = 40
    [[unguarded.decisions]]
    applied = false
    bounded_regs = 48
    bounded_warps = 40
    kernel = "#kernel_function#37"
    maxthreads = 0
    spill_growth_bytes = 0
    target_warps = 12
    unbounded_regs = 48
    unbounded_warps = 40
    [[unguarded.decisions]]
    applied = false
    bounded_regs = 48
    bounded_warps = 40
    kernel = "#kernel_function#37"
    maxthreads = 0
    spill_growth_bytes = 0
    target_warps = 12
    unbounded_regs = 48
    unbounded_warps = 40
    [[unguarded.decisions]]
    applied = false
    bounded_regs = 48
    bounded_warps = 40
    kernel = "#kernel_function#37"
    maxthreads = 0
    spill_growth_bytes = 0
    target_warps = 12
    unbounded_regs = 48
    unbounded_warps = 40
    [[unguarded.decisions]]
    applied = false
    bounded_regs = 48
    bounded_warps = 40
    kernel = "#kernel_function#37"
    maxthreads = 0
    spill_growth_bytes = 0
    target_warps = 12
    unbounded_regs = 48
    unbounded_warps = 40
    [[unguarded.decisions]]
    applied = false
    bounded_regs = 48
    bounded_warps = 40
    kernel = "#kernel_function#37"
    maxthreads = 0
    spill_growth_bytes = 0
    target_warps = 12
    unbounded_regs = 48
    unbounded_warps = 40
    [[unguarded.decisions]]
    applied = false
    bounded_regs = 48
    bounded_warps = 40
    kernel = "#kernel_function#37"
    maxthreads = 0
    spill_growth_bytes = 0
    target_warps = 12
    unbounded_regs = 48
    unbounded_warps = 40
    [[unguarded.decisions]]
    applied = false
    bounded_regs = 48
    bounded_warps = 40
    kernel = "#kernel_function#37"
    maxthreads = 0
    spill_growth_bytes = 0
    target_warps = 12
    unbounded_regs = 48
    unbounded_warps = 40
    [[unguarded.decisions]]
    applied = false
    bounded_regs = 48
    bounded_warps = 40
    kernel = "#kernel_function#37"
    maxthreads = 0
    spill_growth_bytes = 0
    target_warps = 12
    unbounded_regs = 48
    unbounded_warps = 40
    [[unguarded.decisions]]
    applied = false
    bounded_regs = 48
    bounded_warps = 40
    kernel = "#kernel_function#37"
    maxthreads = 0
    spill_growth_bytes = 0
    target_warps = 12
    unbounded_regs = 48
    unbounded_warps = 40
    [[unguarded.decisions]]
    applied = false
    bounded_regs = 48
    bounded_warps = 40
    kernel = "#kernel_function#37"
    maxthreads = 0
    spill_growth_bytes = 0
    target_warps = 12
    unbounded_regs = 48
    unbounded_warps = 40
    [[unguarded.decisions]]
    applied = false
    bounded_regs = 48
    bounded_warps = 40
    kernel = "#kernel_function#37"
    maxthreads = 0
    spill_growth_bytes = 0
    target_warps = 12
    unbounded_regs = 48
    unbounded_warps = 40
    [[unguarded.decisions]]
    applied = false
    bounded_regs = 48
    bounded_warps = 40
    kernel = "#kernel_function#37"
    maxthreads = 0
    spill_growth_bytes = 0
    target_warps = 12
    unbounded_regs = 48
    unbounded_warps = 40
    [[unguarded.decisions]]
    applied = false
    bounded_regs = 48
    bounded_warps = 40
    kernel = "#kernel_function#37"
    maxthreads = 0
    spill_growth_bytes = 0
    target_warps = 12
    unbounded_regs = 48
    unbounded_warps = 40
    [[unguarded.decisions]]
    applied = false
    bounded_regs = 48
    bounded_warps = 40
    kernel = "#kernel_function#37"
    maxthreads = 0
    spill_growth_bytes = 0
    target_warps = 12
    unbounded_regs = 48
    unbounded_warps = 40
    [[unguarded.decisions]]
    applied = false
    bounded_regs = 48
    bounded_warps = 40
    kernel = "#kernel_function#37"
    maxthreads = 0
    spill_growth_bytes = 0
    target_warps = 12
    unbounded_regs = 48
    unbounded_warps = 40
    [[unguarded.decisions]]
    applied = false
    bounded_regs = 48
    bounded_warps = 40
    kernel = "#kernel_function#37"
    maxthreads = 0
    spill_growth_bytes = 0
    target_warps = 12
    unbounded_regs = 48
    unbounded_warps = 40
    [[unguarded.decisions]]
    applied = false
    bounded_regs = 48
    bounded_warps = 40
    kernel = "#kernel_function#37"
    maxthreads = 0
    spill_growth_bytes = 0
    target_warps = 12
    unbounded_regs = 48
    unbounded_warps = 40
    [[unguarded.decisions]]
    applied = false
    bounded_regs = 48
    bounded_warps = 40
    kernel = "#kernel_function#37"
    maxthreads = 0
    spill_growth_bytes = 0
    target_warps = 12
    unbounded_regs = 48
    unbounded_warps = 40
    [[unguarded.decisions]]
    applied = false
    bounded_regs = 48
    bounded_warps = 40
    kernel = "#kernel_function#37"
    maxthreads = 0
    spill_growth_bytes = 0
    target_warps = 12
    unbounded_regs = 48
    unbounded_warps = 40
    [[unguarded.decisions]]
    applied = false
    bounded_regs = 48
    bounded_warps = 40
    kernel = "#kernel_function#37"
    maxthreads = 0
    spill_growth_bytes = 0
    target_warps = 12
    unbounded_regs = 48
    unbounded_warps = 40
    [[unguarded.decisions]]
    applied = false
    bounded_regs = 48
    bounded_warps = 40
    kernel = "#kernel_function#37"
    maxthreads = 0
    spill_growth_bytes = 0
    target_warps = 12
    unbounded_regs = 48
    unbounded_warps = 40
    [[unguarded.decisions]]
    applied = false
    bounded_regs = 48
    bounded_warps = 40
    kernel = "#kernel_function#37"
    maxthreads = 0
    spill_growth_bytes = 0
    target_warps = 12
    unbounded_regs = 48
    unbounded_warps = 40
    [[unguarded.decisions]]
    applied = false
    bounded_regs = 48
    bounded_warps = 40
    kernel = "#kernel_function#37"
    maxthreads = 0
    spill_growth_bytes = 0
    target_warps = 12
    unbounded_regs = 48
    unbounded_warps = 40
    [[unguarded.decisions]]
    applied = false
    bounded_regs = 48
    bounded_warps = 40
    kernel = "#kernel_function#37"
    maxthreads = 0
    spill_growth_bytes = 0
    target_warps = 12
    unbounded_regs = 48
    unbounded_warps = 40
    [[unguarded.decisions]]
    applied = false
    bounded_regs = 48
    bounded_warps = 40
    kernel = "#kernel_function#37"
    maxthreads = 0
    spill_growth_bytes = 0
    target_warps = 12
    unbounded_regs = 48
    unbounded_warps = 40
    [[unguarded.decisions]]
    applied = false
    bounded_regs = 48
    bounded_warps = 40
    kernel = "#kernel_function#37"
    maxthreads = 0
    spill_growth_bytes = 0
    target_warps = 12
    unbounded_regs = 48
    unbounded_warps = 40
    [[unguarded.decisions]]
    applied = false
    bounded_regs = 48
    bounded_warps = 40
    kernel = "#kernel_function#37"
    maxthreads = 0
    spill_growth_bytes = 0
    target_warps = 12
    unbounded_regs = 48
    unbounded_warps = 40
    [[unguarded.decisions]]
    applied = false
    bounded_regs = 48
    bounded_warps = 40
    kernel = "#kernel_function#37"
    maxthreads = 0
    spill_growth_bytes = 0
    target_warps = 12
    unbounded_regs = 48
    unbounded_warps = 40
    [[unguarded.decisions]]
    applied = false
    bounded_regs = 48
    bounded_warps = 40
    kernel = "#kernel_function#37"
    maxthreads = 0
    spill_growth_bytes = 0
    target_warps = 12
    unbounded_regs = 48
    unbounded_warps = 40
    [[unguarded.decisions]]
    applied = false
    bounded_regs = 48
    bounded_warps = 40
    kernel = "#kernel_function#37"
    maxthreads = 0
    spill_growth_bytes = 0
    target_warps = 12
    unbounded_regs = 48
    unbounded_warps = 40
    [[unguarded.decisions]]
    applied = false
    bounded_regs = 48
    bounded_warps = 40
    kernel = "#kernel_function#37"
    maxthreads = 0
    spill_growth_bytes = 0
    target_warps = 12
    unbounded_regs = 48
    unbounded_warps = 40
    [[unguarded.decisions]]
    applied = false
    bounded_regs = 48
    bounded_warps = 40
    kernel = "#kernel_function#37"
    maxthreads = 0
    spill_growth_bytes = 0
    target_warps = 12
    unbounded_regs = 48
    unbounded_warps = 40
    [[unguarded.decisions]]
    applied = false
    bounded_regs = 48
    bounded_warps = 40
    kernel = "#kernel_function#37"
    maxthreads = 0
    spill_growth_bytes = 0
    target_warps = 12
    unbounded_regs = 48
    unbounded_warps = 40
    [[unguarded.decisions]]
    applied = false
    bounded_regs = 48
    bounded_warps = 40
    kernel = "#kernel_function#37"
    maxthreads = 0
    spill_growth_bytes = 0
    target_warps = 12
    unbounded_regs = 48
    unbounded_warps = 40
    [[unguarded.decisions]]
    applied = false
    bounded_regs = 48
    bounded_warps = 40
    kernel = "#kernel_function#37"
    maxthreads = 0
    spill_growth_bytes = 0
    target_warps = 12
    unbounded_regs = 48
    unbounded_warps = 40
    [[unguarded.decisions]]
    applied = false
    bounded_regs = 48
    bounded_warps = 40
    kernel = "#kernel_function#37"
    maxthreads = 0
    spill_growth_bytes = 0
    target_warps = 12
    unbounded_regs = 48
    unbounded_warps = 40
    [[unguarded.decisions]]
    applied = false
    bounded_regs = 48
    bounded_warps = 40
    kernel = "#kernel_function#37"
    maxthreads = 0
    spill_growth_bytes = 0
    target_warps = 12
    unbounded_regs = 48
    unbounded_warps = 40
    [[unguarded.decisions]]
    applied = false
    bounded_regs = 48
    bounded_warps = 40
    kernel = "#kernel_function#37"
    maxthreads = 0
    spill_growth_bytes = 0
    target_warps = 12
    unbounded_regs = 48
    unbounded_warps = 40
    [[unguarded.decisions]]
    applied = false
    bounded_regs = 48
    bounded_warps = 40
    kernel = "#kernel_function#37"
    maxthreads = 0
    spill_growth_bytes = 0
    target_warps = 12
    unbounded_regs = 48
    unbounded_warps = 40
    [[unguarded.decisions]]
    applied = false
    bounded_regs = 48
    bounded_warps = 40
    kernel = "#kernel_function#37"
    maxthreads = 0
    spill_growth_bytes = 0
    target_warps = 12
    unbounded_regs = 48
    unbounded_warps = 40
    [[unguarded.decisions]]
    applied = false
    bounded_regs = 48
    bounded_warps = 40
    kernel = "#kernel_function#37"
    maxthreads = 0
    spill_growth_bytes = 0
    target_warps = 12
    unbounded_regs = 48
    unbounded_warps = 40
    [[unguarded.decisions]]
    applied = false
    bounded_regs = 48
    bounded_warps = 40
    kernel = "#kernel_function#37"
    maxthreads = 0
    spill_growth_bytes = 0
    target_warps = 12
    unbounded_regs = 48
    unbounded_warps = 40
    [[unguarded.decisions]]
    applied = false
    bounded_regs = 48
    bounded_warps = 40
    kernel = "#kernel_function#37"
    maxthreads = 0
    spill_growth_bytes = 0
    target_warps = 12
    unbounded_regs = 48
    unbounded_warps = 40
    [[unguarded.decisions]]
    applied = false
    bounded_regs = 48
    bounded_warps = 40
    kernel = "#kernel_function#37"
    maxthreads = 0
    spill_growth_bytes = 0
    target_warps = 12
    unbounded_regs = 48
    unbounded_warps = 40
    [[unguarded.decisions]]
    applied = false
    bounded_regs = 48
    bounded_warps = 40
    kernel = "#kernel_function#37"
    maxthreads = 0
    spill_growth_bytes = 0
    target_warps = 12
    unbounded_regs = 48
    unbounded_warps = 40
    [[unguarded.decisions]]
    applied = false
    bounded_regs = 48
    bounded_warps = 40
    kernel = "#kernel_function#37"
    maxthreads = 0
    spill_growth_bytes = 0
    target_warps = 12
    unbounded_regs = 48
    unbounded_warps = 40
    [[unguarded.decisions]]
    applied = false
    bounded_regs = 48
    bounded_warps = 40
    kernel = "#kernel_function#37"
    maxthreads = 0
    spill_growth_bytes = 0
    target_warps = 12
    unbounded_regs = 48
    unbounded_warps = 40
    [[unguarded.decisions]]
    applied = false
    bounded_regs = 48
    bounded_warps = 40
    kernel = "#kernel_function#37"
    maxthreads = 0
    spill_growth_bytes = 0
    target_warps = 12
    unbounded_regs = 48
    unbounded_warps = 40
    [[unguarded.decisions]]
    applied = false
    bounded_regs = 48
    bounded_warps = 40
    kernel = "#kernel_function#37"
    maxthreads = 0
    spill_growth_bytes = 0
    target_warps = 12
    unbounded_regs = 48
    unbounded_warps = 40
    [[unguarded.decisions]]
    applied = false
    bounded_regs = 48
    bounded_warps = 40
    kernel = "#kernel_function#37"
    maxthreads = 0
    spill_growth_bytes = 0
    target_warps = 12
    unbounded_regs = 48
    unbounded_warps = 40
    [[unguarded.decisions]]
    applied = false
    bounded_regs = 48
    bounded_warps = 40
    kernel = "#kernel_function#37"
    maxthreads = 0
    spill_growth_bytes = 0
    target_warps = 12
    unbounded_regs = 48
    unbounded_warps = 40
    [[unguarded.decisions]]
    applied = false
    bounded_regs = 48
    bounded_warps = 40
    kernel = "#kernel_function#37"
    maxthreads = 0
    spill_growth_bytes = 0
    target_warps = 12
    unbounded_regs = 48
    unbounded_warps = 40
    [[unguarded.decisions]]
    applied = false
    bounded_regs = 48
    bounded_warps = 40
    kernel = "#kernel_function#37"
    maxthreads = 0
    spill_growth_bytes = 0
    target_warps = 12
    unbounded_regs = 48
    unbounded_warps = 40
    [[unguarded.decisions]]
    applied = false
    bounded_regs = 48
    bounded_warps = 40
    kernel = "#kernel_function#37"
    maxthreads = 0
    spill_growth_bytes = 0
    target_warps = 12
    unbounded_regs = 48
    unbounded_warps = 40
    [[unguarded.decisions]]
    applied = false
    bounded_regs = 48
    bounded_warps = 40
    kernel = "#kernel_function#37"
    maxthreads = 0
    spill_growth_bytes = 0
    target_warps = 12
    unbounded_regs = 48
    unbounded_warps = 40
    [[unguarded.decisions]]
    applied = false
    bounded_regs = 48
    bounded_warps = 40
    kernel = "#kernel_function#37"
    maxthreads = 0
    spill_growth_bytes = 0
    target_warps = 12
    unbounded_regs = 48
    unbounded_warps = 40
    [[unguarded.decisions]]
    applied = false
    bounded_regs = 48
    bounded_warps = 40
    kernel = "#kernel_function#37"
    maxthreads = 0
    spill_growth_bytes = 0
    target_warps = 12
    unbounded_regs = 48
    unbounded_warps = 40
    [[unguarded.decisions]]
    applied = false
    bounded_regs = 48
    bounded_warps = 40
    kernel = "#kernel_function#37"
    maxthreads = 0
    spill_growth_bytes = 0
    target_warps = 12
    unbounded_regs = 48
    unbounded_warps = 40
    [[unguarded.decisions]]
    applied = false
    bounded_regs = 48
    bounded_warps = 40
    kernel = "#kernel_function#37"
    maxthreads = 0
    spill_growth_bytes = 0
    target_warps = 12
    unbounded_regs = 48
    unbounded_warps = 40
    [[unguarded.decisions]]
    applied = false
    bounded_regs = 48
    bounded_warps = 40
    kernel = "#kernel_function#37"
    maxthreads = 0
    spill_growth_bytes = 0
    target_warps = 12
    unbounded_regs = 48
    unbounded_warps = 40
    [[unguarded.decisions]]
    applied = false
    bounded_regs = 48
    bounded_warps = 40
    kernel = "#kernel_function#37"
    maxthreads = 0
    spill_growth_bytes = 0
    target_warps = 12
    unbounded_regs = 48
    unbounded_warps = 40
    [[unguarded.decisions]]
    applied = false
    bounded_regs = 48
    bounded_warps = 40
    kernel = "#kernel_function#37"
    maxthreads = 0
    spill_growth_bytes = 0
    target_warps = 12
    unbounded_regs = 48
    unbounded_warps = 40
    [[unguarded.decisions]]
    applied = false
    bounded_regs = 48
    bounded_warps = 40
    kernel = "#kernel_function#37"
    maxthreads = 0
    spill_growth_bytes = 0
    target_warps = 12
    unbounded_regs = 48
    unbounded_warps = 40
    [[unguarded.decisions]]
    applied = false
    bounded_regs = 48
    bounded_warps = 40
    kernel = "#kernel_function#37"
    maxthreads = 0
    spill_growth_bytes = 0
    target_warps = 12
    unbounded_regs = 48
    unbounded_warps = 40
    [[unguarded.decisions]]
    applied = false
    bounded_regs = 48
    bounded_warps = 40
    kernel = "#kernel_function#37"
    maxthreads = 0
    spill_growth_bytes = 0
    target_warps = 12
    unbounded_regs = 48
    unbounded_warps = 40
    [[unguarded.decisions]]
    applied = false
    bounded_regs = 48
    bounded_warps = 40
    kernel = "#kernel_function#37"
    maxthreads = 0
    spill_growth_bytes = 0
    target_warps = 12
    unbounded_regs = 48
    unbounded_warps = 40
    [[unguarded.decisions]]
    applied = false
    bounded_regs = 48
    bounded_warps = 40
    kernel = "#kernel_function#37"
    maxthreads = 0
    spill_growth_bytes = 0
    target_warps = 12
    unbounded_regs = 48
    unbounded_warps = 40
    [[unguarded.decisions]]
    applied = false
    bounded_regs = 48
    bounded_warps = 40
    kernel = "#set_interpolated_values_kernel!"
    maxthreads = 0
    spill_growth_bytes = 0
    target_warps = 12
    unbounded_regs = 48
    unbounded_warps = 40
    [[unguarded.decisions]]
    applied = false
    bounded_regs = 48
    bounded_warps = 40
    kernel = "#kernel_function#37"
    maxthreads = 0
    spill_growth_bytes = 0
    target_warps = 12
    unbounded_regs = 48
    unbounded_warps = 40
    [[unguarded.decisions]]
    applied = false
    bounded_regs = 48
    bounded_warps = 40
    kernel = "#kernel_function#37"
    maxthreads = 0
    spill_growth_bytes = 0
    target_warps = 12
    unbounded_regs = 48
    unbounded_warps = 40
    [[unguarded.decisions]]
    applied = false
    bounded_regs = 48
    bounded_warps = 40
    kernel = "#kernel_function#37"
    maxthreads = 0
    spill_growth_bytes = 0
    target_warps = 12
    unbounded_regs = 48
    unbounded_warps = 40
    [[unguarded.decisions]]
    applied = false
    bounded_regs = 48
    bounded_warps = 40
    kernel = "#kernel_function#37"
    maxthreads = 0
    spill_growth_bytes = 0
    target_warps = 12
    unbounded_regs = 48
    unbounded_warps = 40
    [[unguarded.decisions]]
    applied = false
    bounded_regs = 48
    bounded_warps = 40
    kernel = "#kernel_function#37"
    maxthreads = 0
    spill_growth_bytes = 0
    target_warps = 12
    unbounded_regs = 48
    unbounded_warps = 40
    [[unguarded.decisions]]
    applied = false
    bounded_regs = 48
    bounded_warps = 40
    kernel = "#kernel_function#37"
    maxthreads = 0
    spill_growth_bytes = 0
    target_warps = 12
    unbounded_regs = 48
    unbounded_warps = 40
    [[unguarded.decisions]]
    applied = false
    bounded_regs = 48
    bounded_warps = 40
    kernel = "#kernel_function#37"
    maxthreads = 0
    spill_growth_bytes = 0
    target_warps = 12
    unbounded_regs = 48
    unbounded_warps = 40
    [[unguarded.decisions]]
    applied = false
    bounded_regs = 48
    bounded_warps = 40
    kernel = "#kernel_function#37"
    maxthreads = 0
    spill_growth_bytes = 0
    target_warps = 12
    unbounded_regs = 48
    unbounded_warps = 40
    [[unguarded.decisions]]
    applied = false
    bounded_regs = 48
    bounded_warps = 40
    kernel = "#kernel_function#37"
    maxthreads = 0
    spill_growth_bytes = 0
    target_warps = 12
    unbounded_regs = 48
    unbounded_warps = 40
    [[unguarded.decisions]]
    applied = false
    bounded_regs = 48
    bounded_warps = 40
    kernel = "#kernel_function#37"
    maxthreads = 0
    spill_growth_bytes = 0
    target_warps = 12
    unbounded_regs = 48
    unbounded_warps = 40
    [[unguarded.decisions]]
    applied = false
    bounded_regs = 48
    bounded_warps = 40
    kernel = "#kernel_function#37"
    maxthreads = 0
    spill_growth_bytes = 0
    target_warps = 12
    unbounded_regs = 48
    unbounded_warps = 40
    [[unguarded.decisions]]
    applied = false
    bounded_regs = 48
    bounded_warps = 40
    kernel = "#kernel_function#37"
    maxthreads = 0
    spill_growth_bytes = 0
    target_warps = 12
    unbounded_regs = 48
    unbounded_warps = 40
    [[unguarded.decisions]]
    applied = false
    bounded_regs = 48
    bounded_warps = 40
    kernel = "#kernel_function#37"
    maxthreads = 0
    spill_growth_bytes = 0
    target_warps = 12
    unbounded_regs = 48
    unbounded_warps = 40
    [[unguarded.decisions]]
    applied = false
    bounded_regs = 48
    bounded_warps = 40
    kernel = "#kernel_function#37"
    maxthreads = 0
    spill_growth_bytes = 0
    target_warps = 12
    unbounded_regs = 48
    unbounded_warps = 40
    [[unguarded.decisions]]
    applied = false
    bounded_regs = 48
    bounded_warps = 40
    kernel = "#kernel_function#37"
    maxthreads = 0
    spill_growth_bytes = 0
    target_warps = 12
    unbounded_regs = 48
    unbounded_warps = 40
    [[unguarded.decisions]]
    applied = false
    bounded_regs = 48
    bounded_warps = 40
    kernel = "#kernel_function#37"
    maxthreads = 0
    spill_growth_bytes = 0
    target_warps = 12
    unbounded_regs = 48
    unbounded_warps = 40
    [[unguarded.decisions]]
    applied = false
    bounded_regs = 48
    bounded_warps = 40
    kernel = "#kernel_function#37"
    maxthreads = 0
    spill_growth_bytes = 0
    target_warps = 12
    unbounded_regs = 48
    unbounded_warps = 40
    [[unguarded.decisions]]
    applied = false
    bounded_regs = 48
    bounded_warps = 40
    kernel = "#kernel_function#37"
    maxthreads = 0
    spill_growth_bytes = 0
    target_warps = 12
    unbounded_regs = 48
    unbounded_warps = 40
    [[unguarded.decisions]]
    applied = false
    bounded_regs = 48
    bounded_warps = 40
    kernel = "#kernel_function#37"
    maxthreads = 0
    spill_growth_bytes = 0
    target_warps = 12
    unbounded_regs = 48
    unbounded_warps = 40
    [[unguarded.decisions]]
    applied = false
    bounded_regs = 48
    bounded_warps = 40
    kernel = "#kernel_function#37"
    maxthreads = 0
    spill_growth_bytes = 0
    target_warps = 12
    unbounded_regs = 48
    unbounded_warps = 40
    [[unguarded.decisions]]
    applied = false
    bounded_regs = 48
    bounded_warps = 40
    kernel = "#kernel_function#37"
    maxthreads = 0
    spill_growth_bytes = 0
    target_warps = 12
    unbounded_regs = 48
    unbounded_warps = 40
    [[unguarded.decisions]]
    applied = false
    bounded_regs = 48
    bounded_warps = 40
    kernel = "#kernel_function#37"
    maxthreads = 0
    spill_growth_bytes = 0
    target_warps = 12
    unbounded_regs = 48
    unbounded_warps = 40
    [[unguarded.decisions]]
    applied = false
    bounded_regs = 48
    bounded_warps = 40
    kernel = "#kernel_function#37"
    maxthreads = 0
    spill_growth_bytes = 0
    target_warps = 12
    unbounded_regs = 48
    unbounded_warps = 40
    [[unguarded.decisions]]
    applied = false
    bounded_regs = 48
    bounded_warps = 40
    kernel = "#kernel_function#37"
    maxthreads = 0
    spill_growth_bytes = 0
    target_warps = 12
    unbounded_regs = 48
    unbounded_warps = 40
    [[unguarded.decisions]]
    applied = false
    bounded_regs = 48
    bounded_warps = 40
    kernel = "#kernel_function#37"
    maxthreads = 0
    spill_growth_bytes = 0
    target_warps = 12
    unbounded_regs = 48
    unbounded_warps = 40
    [[unguarded.decisions]]
    applied = false
    bounded_regs = 48
    bounded_warps = 40
    kernel = "#bycolumn_kernel!"
    maxthreads = 0
    spill_growth_bytes = 0
    target_warps = 12
    unbounded_regs = 48
    unbounded_warps = 40
    [[unguarded.decisions]]
    applied = false
    bounded_regs = 48
    bounded_warps = 40
    kernel = "#kernel_function#37"
    maxthreads = 0
    spill_growth_bytes = 0
    target_warps = 12
    unbounded_regs = 48
    unbounded_warps = 40
    [[unguarded.decisions]]
    applied = false
    bounded_regs = 48
    bounded_warps = 40
    kernel = "#kernel_function#37"
    maxthreads = 0
    spill_growth_bytes = 0
    target_warps = 12
    unbounded_regs = 48
    unbounded_warps = 40
    [[unguarded.decisions]]
    applied = false
    bounded_regs = 48
    bounded_warps = 40
    kernel = "#kernel_function#37"
    maxthreads = 0
    spill_growth_bytes = 0
    target_warps = 12
    unbounded_regs = 48
    unbounded_warps = 40
    [[unguarded.decisions]]
    applied = false
    bounded_regs = 48
    bounded_warps = 40
    kernel = "#kernel_function#37"
    maxthreads = 0
    spill_growth_bytes = 0
    target_warps = 12
    unbounded_regs = 48
    unbounded_warps = 40
    [[unguarded.decisions]]
    applied = false
    bounded_regs = 48
    bounded_warps = 40
    kernel = "#kernel_function#37"
    maxthreads = 0
    spill_growth_bytes = 0
    target_warps = 12
    unbounded_regs = 48
    unbounded_warps = 40
    [[unguarded.decisions]]
    applied = false
    bounded_regs = 48
    bounded_warps = 40
    kernel = "#kernel_function#37"
    maxthreads = 0
    spill_growth_bytes = 0
    target_warps = 12
    unbounded_regs = 48
    unbounded_warps = 40
    [[unguarded.decisions]]
    applied = false
    bounded_regs = 48
    bounded_warps = 40
    kernel = "#kernel_function#37"
    maxthreads = 0
    spill_growth_bytes = 0
    target_warps = 12
    unbounded_regs = 48
    unbounded_warps = 40
    [[unguarded.decisions]]
    applied = false
    bounded_regs = 48
    bounded_warps = 40
    kernel = "#kernel_function#37"
    maxthreads = 0
    spill_growth_bytes = 0
    target_warps = 12
    unbounded_regs = 48
    unbounded_warps = 40
    [[unguarded.decisions]]
    applied = false
    bounded_regs = 48
    bounded_warps = 40
    kernel = "#kernel_function#37"
    maxthreads = 0
    spill_growth_bytes = 0
    target_warps = 12
    unbounded_regs = 48
    unbounded_warps = 40
    [[unguarded.decisions]]
    applied = false
    bounded_regs = 48
    bounded_warps = 40
    kernel = "#kernel_function#37"
    maxthreads = 0
    spill_growth_bytes = 0
    target_warps = 12
    unbounded_regs = 48
    unbounded_warps = 40
    [[unguarded.decisions]]
    applied = false
    bounded_regs = 48
    bounded_warps = 40
    kernel = "#kernel_function#37"
    maxthreads = 0
    spill_growth_bytes = 0
    target_warps = 12
    unbounded_regs = 48
    unbounded_warps = 40
    [[unguarded.decisions]]
    applied = false
    bounded_regs = 48
    bounded_warps = 40
    kernel = "#kernel_function#37"
    maxthreads = 0
    spill_growth_bytes = 0
    target_warps = 12
    unbounded_regs = 48
    unbounded_warps = 40
    [[unguarded.decisions]]
    applied = false
    bounded_regs = 48
    bounded_warps = 40
    kernel = "#kernel_function#37"
    maxthreads = 0
    spill_growth_bytes = 0
    target_warps = 12
    unbounded_regs = 48
    unbounded_warps = 40
    [[unguarded.decisions]]
    applied = false
    bounded_regs = 48
    bounded_warps = 40
    kernel = "#kernel_function#37"
    maxthreads = 0
    spill_growth_bytes = 0
    target_warps = 12
    unbounded_regs = 48
    unbounded_warps = 40
    [[unguarded.decisions]]
    applied = false
    bounded_regs = 48
    bounded_warps = 40
    kernel = "#kernel_function#37"
    maxthreads = 0
    spill_growth_bytes = 0
    target_warps = 12
    unbounded_regs = 48
    unbounded_warps = 40
    [[unguarded.decisions]]
    applied = false
    bounded_regs = 48
    bounded_warps = 40
    kernel = "#kernel_function#37"
    maxthreads = 0
    spill_growth_bytes = 0
    target_warps = 12
    unbounded_regs = 48
    unbounded_warps = 40
    [[unguarded.decisions]]
    applied = false
    bounded_regs = 48
    bounded_warps = 40
    kernel = "#kernel_function#37"
    maxthreads = 0
    spill_growth_bytes = 0
    target_warps = 12
    unbounded_regs = 48
    unbounded_warps = 40
    [[unguarded.decisions]]
    applied = false
    bounded_regs = 48
    bounded_warps = 40
    kernel = "#kernel_function#37"
    maxthreads = 0
    spill_growth_bytes = 0
    target_warps = 12
    unbounded_regs = 48
    unbounded_warps = 40
    [[unguarded.decisions]]
    applied = false
    bounded_regs = 48
    bounded_warps = 40
    kernel = "#kernel_function#37"
    maxthreads = 0
    spill_growth_bytes = 0
    target_warps = 12
    unbounded_regs = 48
    unbounded_warps = 40
    [[unguarded.decisions]]
    applied = false
    bounded_regs = 48
    bounded_warps = 40
    kernel = "#kernel_function#37"
    maxthreads = 0
    spill_growth_bytes = 0
    target_warps = 12
    unbounded_regs = 48
    unbounded_warps = 40
    [[unguarded.decisions]]
    applied = false
    bounded_regs = 48
    bounded_warps = 40
    kernel = "#kernel_function#37"
    maxthreads = 0
    spill_growth_bytes = 0
    target_warps = 12
    unbounded_regs = 48
    unbounded_warps = 40
    [[unguarded.decisions]]
    applied = false
    bounded_regs = 48
    bounded_warps = 40
    kernel = "#kernel_function#37"
    maxthreads = 0
    spill_growth_bytes = 0
    target_warps = 12
    unbounded_regs = 48
    unbounded_warps = 40
    [[unguarded.decisions]]
    applied = false
    bounded_regs = 48
    bounded_warps = 40
    kernel = "#kernel_function#37"
    maxthreads = 0
    spill_growth_bytes = 0
    target_warps = 12
    unbounded_regs = 48
    unbounded_warps = 40
    [[unguarded.decisions]]
    applied = false
    bounded_regs = 48
    bounded_warps = 40
    kernel = "#kernel_function#37"
    maxthreads = 0
    spill_growth_bytes = 0
    target_warps = 12
    unbounded_regs = 48
    unbounded_warps = 40
    [[unguarded.decisions]]
    applied = false
    bounded_regs = 48
    bounded_warps = 40
    kernel = "#kernel_function#37"
    maxthreads = 0
    spill_growth_bytes = 0
    target_warps = 12
    unbounded_regs = 48
    unbounded_warps = 40
    [[unguarded.decisions]]
    applied = false
    bounded_regs = 48
    bounded_warps = 40
    kernel = "#kernel_function#37"
    maxthreads = 0
    spill_growth_bytes = 0
    target_warps = 12
    unbounded_regs = 48
    unbounded_warps = 40
    [[unguarded.decisions]]
    applied = false
    bounded_regs = 48
    bounded_warps = 40
    kernel = "#kernel_function#37"
    maxthreads = 0
    spill_growth_bytes = 0
    target_warps = 12
    unbounded_regs = 48
    unbounded_warps = 40
    [[unguarded.decisions]]
    applied = false
    bounded_regs = 48
    bounded_warps = 40
    kernel = "#kernel_function#37"
    maxthreads = 0
    spill_growth_bytes = 0
    target_warps = 12
    unbounded_regs = 48
    unbounded_warps = 40
    [[unguarded.decisions]]
    applied = false
    bounded_regs = 48
    bounded_warps = 40
    kernel = "#kernel_function#37"
    maxthreads = 0
    spill_growth_bytes = 0
    target_warps = 12
    unbounded_regs = 48
    unbounded_warps = 40
    [[unguarded.decisions]]
    applied = false
    bounded_regs = 48
    bounded_warps = 40
    kernel = "#kernel_function#37"
    maxthreads = 0
    spill_growth_bytes = 0
    target_warps = 12
    unbounded_regs = 48
    unbounded_warps = 40
    [[unguarded.decisions]]
    applied = false
    bounded_regs = 48
    bounded_warps = 40
    kernel = "#kernel_function#37"
    maxthreads = 0
    spill_growth_bytes = 0
    target_warps = 12
    unbounded_regs = 48
    unbounded_warps = 40
    [[unguarded.decisions]]
    applied = false
    bounded_regs = 48
    bounded_warps = 40
    kernel = "#kernel_function#37"
    maxthreads = 0
    spill_growth_bytes = 0
    target_warps = 12
    unbounded_regs = 48
    unbounded_warps = 40
    [[unguarded.decisions]]
    applied = false
    bounded_regs = 48
    bounded_warps = 40
    kernel = "#kernel_function#37"
    maxthreads = 0
    spill_growth_bytes = 0
    target_warps = 12
    unbounded_regs = 48
    unbounded_warps = 40
    [[unguarded.decisions]]
    applied = false
    bounded_regs = 48
    bounded_warps = 40
    kernel = "#bycolumn_kernel!"
    maxthreads = 0
    spill_growth_bytes = 0
    target_warps = 12
    unbounded_regs = 48
    unbounded_warps = 40
    [[unguarded.decisions]]
    applied = false
    bounded_regs = 48
    bounded_warps = 40
    kernel = "#kernel_function#37"
    maxthreads = 0
    spill_growth_bytes = 0
    target_warps = 12
    unbounded_regs = 48
    unbounded_warps = 40
    [[unguarded.decisions]]
    applied = false
    bounded_regs = 48
    bounded_warps = 40
    kernel = "#kernel_function#37"
    maxthreads = 0
    spill_growth_bytes = 0
    target_warps = 12
    unbounded_regs = 48
    unbounded_warps = 40
    [[unguarded.decisions]]
    applied = false
    bounded_regs = 48
    bounded_warps = 40
    kernel = "#kernel_function#37"
    maxthreads = 0
    spill_growth_bytes = 0
    target_warps = 12
    unbounded_regs = 48
    unbounded_warps = 40
    [[unguarded.decisions]]
    applied = false
    bounded_regs = 48
    bounded_warps = 40
    kernel = "#kernel_function#37"
    maxthreads = 0
    spill_growth_bytes = 0
    target_warps = 12
    unbounded_regs = 48
    unbounded_warps = 40
    [[unguarded.decisions]]
    applied = false
    bounded_regs = 48
    bounded_warps = 40
    kernel = "#kernel_function#37"
    maxthreads = 0
    spill_growth_bytes = 0
    target_warps = 12
    unbounded_regs = 48
    unbounded_warps = 40
    [[unguarded.decisions]]
    applied = false
    bounded_regs = 48
    bounded_warps = 40
    kernel = "#kernel_function#37"
    maxthreads = 0
    spill_growth_bytes = 0
    target_warps = 12
    unbounded_regs = 48
    unbounded_warps = 40
    [[unguarded.decisions]]
    applied = false
    bounded_regs = 48
    bounded_warps = 40
    kernel = "#kernel_function#37"
    maxthreads = 0
    spill_growth_bytes = 0
    target_warps = 12
    unbounded_regs = 48
    unbounded_warps = 40
    [[unguarded.decisions]]
    applied = false
    bounded_regs = 48
    bounded_warps = 40
    kernel = "#kernel_function#37"
    maxthreads = 0
    spill_growth_bytes = 0
    target_warps = 12
    unbounded_regs = 48
    unbounded_warps = 40
    [[unguarded.decisions]]
    applied = false
    bounded_regs = 48
    bounded_warps = 40
    kernel = "#kernel_function#37"
    maxthreads = 0
    spill_growth_bytes = 0
    target_warps = 12
    unbounded_regs = 48
    unbounded_warps = 40
    [[unguarded.decisions]]
    applied = false
    bounded_regs = 48
    bounded_warps = 40
    kernel = "#kernel_function#37"
    maxthreads = 0
    spill_growth_bytes = 0
    target_warps = 12
    unbounded_regs = 48
    unbounded_warps = 40
    [[unguarded.decisions]]
    applied = false
    bounded_regs = 48
    bounded_warps = 40
    kernel = "#kernel_function#37"
    maxthreads = 0
    spill_growth_bytes = 0
    target_warps = 12
    unbounded_regs = 48
    unbounded_warps = 40
    [[unguarded.decisions]]
    applied = false
    bounded_regs = 48
    bounded_warps = 40
    kernel = "#kernel_function#37"
    maxthreads = 0
    spill_growth_bytes = 0
    target_warps = 12
    unbounded_regs = 48
    unbounded_warps = 40
    [[unguarded.decisions]]
    applied = false
    bounded_regs = 48
    bounded_warps = 40
    kernel = "#kernel_function#37"
    maxthreads = 0
    spill_growth_bytes = 0
    target_warps = 12
    unbounded_regs = 48
    unbounded_warps = 40
    [[unguarded.decisions]]
    applied = false
    bounded_regs = 48
    bounded_warps = 40
    kernel = "#kernel_function#37"
    maxthreads = 0
    spill_growth_bytes = 0
    target_warps = 12
    unbounded_regs = 48
    unbounded_warps = 40
    [[unguarded.decisions]]
    applied = false
    bounded_regs = 48
    bounded_warps = 40
    kernel = "#kernel_function#37"
    maxthreads = 0
    spill_growth_bytes = 0
    target_warps = 12
    unbounded_regs = 48
    unbounded_warps = 40
    [[unguarded.decisions]]
    applied = false
    bounded_regs = 48
    bounded_warps = 40
    kernel = "#kernel_function#37"
    maxthreads = 0
    spill_growth_bytes = 0
    target_warps = 12
    unbounded_regs = 48
    unbounded_warps = 40
    [[unguarded.decisions]]
    applied = false
    bounded_regs = 48
    bounded_warps = 40
    kernel = "#kernel_function#37"
    maxthreads = 0
    spill_growth_bytes = 0
    target_warps = 12
    unbounded_regs = 48
    unbounded_warps = 40
    [[unguarded.decisions]]
    applied = false
    bounded_regs = 48
    bounded_warps = 40
    kernel = "#kernel_function#37"
    maxthreads = 0
    spill_growth_bytes = 0
    target_warps = 12
    unbounded_regs = 48
    unbounded_warps = 40
    [[unguarded.decisions]]
    applied = false
    bounded_regs = 48
    bounded_warps = 40
    kernel = "#kernel_function#37"
    maxthreads = 0
    spill_growth_bytes = 0
    target_warps = 12
    unbounded_regs = 48
    unbounded_warps = 40
    [[unguarded.decisions]]
    applied = false
    bounded_regs = 48
    bounded_warps = 40
    kernel = "#kernel_function#37"
    maxthreads = 0
    spill_growth_bytes = 0
    target_warps = 12
    unbounded_regs = 48
    unbounded_warps = 40
    [[unguarded.decisions]]
    applied = false
    bounded_regs = 48
    bounded_warps = 40
    kernel = "#kernel_function#37"
    maxthreads = 0
    spill_growth_bytes = 0
    target_warps = 12
    unbounded_regs = 48
    unbounded_warps = 40
    [[unguarded.decisions]]
    applied = false
    bounded_regs = 48
    bounded_warps = 40
    kernel = "#kernel_function#37"
    maxthreads = 0
    spill_growth_bytes = 0
    target_warps = 12
    unbounded_regs = 48
    unbounded_warps = 40
    [[unguarded.decisions]]
    applied = false
    bounded_regs = 48
    bounded_warps = 40
    kernel = "#kernel_function#37"
    maxthreads = 0
    spill_growth_bytes = 0
    target_warps = 12
    unbounded_regs = 48
    unbounded_warps = 40
    [[unguarded.decisions]]
    applied = false
    bounded_regs = 48
    bounded_warps = 40
    kernel = "#kernel_function#37"
    maxthreads = 0
    spill_growth_bytes = 0
    target_warps = 12
    unbounded_regs = 48
    unbounded_warps = 40
    [[unguarded.decisions]]
    applied = false
    bounded_regs = 48
    bounded_warps = 40
    kernel = "#kernel_function#37"
    maxthreads = 0
    spill_growth_bytes = 0
    target_warps = 12
    unbounded_regs = 48
    unbounded_warps = 40
    [[unguarded.decisions]]
    applied = false
    bounded_regs = 48
    bounded_warps = 40
    kernel = "#kernel_function#37"
    maxthreads = 0
    spill_growth_bytes = 0
    target_warps = 12
    unbounded_regs = 48
    unbounded_warps = 40
    [[unguarded.decisions]]
    applied = false
    bounded_regs = 48
    bounded_warps = 40
    kernel = "#kernel_function#37"
    maxthreads = 0
    spill_growth_bytes = 0
    target_warps = 12
    unbounded_regs = 48
    unbounded_warps = 40
    [[unguarded.decisions]]
    applied = false
    bounded_regs = 48
    bounded_warps = 40
    kernel = "#kernel_function#37"
    maxthreads = 0
    spill_growth_bytes = 0
    target_warps = 12
    unbounded_regs = 48
    unbounded_warps = 40
    [[unguarded.decisions]]
    applied = false
    bounded_regs = 48
    bounded_warps = 40
    kernel = "#kernel_function#37"
    maxthreads = 0
    spill_growth_bytes = 0
    target_warps = 12
    unbounded_regs = 48
    unbounded_warps = 40
    [[unguarded.decisions]]
    applied = false
    bounded_regs = 48
    bounded_warps = 40
    kernel = "#kernel_function#37"
    maxthreads = 0
    spill_growth_bytes = 0
    target_warps = 12
    unbounded_regs = 48
    unbounded_warps = 40
    [[unguarded.decisions]]
    applied = false
    bounded_regs = 48
    bounded_warps = 40
    kernel = "#kernel_function#37"
    maxthreads = 0
    spill_growth_bytes = 0
    target_warps = 12
    unbounded_regs = 48
    unbounded_warps = 40
    [[unguarded.decisions]]
    applied = false
    bounded_regs = 48
    bounded_warps = 40
    kernel = "#kernel_function#37"
    maxthreads = 0
    spill_growth_bytes = 0
    target_warps = 12
    unbounded_regs = 48
    unbounded_warps = 40
    [[unguarded.decisions]]
    applied = false
    bounded_regs = 48
    bounded_warps = 40
    kernel = "#kernel_function#37"
    maxthreads = 0
    spill_growth_bytes = 0
    target_warps = 12
    unbounded_regs = 48
    unbounded_warps = 40
    [[unguarded.decisions]]
    applied = false
    bounded_regs = 48
    bounded_warps = 40
    kernel = "#kernel_function#37"
    maxthreads = 0
    spill_growth_bytes = 0
    target_warps = 12
    unbounded_regs = 48
    unbounded_warps = 40
    [[unguarded.decisions]]
    applied = false
    bounded_regs = 48
    bounded_warps = 40
    kernel = "#kernel_function#37"
    maxthreads = 0
    spill_growth_bytes = 0
    target_warps = 12
    unbounded_regs = 48
    unbounded_warps = 40
    [[unguarded.decisions]]
    applied = false
    bounded_regs = 48
    bounded_warps = 40
    kernel = "#kernel_function#37"
    maxthreads = 0
    spill_growth_bytes = 0
    target_warps = 12
    unbounded_regs = 48
    unbounded_warps = 40
    [[unguarded.decisions]]
    applied = false
    bounded_regs = 48
    bounded_warps = 40
    kernel = "#kernel_function#37"
    maxthreads = 0
    spill_growth_bytes = 0
    target_warps = 12
    unbounded_regs = 48
    unbounded_warps = 40
    [[unguarded.decisions]]
    applied = false
    bounded_regs = 48
    bounded_warps = 40
    kernel = "#kernel_function#37"
    maxthreads = 0
    spill_growth_bytes = 0
    target_warps = 12
    unbounded_regs = 48
    unbounded_warps = 40
    [[unguarded.decisions]]
    applied = false
    bounded_regs = 48
    bounded_warps = 40
    kernel = "#kernel_function#37"
    maxthreads = 0
    spill_growth_bytes = 0
    target_warps = 12
    unbounded_regs = 48
    unbounded_warps = 40
    [[unguarded.decisions]]
    applied = false
    bounded_regs = 48
    bounded_warps = 40
    kernel = "#kernel_function#37"
    maxthreads = 0
    spill_growth_bytes = 0
    target_warps = 12
    unbounded_regs = 48
    unbounded_warps = 40
    [[unguarded.decisions]]
    applied = false
    bounded_regs = 48
    bounded_warps = 40
    kernel = "#kernel_function#37"
    maxthreads = 0
    spill_growth_bytes = 0
    target_warps = 12
    unbounded_regs = 48
    unbounded_warps = 40
    [[unguarded.decisions]]
    applied = false
    bounded_regs = 48
    bounded_warps = 40
    kernel = "#kernel_function#37"
    maxthreads = 0
    spill_growth_bytes = 0
    target_warps = 12
    unbounded_regs = 48
    unbounded_warps = 40
    [[unguarded.decisions]]
    applied = false
    bounded_regs = 48
    bounded_warps = 40
    kernel = "#kernel_function#37"
    maxthreads = 0
    spill_growth_bytes = 0
    target_warps = 12
    unbounded_regs = 48
    unbounded_warps = 40
    [[unguarded.decisions]]
    applied = false
    bounded_regs = 48
    bounded_warps = 40
    kernel = "#kernel_function#37"
    maxthreads = 0
    spill_growth_bytes = 0
    target_warps = 12
    unbounded_regs = 48
    unbounded_warps = 40
    [[unguarded.decisions]]
    applied = false
    bounded_regs = 48
    bounded_warps = 40
    kernel = "#kernel_function#37"
    maxthreads = 0
    spill_growth_bytes = 0
    target_warps = 12
    unbounded_regs = 48
    unbounded_warps = 40
    [[unguarded.decisions]]
    applied = false
    bounded_regs = 48
    bounded_warps = 40
    kernel = "#kernel_function#37"
    maxthreads = 0
    spill_growth_bytes = 0
    target_warps = 12
    unbounded_regs = 48
    unbounded_warps = 40
    [[unguarded.decisions]]
    applied = false
    bounded_regs = 48
    bounded_warps = 40
    kernel = "#kernel_function#37"
    maxthreads = 0
    spill_growth_bytes = 0
    target_warps = 12
    unbounded_regs = 48
    unbounded_warps = 40
    [[unguarded.decisions]]
    applied = false
    bounded_regs = 48
    bounded_warps = 40
    kernel = "#kernel_function#37"
    maxthreads = 0
    spill_growth_bytes = 0
    target_warps = 12
    unbounded_regs = 48
    unbounded_warps = 40
    [[unguarded.decisions]]
    applied = false
    bounded_regs = 48
    bounded_warps = 40
    kernel = "#kernel_function#37"
    maxthreads = 0
    spill_growth_bytes = 0
    target_warps = 12
    unbounded_regs = 48
    unbounded_warps = 40
    [[unguarded.decisions]]
    applied = false
    bounded_regs = 48
    bounded_warps = 40
    kernel = "#kernel_function#37"
    maxthreads = 0
    spill_growth_bytes = 0
    target_warps = 12
    unbounded_regs = 48
    unbounded_warps = 40
    [[unguarded.decisions]]
    applied = false
    bounded_regs = 48
    bounded_warps = 40
    kernel = "#kernel_function#37"
    maxthreads = 0
    spill_growth_bytes = 0
    target_warps = 12
    unbounded_regs = 48
    unbounded_warps = 40
    [[unguarded.decisions]]
    applied = false
    bounded_regs = 48
    bounded_warps = 40
    kernel = "#kernel_function#37"
    maxthreads = 0
    spill_growth_bytes = 0
    target_warps = 12
    unbounded_regs = 48
    unbounded_warps = 40
    [[unguarded.decisions]]
    applied = false
    bounded_regs = 48
    bounded_warps = 40
    kernel = "#kernel_function#37"
    maxthreads = 0
    spill_growth_bytes = 0
    target_warps = 12
    unbounded_regs = 48
    unbounded_warps = 40
    [[unguarded.decisions]]
    applied = false
    bounded_regs = 48
    bounded_warps = 40
    kernel = "#kernel_function#37"
    maxthreads = 0
    spill_growth_bytes = 0
    target_warps = 12
    unbounded_regs = 48
    unbounded_warps = 40
    [[unguarded.decisions]]
    applied = false
    bounded_regs = 48
    bounded_warps = 40
    kernel = "#kernel_function#37"
    maxthreads = 0
    spill_growth_bytes = 0
    target_warps = 12
    unbounded_regs = 48
    unbounded_warps = 40
    [[unguarded.decisions]]
    applied = false
    bounded_regs = 48
    bounded_warps = 40
    kernel = "#kernel_function#37"
    maxthreads = 0
    spill_growth_bytes = 0
    target_warps = 12
    unbounded_regs = 48
    unbounded_warps = 40
    [[unguarded.decisions]]
    applied = false
    bounded_regs = 48
    bounded_warps = 40
    kernel = "#kernel_function#37"
    maxthreads = 0
    spill_growth_bytes = 0
    target_warps = 12
    unbounded_regs = 48
    unbounded_warps = 40
    [[unguarded.decisions]]
    applied = false
    bounded_regs = 48
    bounded_warps = 40
    kernel = "#kernel_function#37"
    maxthreads = 0
    spill_growth_bytes = 0
    target_warps = 12
    unbounded_regs = 48
    unbounded_warps = 40
    [[unguarded.decisions]]
    applied = false
    bounded_regs = 46
    bounded_warps = 40
    kernel = "#kernel_function#37"
    maxthreads = 0
    spill_growth_bytes = 0
    target_warps = 12
    unbounded_regs = 46
    unbounded_warps = 40
    [[unguarded.decisions]]
    applied = false
    bounded_regs = 46
    bounded_warps = 40
    kernel = "#kernel_function#37"
    maxthreads = 0
    spill_growth_bytes = 0
    target_warps = 12
    unbounded_regs = 46
    unbounded_warps = 40
    [[unguarded.decisions]]
    applied = false
    bounded_regs = 46
    bounded_warps = 40
    kernel = "#bycolumn_kernel!"
    maxthreads = 0
    spill_growth_bytes = 0
    target_warps = 12
    unbounded_regs = 46
    unbounded_warps = 40
    [[unguarded.decisions]]
    applied = false
    bounded_regs = 46
    bounded_warps = 40
    kernel = "#kernel_function#37"
    maxthreads = 0
    spill_growth_bytes = 0
    target_warps = 12
    unbounded_regs = 46
    unbounded_warps = 40
    [[unguarded.decisions]]
    applied = false
    bounded_regs = 46
    bounded_warps = 40
    kernel = "#kernel_function#37"
    maxthreads = 0
    spill_growth_bytes = 0
    target_warps = 12
    unbounded_regs = 46
    unbounded_warps = 40
    [[unguarded.decisions]]
    applied = false
    bounded_regs = 43
    bounded_warps = 40
    kernel = "#kernel_function#37"
    maxthreads = 0
    spill_growth_bytes = 0
    target_warps = 12
    unbounded_regs = 43
    unbounded_warps = 40
    [[unguarded.decisions]]
    applied = false
    bounded_regs = 40
    bounded_warps = 48
    kernel = "#kernel_function#37"
    maxthreads = 0
    spill_growth_bytes = 0
    target_warps = 12
    unbounded_regs = 40
    unbounded_warps = 48
    [[unguarded.decisions]]
    applied = false
    bounded_regs = 40
    bounded_warps = 48
    kernel = "#kernel_function#37"
    maxthreads = 0
    spill_growth_bytes = 0
    target_warps = 12
    unbounded_regs = 40
    unbounded_warps = 48
    [[unguarded.decisions]]
    applied = false
    bounded_regs = 40
    bounded_warps = 48
    kernel = "#kernel_function#37"
    maxthreads = 0
    spill_growth_bytes = 0
    target_warps = 12
    unbounded_regs = 40
    unbounded_warps = 48
    [[unguarded.decisions]]
    applied = false
    bounded_regs = 40
    bounded_warps = 48
    kernel = "#kernel_function#37"
    maxthreads = 0
    spill_growth_bytes = 0
    target_warps = 12
    unbounded_regs = 40
    unbounded_warps = 48
    [[unguarded.decisions]]
    applied = false
    bounded_regs = 40
    bounded_warps = 48
    kernel = "#kernel_function#37"
    maxthreads = 0
    spill_growth_bytes = 0
    target_warps = 12
    unbounded_regs = 40
    unbounded_warps = 48
    [[unguarded.decisions]]
    applied = false
    bounded_regs = 40
    bounded_warps = 48
    kernel = "#kernel_function#37"
    maxthreads = 0
    spill_growth_bytes = 0
    target_warps = 12
    unbounded_regs = 40
    unbounded_warps = 48
    [[unguarded.decisions]]
    applied = false
    bounded_regs = 40
    bounded_warps = 48
    kernel = "#bycolumn_kernel!"
    maxthreads = 0
    spill_growth_bytes = 0
    target_warps = 12
    unbounded_regs = 40
    unbounded_warps = 48
    [[unguarded.decisions]]
    applied = false
    bounded_regs = 40
    bounded_warps = 48
    kernel = "#kernel_function#37"
    maxthreads = 0
    spill_growth_bytes = 0
    target_warps = 12
    unbounded_regs = 40
    unbounded_warps = 48
    [[unguarded.decisions]]
    applied = false
    bounded_regs = 40
    bounded_warps = 48
    kernel = "#kernel_function#37"
    maxthreads = 0
    spill_growth_bytes = 0
    target_warps = 12
    unbounded_regs = 40
    unbounded_warps = 48
    [[unguarded.decisions]]
    applied = false
    bounded_regs = 40
    bounded_warps = 48
    kernel = "#kernel_function#37"
    maxthreads = 0
    spill_growth_bytes = 0
    target_warps = 12
    unbounded_regs = 40
    unbounded_warps = 48
    [[unguarded.decisions]]
    applied = false
    bounded_regs = 40
    bounded_warps = 48
    kernel = "#kernel_function#37"
    maxthreads = 0
    spill_growth_bytes = 0
    target_warps = 12
    unbounded_regs = 40
    unbounded_warps = 48
    [[unguarded.decisions]]
    applied = false
    bounded_regs = 40
    bounded_warps = 48
    kernel = "#kernel_function#37"
    maxthreads = 0
    spill_growth_bytes = 0
    target_warps = 12
    unbounded_regs = 40
    unbounded_warps = 48
    [[unguarded.decisions]]
    applied = false
    bounded_regs = 40
    bounded_warps = 48
    kernel = "#kernel_function#37"
    maxthreads = 0
    spill_growth_bytes = 0
    target_warps = 12
    unbounded_regs = 40
    unbounded_warps = 48
    [[unguarded.decisions]]
    applied = false
    bounded_regs = 40
    bounded_warps = 48
    kernel = "#set_interpolated_values_bilinear_3d_kernel!"
    maxthreads = 0
    spill_growth_bytes = 0
    target_warps = 12
    unbounded_regs = 40
    unbounded_warps = 48
    [[unguarded.decisions]]
    applied = false
    bounded_regs = 40
    bounded_warps = 48
    kernel = "#kernel_function#37"
    maxthreads = 0
    spill_growth_bytes = 0
    target_warps = 12
    unbounded_regs = 40
    unbounded_warps = 48
    [[unguarded.decisions]]
    applied = false
    bounded_regs = 40
    bounded_warps = 48
    kernel = "#72#73"
    maxthreads = 0
    spill_growth_bytes = 0
    target_warps = 12
    unbounded_regs = 40
    unbounded_warps = 48
    [[unguarded.decisions]]
    applied = false
    bounded_regs = 40
    bounded_warps = 48
    kernel = "#66#67"
    maxthreads = 0
    spill_growth_bytes = 0
    target_warps = 12
    unbounded_regs = 40
    unbounded_warps = 48
    [[unguarded.decisions]]
    applied = false
    bounded_regs = 40
    bounded_warps = 48
    kernel = "#kernel_function#37"
    maxthreads = 0
    spill_growth_bytes = 0
    target_warps = 12
    unbounded_regs = 40
    unbounded_warps = 48
    [[unguarded.decisions]]
    applied = false
    bounded_regs = 40
    bounded_warps = 48
    kernel = "#bycolumn_kernel!"
    maxthreads = 0
    spill_growth_bytes = 0
    target_warps = 12
    unbounded_regs = 40
    unbounded_warps = 48
    [[unguarded.decisions]]
    applied = false
    bounded_regs = 40
    bounded_warps = 48
    kernel = "#kernel_function#37"
    maxthreads = 0
    spill_growth_bytes = 0
    target_warps = 12
    unbounded_regs = 40
    unbounded_warps = 48
    [[unguarded.decisions]]
    applied = false
    bounded_regs = 40
    bounded_warps = 48
    kernel = "#kernel_function#37"
    maxthreads = 0
    spill_growth_bytes = 0
    target_warps = 12
    unbounded_regs = 40
    unbounded_warps = 48
    [[unguarded.decisions]]
    applied = false
    bounded_regs = 40
    bounded_warps = 48
    kernel = "#kernel_function#37"
    maxthreads = 0
    spill_growth_bytes = 0
    target_warps = 12
    unbounded_regs = 40
    unbounded_warps = 48
    [[unguarded.decisions]]
    applied = false
    bounded_regs = 40
    bounded_warps = 48
    kernel = "#kernel_function#37"
    maxthreads = 0
    spill_growth_bytes = 0
    target_warps = 12
    unbounded_regs = 40
    unbounded_warps = 48
    [[unguarded.decisions]]
    applied = false
    bounded_regs = 40
    bounded_warps = 48
    kernel = "#kernel_function#37"
    maxthreads = 0
    spill_growth_bytes = 0
    target_warps = 12
    unbounded_regs = 40
    unbounded_warps = 48
    [[unguarded.decisions]]
    applied = false
    bounded_regs = 40
    bounded_warps = 48
    kernel = "#kernel_function#37"
    maxthreads = 0
    spill_growth_bytes = 0
    target_warps = 12
    unbounded_regs = 40
    unbounded_warps = 48
    [[unguarded.decisions]]
    applied = false
    bounded_regs = 40
    bounded_warps = 48
    kernel = "#kernel_function#37"
    maxthreads = 0
    spill_growth_bytes = 0
    target_warps = 12
    unbounded_regs = 40
    unbounded_warps = 48
    [[unguarded.decisions]]
    applied = false
    bounded_regs = 40
    bounded_warps = 48
    kernel = "#bycolumn_kernel!"
    maxthreads = 0
    spill_growth_bytes = 0
    target_warps = 12
    unbounded_regs = 40
    unbounded_warps = 48
    [[unguarded.decisions]]
    applied = false
    bounded_regs = 40
    bounded_warps = 48
    kernel = "#kernel_function#37"
    maxthreads = 0
    spill_growth_bytes = 0
    target_warps = 12
    unbounded_regs = 40
    unbounded_warps = 48
    [[unguarded.decisions]]
    applied = false
    bounded_regs = 40
    bounded_warps = 48
    kernel = "#kernel_function#37"
    maxthreads = 0
    spill_growth_bytes = 0
    target_warps = 12
    unbounded_regs = 40
    unbounded_warps = 48
    [[unguarded.decisions]]
    applied = false
    bounded_regs = 40
    bounded_warps = 48
    kernel = "#kernel_function#37"
    maxthreads = 0
    spill_growth_bytes = 0
    target_warps = 12
    unbounded_regs = 40
    unbounded_warps = 48
    [[unguarded.decisions]]
    applied = false
    bounded_regs = 40
    bounded_warps = 48
    kernel = "#bycolumn_kernel!"
    maxthreads = 0
    spill_growth_bytes = 0
    target_warps = 12
    unbounded_regs = 40
    unbounded_warps = 48
    [[unguarded.decisions]]
    applied = false
    bounded_regs = 40
    bounded_warps = 48
    kernel = "#kernel_function#37"
    maxthreads = 0
    spill_growth_bytes = 0
    target_warps = 12
    unbounded_regs = 40
    unbounded_warps = 48
    [[unguarded.decisions]]
    applied = false
    bounded_regs = 40
    bounded_warps = 48
    kernel = "#kernel_function#37"
    maxthreads = 0
    spill_growth_bytes = 0
    target_warps = 12
    unbounded_regs = 40
    unbounded_warps = 48
    [[unguarded.decisions]]
    applied = false
    bounded_regs = 40
    bounded_warps = 48
    kernel = "#kernel_function#37"
    maxthreads = 0
    spill_growth_bytes = 0
    target_warps = 12
    unbounded_regs = 40
    unbounded_warps = 48
    [[unguarded.decisions]]
    applied = false
    bounded_regs = 40
    bounded_warps = 48
    kernel = "#kernel_function#37"
    maxthreads = 0
    spill_growth_bytes = 0
    target_warps = 12
    unbounded_regs = 40
    unbounded_warps = 48
    [[unguarded.decisions]]
    applied = false
    bounded_regs = 40
    bounded_warps = 48
    kernel = "#kernel_function#37"
    maxthreads = 0
    spill_growth_bytes = 0
    target_warps = 12
    unbounded_regs = 40
    unbounded_warps = 48
    [[unguarded.decisions]]
    applied = false
    bounded_regs = 40
    bounded_warps = 48
    kernel = "#kernel_function#37"
    maxthreads = 0
    spill_growth_bytes = 0
    target_warps = 12
    unbounded_regs = 40
    unbounded_warps = 48
    [[unguarded.decisions]]
    applied = false
    bounded_regs = 40
    bounded_warps = 48
    kernel = "#kernel_function#37"
    maxthreads = 0
    spill_growth_bytes = 0
    target_warps = 12
    unbounded_regs = 40
    unbounded_warps = 48
    [[unguarded.decisions]]
    applied = false
    bounded_regs = 39
    bounded_warps = 48
    kernel = "#64#65"
    maxthreads = 0
    spill_growth_bytes = 0
    target_warps = 12
    unbounded_regs = 39
    unbounded_warps = 48
    [[unguarded.decisions]]
    applied = false
    bounded_regs = 39
    bounded_warps = 48
    kernel = "#64#65"
    maxthreads = 0
    spill_growth_bytes = 0
    target_warps = 12
    unbounded_regs = 39
    unbounded_warps = 48
    [[unguarded.decisions]]
    applied = false
    bounded_regs = 38
    bounded_warps = 48
    kernel = "#kernel_function#37"
    maxthreads = 0
    spill_growth_bytes = 0
    target_warps = 12
    unbounded_regs = 38
    unbounded_warps = 48
    [[unguarded.decisions]]
    applied = false
    bounded_regs = 38
    bounded_warps = 48
    kernel = "#kernel_function#37"
    maxthreads = 0
    spill_growth_bytes = 0
    target_warps = 12
    unbounded_regs = 38
    unbounded_warps = 48
    [[unguarded.decisions]]
    applied = false
    bounded_regs = 38
    bounded_warps = 48
    kernel = "#kernel_function#37"
    maxthreads = 0
    spill_growth_bytes = 0
    target_warps = 12
    unbounded_regs = 38
    unbounded_warps = 48
    [[unguarded.decisions]]
    applied = false
    bounded_regs = 38
    bounded_warps = 48
    kernel = "#kernel_function#37"
    maxthreads = 0
    spill_growth_bytes = 0
    target_warps = 12
    unbounded_regs = 38
    unbounded_warps = 48
    [[unguarded.decisions]]
    applied = false
    bounded_regs = 38
    bounded_warps = 48
    kernel = "#kernel_function#37"
    maxthreads = 0
    spill_growth_bytes = 0
    target_warps = 12
    unbounded_regs = 38
    unbounded_warps = 48
    [[unguarded.decisions]]
    applied = false
    bounded_regs = 38
    bounded_warps = 48
    kernel = "#kernel_function#37"
    maxthreads = 0
    spill_growth_bytes = 0
    target_warps = 12
    unbounded_regs = 38
    unbounded_warps = 48
    [[unguarded.decisions]]
    applied = false
    bounded_regs = 38
    bounded_warps = 48
    kernel = "#kernel_function#37"
    maxthreads = 0
    spill_growth_bytes = 0
    target_warps = 12
    unbounded_regs = 38
    unbounded_warps = 48
    [[unguarded.decisions]]
    applied = false
    bounded_regs = 38
    bounded_warps = 48
    kernel = "#kernel_function#37"
    maxthreads = 0
    spill_growth_bytes = 0
    target_warps = 12
    unbounded_regs = 38
    unbounded_warps = 48
    [[unguarded.decisions]]
    applied = false
    bounded_regs = 38
    bounded_warps = 48
    kernel = "#kernel_function#37"
    maxthreads = 0
    spill_growth_bytes = 0
    target_warps = 12
    unbounded_regs = 38
    unbounded_warps = 48
    [[unguarded.decisions]]
    applied = false
    bounded_regs = 38
    bounded_warps = 48
    kernel = "#kernel_function#37"
    maxthreads = 0
    spill_growth_bytes = 0
    target_warps = 12
    unbounded_regs = 38
    unbounded_warps = 48
    [[unguarded.decisions]]
    applied = false
    bounded_regs = 38
    bounded_warps = 48
    kernel = "#kernel_function#37"
    maxthreads = 0
    spill_growth_bytes = 0
    target_warps = 12
    unbounded_regs = 38
    unbounded_warps = 48
    [[unguarded.decisions]]
    applied = false
    bounded_regs = 38
    bounded_warps = 48
    kernel = "#kernel_function#37"
    maxthreads = 0
    spill_growth_bytes = 0
    target_warps = 12
    unbounded_regs = 38
    unbounded_warps = 48
    [[unguarded.decisions]]
    applied = false
    bounded_regs = 38
    bounded_warps = 48
    kernel = "#kernel_function#37"
    maxthreads = 0
    spill_growth_bytes = 0
    target_warps = 12
    unbounded_regs = 38
    unbounded_warps = 48
    [[unguarded.decisions]]
    applied = false
    bounded_regs = 32
    bounded_warps = 64
    kernel = "#66#67"
    maxthreads = 0
    spill_growth_bytes = 0
    target_warps = 12
    unbounded_regs = 32
    unbounded_warps = 64
    [[unguarded.decisions]]
    applied = false
    bounded_regs = 32
    bounded_warps = 64
    kernel = "#64#65"
    maxthreads = 0
    spill_growth_bytes = 0
    target_warps = 12
    unbounded_regs = 32
    unbounded_warps = 64
    [[unguarded.decisions]]
    applied = false
    bounded_regs = 32
    bounded_warps = 64
    kernel = "#64#65"
    maxthreads = 0
    spill_growth_bytes = 0
    target_warps = 12
    unbounded_regs = 32
    unbounded_warps = 64
    [[unguarded.decisions]]
    applied = false
    bounded_regs = 32
    bounded_warps = 64
    kernel = "#64#65"
    maxthreads = 0
    spill_growth_bytes = 0
    target_warps = 12
    unbounded_regs = 32
    unbounded_warps = 64
    [[unguarded.decisions]]
    applied = false
    bounded_regs = 32
    bounded_warps = 64
    kernel = "#66#67"
    maxthreads = 0
    spill_growth_bytes = 0
    target_warps = 12
    unbounded_regs = 32
    unbounded_warps = 64
    [[unguarded.decisions]]
    applied = false
    bounded_regs = 32
    bounded_warps = 64
    kernel = "#66#67"
    maxthreads = 0
    spill_growth_bytes = 0
    target_warps = 12
    unbounded_regs = 32
    unbounded_warps = 64
    [[unguarded.decisions]]
    applied = false
    bounded_regs = 32
    bounded_warps = 64
    kernel = "#72#73"
    maxthreads = 0
    spill_growth_bytes = 0
    target_warps = 12
    unbounded_regs = 32
    unbounded_warps = 64
    [[unguarded.decisions]]
    applied = false
    bounded_regs = 32
    bounded_warps = 64
    kernel = "#72#73"
    maxthreads = 0
    spill_growth_bytes = 0
    target_warps = 12
    unbounded_regs = 32
    unbounded_warps = 64
    [[unguarded.decisions]]
    applied = false
    bounded_regs = 32
    bounded_warps = 64
    kernel = "#64#65"
    maxthreads = 0
    spill_growth_bytes = 0
    target_warps = 12
    unbounded_regs = 32
    unbounded_warps = 64
    [[unguarded.decisions]]
    applied = false
    bounded_regs = 32
    bounded_warps = 64
    kernel = "#72#73"
    maxthreads = 0
    spill_growth_bytes = 0
    target_warps = 12
    unbounded_regs = 32
    unbounded_warps = 64
    [[unguarded.decisions]]
    applied = false
    bounded_regs = 32
    bounded_warps = 64
    kernel = "#64#65"
    maxthreads = 0
    spill_growth_bytes = 0
    target_warps = 12
    unbounded_regs = 32
    unbounded_warps = 64
    [[unguarded.decisions]]
    applied = false
    bounded_regs = 32
    bounded_warps = 64
    kernel = "#66#67"
    maxthreads = 0
    spill_growth_bytes = 0
    target_warps = 12
    unbounded_regs = 32
    unbounded_warps = 64
    [[unguarded.decisions]]
    applied = false
    bounded_regs = 32
    bounded_warps = 64
    kernel = "#set_interpolated_values_bilinear_2d_kernel!"
    maxthreads = 0
    spill_growth_bytes = 0
    target_warps = 12
    unbounded_regs = 32
    unbounded_warps = 64
    [[unguarded.decisions]]
    applied = false
    bounded_regs = 32
    bounded_warps = 64
    kernel = "#66#67"
    maxthreads = 0
    spill_growth_bytes = 0
    target_warps = 12
    unbounded_regs = 32
    unbounded_warps = 64
    [[unguarded.decisions]]
    applied = false
    bounded_regs = 32
    bounded_warps = 64
    kernel = "#66#67"
    maxthreads = 0
    spill_growth_bytes = 0
    target_warps = 12
    unbounded_regs = 32
    unbounded_warps = 64
    [[unguarded.decisions]]
    applied = false
    bounded_regs = 32
    bounded_warps = 64
    kernel = "#66#67"
    maxthreads = 0
    spill_growth_bytes = 0
    target_warps = 12
    unbounded_regs = 32
    unbounded_warps = 64
    [[unguarded.decisions]]
    applied = false
    bounded_regs = 30
    bounded_warps = 64
    kernel = "#set_interpolated_values_kernel!"
    maxthreads = 0
    spill_growth_bytes = 0
    target_warps = 12
    unbounded_regs = 30
    unbounded_warps = 64
    [[unguarded.decisions]]
    applied = false
    bounded_regs = 17
    bounded_warps = 64
    kernel = "#68#69"
    maxthreads = 0
    spill_growth_bytes = 0
    target_warps = 12
    unbounded_regs = 17
    unbounded_warps = 64
    [[unguarded.decisions]]
    applied = false
    bounded_regs = 17
    bounded_warps = 64
    kernel = "#70#71"
    maxthreads = 0
    spill_growth_bytes = 0
    target_warps = 12
    unbounded_regs = 17
    unbounded_warps = 64

    [unguarded.kernels.L1011]
    block = "CUDA.CuDim3(0x00000280, 0x00000001, 0x00000001)"
    calls = 50
    grid = "CUDA.CuDim3(0x000000d8, 0x00000001, 0x00000001)"
    kernel = "set_microphysics_tendency_cache__FILE_ClimaAtmos_jl_mod_src_cache_microphysics_cache_jl_L1011"
    local_mem = "(thread = 0, total = 251265024)"
    mean_ms = 0.022382736206054688
    registers = 48
    total_s = 0.0011191368103027344

    [unguarded.kernels.L1012]
    block = "CUDA.CuDim3(0x00000280, 0x00000001, 0x00000001)"
    calls = 50
    grid = "CUDA.CuDim3(0x000000d8, 0x00000001, 0x00000001)"
    kernel = "set_microphysics_tendency_cache__FILE_ClimaAtmos_jl_mod_src_cache_microphysics_cache_jl_L1012"
    local_mem = "(thread = 0, total = 251265024)"
    mean_ms = 0.03531932830810547
    registers = 48
    total_s = 0.0017659664154052734

    [unguarded.kernels.L1013]
    block = "CUDA.CuDim3(0x00000180, 0x00000001, 0x00000001)"
    calls = 50
    grid = "CUDA.CuDim3(0x0000006c, 0x00000001, 0x00000001)"
    kernel = "set_microphysics_tendency_cache__FILE_ClimaAtmos_jl_mod_src_cache_microphysics_cache_jl_L1013"
    local_mem = "(thread = 0, total = 806879232)"
    mean_ms = 31.628570556640625
    registers = 168
    total_s = 1.5814285278320312

    [unguarded.kernels.L970]
    block = "CUDA.CuDim3(0x00000180, 0x00000001, 0x00000001)"
    calls = 50
    grid = "CUDA.CuDim3(0x0000006c, 0x00000001, 0x00000001)"
    kernel = "set_microphysics_tendency_cache__FILE_ClimaAtmos_jl_mod_src_cache_microphysics_cache_jl_L970"
    local_mem = "(thread = 0, total = 272498688)"
    mean_ms = 2.7202463150024414
    registers = 168
    total_s = 0.13601231575012207

    [unguarded.kernels.L990]
    block = "CUDA.CuDim3(0x00000280, 0x00000001, 0x00000001)"
    calls = 50
    grid = "CUDA.CuDim3(0x000000d8, 0x00000001, 0x00000001)"
    kernel = "set_microphysics_tendency_cache__FILE_ClimaAtmos_jl_mod_src_cache_microphysics_cache_jl_L990"
    local_mem = "(thread = 0, total = 251265024)"
    mean_ms = 0.030035972595214844
    registers = 48
    total_s = 0.0015017986297607422

    [unguarded.kernels.L991]
    block = "CUDA.CuDim3(0x00000400, 0x00000001, 0x00000001)"
    calls = 50
    grid = "CUDA.CuDim3(0x0000006c, 0x00000001, 0x00000001)"
    kernel = "set_microphysics_tendency_cache__FILE_ClimaAtmos_jl_mod_src_cache_microphysics_cache_jl_L991"
    local_mem = "(thread = 0, total = 251265024)"
    mean_ms = 0.04786968231201172
    registers = 60
    total_s = 0.002393484115600586

    [unguarded.kernels.L992]
    block = "CUDA.CuDim3(0x00000400, 0x00000001, 0x00000001)"
    calls = 50
    grid = "CUDA.CuDim3(0x0000006c, 0x00000001, 0x00000001)"
    kernel = "set_microphysics_tendency_cache__FILE_ClimaAtmos_jl_mod_src_cache_microphysics_cache_jl_L992"
    local_mem = "(thread = 0, total = 251265024)"
    mean_ms = 0.04839897155761719
    registers = 59
    total_s = 0.0024199485778808594

    [unguarded.kernels.L993]
    block = "CUDA.CuDim3(0x00000400, 0x00000001, 0x00000001)"
    calls = 50
    grid = "CUDA.CuDim3(0x0000006c, 0x00000001, 0x00000001)"
    kernel = "set_microphysics_tendency_cache__FILE_ClimaAtmos_jl_mod_src_cache_microphysics_cache_jl_L993"
    local_mem = "(thread = 0, total = 251265024)"
    mean_ms = 0.04677772521972656
    registers = 60
    total_s = 0.002338886260986328

    [unguarded.kernels.L994]
    block = "CUDA.CuDim3(0x00000400, 0x00000001, 0x00000001)"
    calls = 50
    grid = "CUDA.CuDim3(0x0000006c, 0x00000001, 0x00000001)"
    kernel = "set_microphysics_tendency_cache__FILE_ClimaAtmos_jl_mod_src_cache_microphysics_cache_jl_L994"
    local_mem = "(thread = 0, total = 251265024)"
    mean_ms = 0.04664897918701172
    registers = 60
    total_s = 0.002332448959350586
