gpu-guard: running on GPU(s) [2] -- OK (avoiding [])
Loading climacommon/2025_05_15
  Loading requirement: climaauth/2025_05_15 openmpi/4.1.5-mpitrampoline
    julia/1.11.5 cuda/julia-pref
Precompiling project...
   9470.6 ms  ✓ RRTMGP → RRTMGPCUDAExt
   8332.3 ms  ✓ RRTMGP → RRTMGPNCDatasetsExt
  99210.3 ms  ✓ ClimaCore
  16370.7 ms  ✓ ClimaCore → ClimaCoreRecipesBaseExt
  16487.2 ms  ✓ ClimaUtilities → ClimaUtilitiesClimaCoreExt
  16732.6 ms  ✓ ClimaCore → KrylovExt
  16539.1 ms  ✓ ClimaTimeSteppers → ClimaTimeSteppersClimaCoreExt
  16465.6 ms  ✓ ClimaUtilities → ClimaUtilitiesClimaCoreNCDatasetsExt
  33750.1 ms  ✓ ClimaCore → ClimaCoreCUDAExt
  17562.1 ms  ✓ ClimaUtilities → ClimaUtilitiesClimaCoreInterpolationsExt
  41582.7 ms  ✓ ClimaCore → ClimaCoreMakieExt
ClimaDiagnostics Waiting for background task / IO / timer.
[pid 3685660] waiting for IO to finish:
 Handle type        uv_handle_t->data
 fs_event           0x19c6750->0x7f6e5f46abc0
 timer              0x190ae40->0x7f6e5f46abf0
This means that a package has started a background task or event source that has not finished running. For precompilation to complete successfully, the event source needs to be closed explicitly. See the developer documentation on fixing precompilation hangs for more help.
  36806.9 ms  ✓ ClimaDiagnostics
  17898.3 ms  ✓ ClimaLand
  19713.1 ms  ✓ ClimaCoupler
  21149.6 ms  ✓ ClimaLand → FluxnetSimulationsExt
  28097.5 ms  ✓ ClimaCoupler → ClimaCouplerClimaLandExt
  33604.5 ms  ✓ ClimaLand → ConstrainedNeuralModelExt
  63311.9 ms  ✓ ClimaAtmos
  53922.5 ms  ✓ ClimaCoupler → ClimaCouplerMakieExt
  55988.1 ms  ✓ ClimaLand → LandSimulationVisualizationExt
  18139.6 ms  ✓ ClimaCoupler → ClimaCouplerClimaAtmosExt
  21 dependencies successfully precompiled in 245 seconds. 610 already precompiled.
  3 dependencies had output during precompilation:
┌ ClimaDiagnostics
│  [pid 3685660] waiting for IO to finish:
│   Handle type        uv_handle_t->data
│   fs_event           0x19c6750->0x7f6e5f46abc0
│   timer              0x190ae40->0x7f6e5f46abf0
│  This means that a package has started a background task or event source that has not finished running. For precompilation to complete successfully, the event source needs to be closed explicitly. See the developer documentation on fixing precompilation hangs for more help.
└  
┌ RRTMGP → RRTMGPCUDAExt
│  ┌ Warning: CUDA runtime library `libcublasLt.so.13` was loaded from a system path, `/usr/local/cuda/lib64/libcublasLt.so.13`.
│  │ This may cause errors.
│  │ 
│  │ If you're running under a profiler, this situation is expected. Otherwise,
│  │ ensure that your library path environment variable (e.g., `PATH` on Windows
│  │ or `LD_LIBRARY_PATH` on Linux) does not include CUDA library paths.
│  │ 
│  │ In any other case, please file an issue.
│  └ @ CUDA ~/.julia/packages/CUDA/FQwqy/src/initialization.jl:198
│  ┌ Warning: CUDA runtime library `libnvJitLink.so.13` was loaded from a system path, `/usr/local/cuda/lib64/libnvJitLink.so.13`.
│  │ This may cause errors.
│  │ 
│  │ If you're running under a profiler, this situation is expected. Otherwise,
│  │ ensure that your library path environment variable (e.g., `PATH` on Windows
│  │ or `LD_LIBRARY_PATH` on Linux) does not include CUDA library paths.
│  │ 
│  │ In any other case, please file an issue.
│  └ @ CUDA ~/.julia/packages/CUDA/FQwqy/src/initialization.jl:198
│  ┌ Warning: CUDA runtime library `libcusparse.so.12` was loaded from a system path, `/usr/local/cuda/lib64/libcusparse.so.12`.
│  │ This may cause errors.
│  │ 
│  │ If you're running under a profiler, this situation is expected. Otherwise,
│  │ ensure that your library path environment variable (e.g., `PATH` on Windows
│  │ or `LD_LIBRARY_PATH` on Linux) does not include CUDA library paths.
│  │ 
│  │ In any other case, please file an issue.
│  └ @ CUDA ~/.julia/packages/CUDA/FQwqy/src/initialization.jl:198
└  
┌ ClimaCore → ClimaCoreCUDAExt
│  ┌ Warning: CUDA runtime library `libcublasLt.so.13` was loaded from a system path, `/usr/local/cuda/lib64/libcublasLt.so.13`.
│  │ This may cause errors.
│  │ 
│  │ If you're running under a profiler, this situation is expected. Otherwise,
│  │ ensure that your library path environment variable (e.g., `PATH` on Windows
│  │ or `LD_LIBRARY_PATH` on Linux) does not include CUDA library paths.
│  │ 
│  │ In any other case, please file an issue.
│  └ @ CUDA ~/.julia/packages/CUDA/FQwqy/src/initialization.jl:198
│  ┌ Warning: CUDA runtime library `libnvJitLink.so.13` was loaded from a system path, `/usr/local/cuda/lib64/libnvJitLink.so.13`.
│  │ This may cause errors.
│  │ 
│  │ If you're running under a profiler, this situation is expected. Otherwise,
│  │ ensure that your library path environment variable (e.g., `PATH` on Windows
│  │ or `LD_LIBRARY_PATH` on Linux) does not include CUDA library paths.
│  │ 
│  │ In any other case, please file an issue.
│  └ @ CUDA ~/.julia/packages/CUDA/FQwqy/src/initialization.jl:198
│  ┌ Warning: CUDA runtime library `libcusparse.so.12` was loaded from a system path, `/usr/local/cuda/lib64/libcusparse.so.12`.
│  │ This may cause errors.
│  │ 
│  │ If you're running under a profiler, this situation is expected. Otherwise,
│  │ ensure that your library path environment variable (e.g., `PATH` on Windows
│  │ or `LD_LIBRARY_PATH` on Linux) does not include CUDA library paths.
│  │ 
│  │ In any other case, please file an issue.
│  └ @ CUDA ~/.julia/packages/CUDA/FQwqy/src/initialization.jl:198
└  
┌ Warning: CUDA runtime library `libcublasLt.so.13` was loaded from a system path, `/usr/local/cuda/lib64/libcublasLt.so.13`.
│ This may cause errors.
│ 
│ If you're running under a profiler, this situation is expected. Otherwise,
│ ensure that your library path environment variable (e.g., `PATH` on Windows
│ or `LD_LIBRARY_PATH` on Linux) does not include CUDA library paths.
│ 
│ In any other case, please file an issue.
└ @ CUDA ~/.julia/packages/CUDA/FQwqy/src/initialization.jl:198
┌ Warning: CUDA runtime library `libnvJitLink.so.13` was loaded from a system path, `/usr/local/cuda/lib64/libnvJitLink.so.13`.
│ This may cause errors.
│ 
│ If you're running under a profiler, this situation is expected. Otherwise,
│ ensure that your library path environment variable (e.g., `PATH` on Windows
│ or `LD_LIBRARY_PATH` on Linux) does not include CUDA library paths.
│ 
│ In any other case, please file an issue.
└ @ CUDA ~/.julia/packages/CUDA/FQwqy/src/initialization.jl:198
┌ Warning: CUDA runtime library `libcusparse.so.12` was loaded from a system path, `/usr/local/cuda/lib64/libcusparse.so.12`.
│ This may cause errors.
│ 
│ If you're running under a profiler, this situation is expected. Otherwise,
│ ensure that your library path environment variable (e.g., `PATH` on Windows
│ or `LD_LIBRARY_PATH` on Linux) does not include CUDA library paths.
│ 
│ In any other case, please file an issue.
└ @ CUDA ~/.julia/packages/CUDA/FQwqy/src/initialization.jl:198
Status `~/calkit/clima-gpu-profiling/ClimaCoupler.jl-mod/experiments/AMIP/Project.toml`
  [c7e460c6] ArgParse v1.2.0
⌅ [052768ef] CUDA v5.11.3
  [159f3aea] Cairo v1.1.1
⌃ [13f3f980] CairoMakie v0.15.14
  [29b5916a] ClimaAnalysis v0.5.24
  [b2c96348] ClimaAtmos v0.42.13 `../../../ClimaAtmos.jl-mod`
  [4347a170] ClimaCalibrate v0.6.0
  [3a4d1b5c] ClimaComms v0.6.12
  [d414da3d] ClimaCore v1.0.3 `../../../ClimaCore.jl-mod`
  [4ade58fe] ClimaCoupler v0.2.3 `../..`
  [1ecacbb8] ClimaDiagnostics v0.3.11
  [08f4d4ce] ClimaLand v1.12.3
  [5c42b081] ClimaParams v1.2.1
  [595c0a79] ClimaTimeSteppers v1.0.1
  [b3f4f4ca] ClimaUtilities v0.1.33
  [aa8a2aa5] EnsembleKalmanProcesses v2.7.4
⌅ [61eb1bfa] GPUCompiler v1.17.1
  [db073c08] GeoMakie v0.7.17
  [e98cc03f] Insolation v1.2.1
⌅ [a98d9a8b] Interpolations v0.15.2
⌃ [033835bb] JLD2 v0.6.6
  [da04e1cc] MPI v0.20.27
⌅ [ee78f7c6] Makie v0.24.14
  [85f8d34a] NCDatasets v0.14.15
  [5da4648a] NVTX v1.0.3
⌅ [b946abbf] NaNStatistics v0.6.56
⌃ [08abe8d2] PrettyTables v3.4.8
  [a01a1ee8] RRTMGP v1.0.1 `../../../RRTMGP.jl-mod`
  [1bc83da4] SafeTestsets v0.1.0
⌃ [90137ffa] StaticArrays v1.9.20
⌃ [49b00bb7] SurfaceFluxes v1.2.1
  [b60c26fb] Thermodynamics v1.3.0
⌃ [ddb6d928] YAML v0.4.16
⌅ [9c32591e] Poppler_jll v24.6.0+0
  [de0858da] Printf v1.11.0
Info Packages marked with ⌃ and ⌅ have new versions available. Those with ⌃ may be upgradable, but those with ⌅ are restricted by compatibility constraints from upgrading. To see why use `status --outdated`
┌ Warning: CUDA runtime library `libcublasLt.so.13` was loaded from a system path, `/usr/local/cuda/lib64/libcublasLt.so.13`.
│ This may cause errors.
│ 
│ If you're running under a profiler, this situation is expected. Otherwise,
│ ensure that your library path environment variable (e.g., `PATH` on Windows
│ or `LD_LIBRARY_PATH` on Linux) does not include CUDA library paths.
│ 
│ In any other case, please file an issue.
└ @ CUDA ~/.julia/packages/CUDA/FQwqy/src/initialization.jl:198
┌ Warning: CUDA runtime library `libnvJitLink.so.13` was loaded from a system path, `/usr/local/cuda/lib64/libnvJitLink.so.13`.
│ This may cause errors.
│ 
│ If you're running under a profiler, this situation is expected. Otherwise,
│ ensure that your library path environment variable (e.g., `PATH` on Windows
│ or `LD_LIBRARY_PATH` on Linux) does not include CUDA library paths.
│ 
│ In any other case, please file an issue.
└ @ CUDA ~/.julia/packages/CUDA/FQwqy/src/initialization.jl:198
┌ Warning: CUDA runtime library `libcusparse.so.12` was loaded from a system path, `/usr/local/cuda/lib64/libcusparse.so.12`.
│ This may cause errors.
│ 
│ If you're running under a profiler, this situation is expected. Otherwise,
│ ensure that your library path environment variable (e.g., `PATH` on Windows
│ or `LD_LIBRARY_PATH` on Linux) does not include CUDA library paths.
│ 
│ In any other case, please file an issue.
└ @ CUDA ~/.julia/packages/CUDA/FQwqy/src/initialization.jl:198
┌ Warning: CUDA runtime library `libcupti.so.13.1` was loaded from a system path, `/opt/nvidia/nsight-systems/2025.3.2/target-linux-x64/libcupti.so.13.1`.
│ This may cause errors.
│ 
│ If you're running under a profiler, this situation is expected. Otherwise,
│ ensure that your library path environment variable (e.g., `PATH` on Windows
│ or `LD_LIBRARY_PATH` on Linux) does not include CUDA library paths.
│ 
│ In any other case, please file an issue.
└ @ CUDA ~/.julia/packages/CUDA/FQwqy/src/initialization.jl:198
[ Info: Active project: /home/pbachant/calkit/clima-gpu-profiling/ClimaCoupler.jl-mod/experiments/AMIP
[ Info: Using Atmos configuration from ClimaCoupler in config/atmos_configs/climaatmos_progedmf_1m.yml
[ Info: Dict{Any, Any}("sleve_eta" => 0.7, "use_coupler_diagnostics" => true, "era5_diurnal_warming" => nothing, "ocean_progress_interval" => "never", "dt" => "30secs", "prognostic_tke" => true, "use_newton_rtol" => false, "era5_ic_full_pressure" => false, "microphysics_model" => "1M", "output_dir_style" => "ActiveLink", "external_forcing" => nothing, "netcdf_output_at_levels" => true, "device" => "auto", "t_end" => "86400secs", "c_amd" => 0.29, "scm_surface_type" => "ocean", "y_elem" => 6, "z_stretch" => true, "dt_subcol" => "Inf", "extra_atmos_diagnostics" => Dict{Any, Any}[], "edmfx_nh_pressure" => true, "nogw_beres_heating_latent" => false, "era5_initial_condition_dir" => nothing, "cloud_liquid_rain_accretion" => "CloudLiquidRainAccretion", "conservation_softfail" => false, "check_steady_state" => false, "restart_cache" => true, "fixed_terminal_velocity_ice" => true, "update_jacobian_every" => "solve", "test_dycore_consistency" => false, "add_isothermal_boundary_layer" => true, "use_itime" => true, "rad" => "allskywithclear", "binary_area_fraction" => true, "seaice_progress_interval" => "never", "cloud_model" => "quadrature", "initial_condition" => "WeatherModel", "krylov_rtol" => 0.1, "eisenstat_walker_forcing_alpha" => 2.0, "dt_cloud_fraction" => "1hours", "surface_setup" => "PrescribedSurface", "cloud_ice_snow_accretion" => "CloudIceSnowAccretion", "update_constrain_state_every" => "step", "jvp_step_adjustment" => 1.0, "microphysics_n_substeps" => 3, "insolation" => "timevarying", "ocean_diagnostic_mode" => "average", "snow_melt" => "SnowMelt", "log_progress" => true, "site_latitude" => 17.0, "h_elem" => 16, "coupler_toml" => ["/home/pbachant/calkit/clima-gpu-profiling/ClimaCoupler.jl-mod/toml/amip_progedmf_1m.toml"], "netcdf_interpolation_num_points" => nothing, "coupler_output_dir" => "output", "z_max" => 60000.0, "diagnostics" => Any[], "edmfx_filter" => true, "debug_jacobian" => false, "job_id" => "amip_progedmf_1m_land_he16", "sst_adjustment" => 0.0, "log_to_file" => false, "orographic_gravity_wave" => "raw_topo_online", "dt_rad" => "600secs", "simple_ocean" => false, "edmfx_upwinding" => "first_order", "tracer_upwinding" => "vanleer_limiter", "nh_poly" => 3, "edmfx_sgs_diffusive_flux" => true, "y_max" => 300000.0, "non_orographic_gravity_wave" => true, "chemistry_model" => nothing, "print_config_dict" => true, "save_cache" => true, "microphysics_n_substeps_quadrature" => 2, "topography_damping_factor" => 5.0, "cloud_ice_rain_accretion" => "CloudIceRainAccretion", "config" => "sphere", "hyperdiffusion_prandtl_number" => 0.2, "reproducibility_test" => false, "component_dt_dict" => Dict("dt_atmos" => 30.0, "dt_land" => 30.0, "dt_seaice" => 30.0, "dt_ocean" => 30.0), "cloud_liquid_snow_accretion" => "CloudLiquidSnowAccretion", "check_conservation" => false, "rmse_check" => false, "land_spun_up_ic" => false, "cosp_n_subcolumns" => 100, "vertical_water_borrowing_species" => nothing, "auto_jacobian_padding_bands" => nothing, "sgs_distribution" => "gaussian", "implicit_diffusion" => true, "walltime_dt" => nothing, "z_elem" => 63, "snow_autoconversion" => "NoSupersaturation", "ocean_model" => "prescribed", "use_auto_jacobian" => false, "cosp_overlap" => "maximum_random", "disable_surface_flux_tendency" => false, "cfsite_number" => "site23", "dt_ogw" => "1800secs", "turbconv" => "prognostic_edmfx", "x_elem" => 6, "idealized_clouds" => false, "edmfx_mse_q_tot_upwinding" => "first_order", "land_progress_interval" => "never", "check_nan_every" => 1024, "ice_model" => "prescribed", "use_dynamic_krylov_rtol" => false, "fixed_terminal_velocity_rain" => false, "lai_source" => "modis_monthly", "reproducible_restart" => false, "strict_config" => false, "toml" => ["toml/prognostic_edmfx_1M.toml"], "mesh_warp_type" => "SLEVE", "edmfx_detr_model" => "Generalized", "cloud_ice_formation" => "TemperatureDependentIceNumber", "external_forcing_file" => nothing, "cloud_nn_architecture" => "arch_2layers_8nodes.jld2", "topo_smoothing" => true, "hyperdiff" => "Hyperdiffusion", "output_dir" => nothing, "use_intersection_grid" => true, "debug_tendency_diagnostics" => false, "rain_condensation_evaporation" => "RainEvaporation", "nogw_beres_detailed_diagnostics" => false, "constant_horizontal_diffusion" => false, "apply_sem_quasimonotone_limiter" => false, "bubble" => false, "cloud_ice_melt" => "CloudIceMelt", "ode_algo" => "ARS222", "max_newton_iters_ode" => 1, "start_date" => "20100101", "time_varying_trace_gases" => ["CO2", "O3"], "ocean_diagnostic_interval" => "1days", "use_dense_jacobian" => false, "snow_deposition_sublimation" => "DepositionAndSublimation", "detect_restart_file" => false, "prognostic_surface" => "PrescribedSST", "edmfx_vertical_diffusion" => true, "restart_file" => nothing, "unique_seed" => false, "rayleigh_sponge" => true, "nogw_beres_source" => false, "divergence_damping_factor" => 5.0, "edmfx_entr_model" => "Generalized", "edmfx_tracer_upwinding" => "first_order", "energy_check" => false, "land_model" => "integrated", "use_land_diagnostics" => true, "idealized_h2o" => false, "perturb_initstate" => true, "rain_autoconversion" => "Kessler1M", "edmfx_scale_blending" => "SmoothMinimum", "seaice_diagnostic_mode" => "average", "t_start" => "0secs", "land_fraction_source" => "etopo", "dz_bottom" => 30.0, "walltime_debug" => false, "dt_save_state_to_disk" => "30days", "fixed_terminal_velocity_snow" => true, "restart_t" => nothing, "advection_test" => false, "dt_cpl" => "30secs", "checkpoint_dt" => "366days", "topography" => "Earth", "aerosol_radiation" => true, "reference_job_id" => nothing, "vorticity_hyperdiffusion_coefficient" => 0.1857, "viscous_sponge" => true, "strict_params" => true, "config_file" => "ClimaCoupler.jl-mod/config/benchmark_configs/amip_progedmf_1m_land_he16.yml", "cloud_liquid_freezing" => "HomogeneousAndHeterogeneous", "ocean_grid" => "one_deg_tripolar", "bucket_initial_condition" => "", "domain_type" => "global", "approximate_linear_solve_iters" => 2, "land_diagnostics_reduction" => "average", "smagorinsky_lilly" => nothing, "rain_snow_accretion" => "RainSnowAccretion", "enable_diagnostics" => true, "tracer_nonnegativity_method" => nothing, "site_longitude" => -149.0, "evolving_ocean" => true, "cloud_liquid_formation" => "CloudLiquidFormation", "prescribe_clouds_in_radiation" => false, "albedo_model" => "CouplerAlbedo", "edmfx_sgs_horizontal_diffusive_flux" => false, "update_cache_every" => "step", "quadrature_order" => 3, "coupler_diagnostics_period" => nothing, "FLOAT_TYPE" => "Float32", "deep_atmosphere" => true, "updraft_number" => 1, "amd_les" => false, "restart_dir" => nothing, "detect_restart_files" => false, "column_latlon" => [0.0, 0.0], "energy_q_tot_upwinding" => "vanleer_limiter", "prescribed_aerosols" => ["CB1", "CB2", "DST01", "DST02", "DST03", "DST04", "DST05", "OC1", "OC2", "SO4", "SSLT01", "SSLT02", "SSLT03", "SSLT04", "SSLT05"], "dt_nogw" => "1800secs", "output_default_diagnostics" => true, "edmfx_sgs_mass_flux" => true, "x_max" => 300000.0, "radiation_reset_rng_seed" => true, "land_diagnostics_period" => "1months", "newton_rtol" => 1.0e-5, "atmos_config_file" => "config/atmos_configs/climaatmos_progedmf_1m.yml", "edmfx_sgsflux_upwinding" => "none", "mode_name" => "amip", "fixed_terminal_velocity_liquid" => true, "use_sgs_quadrature" => true, "bucket_albedo_type" => "map_static", "atmos_progress_interval" => "never", "vert_diff" => nothing, "use_krylov_method" => false, "sleve_s" => 10.0, "implicit_microphysics" => true, "seaice_diagnostic_interval" => "1days", "prescribed_flow" => nothing, "edmfx_horizontal_diffusion" => false, "coupler_diagnostics_reduction" => "average")
[ Info: Setting up single-process ClimaCoupler run on device: CUDADevice.
[ Info: Dict{Any, Any}("sleve_eta" => 0.7, "use_coupler_diagnostics" => true, "era5_diurnal_warming" => nothing, "ocean_progress_interval" => "never", "dt" => "30secs", "prognostic_tke" => true, "use_newton_rtol" => false, "era5_ic_full_pressure" => false, "microphysics_model" => "1M", "output_dir_style" => "ActiveLink", "external_forcing" => nothing, "netcdf_output_at_levels" => true, "device" => "auto", "t_end" => "86400secs", "c_amd" => 0.29, "scm_surface_type" => "ocean", "y_elem" => 6, "z_stretch" => true, "dt_subcol" => "Inf", "extra_atmos_diagnostics" => Dict{Any, Any}[], "edmfx_nh_pressure" => true, "nogw_beres_heating_latent" => false, "era5_initial_condition_dir" => nothing, "cloud_liquid_rain_accretion" => "CloudLiquidRainAccretion", "conservation_softfail" => false, "check_steady_state" => false, "restart_cache" => true, "fixed_terminal_velocity_ice" => true, "update_jacobian_every" => "solve", "test_dycore_consistency" => false, "add_isothermal_boundary_layer" => true, "use_itime" => true, "rad" => "allskywithclear", "binary_area_fraction" => true, "seaice_progress_interval" => "never", "cloud_model" => "quadrature", "initial_condition" => "WeatherModel", "krylov_rtol" => 0.1, "eisenstat_walker_forcing_alpha" => 2.0, "dt_cloud_fraction" => "1hours", "surface_setup" => "PrescribedSurface", "cloud_ice_snow_accretion" => "CloudIceSnowAccretion", "update_constrain_state_every" => "step", "jvp_step_adjustment" => 1.0, "microphysics_n_substeps" => 3, "insolation" => "timevarying", "ocean_diagnostic_mode" => "average", "snow_melt" => "SnowMelt", "log_progress" => true, "site_latitude" => 17.0, "h_elem" => 16, "coupler_toml" => ["/home/pbachant/calkit/clima-gpu-profiling/ClimaCoupler.jl-mod/toml/amip_progedmf_1m.toml"], "netcdf_interpolation_num_points" => nothing, "coupler_output_dir" => "output", "z_max" => 60000.0, "diagnostics" => Any[], "edmfx_filter" => true, "debug_jacobian" => false, "job_id" => "amip_progedmf_1m_land_he16", "sst_adjustment" => 0.0, "log_to_file" => false, "orographic_gravity_wave" => "raw_topo_online", "dt_rad" => "600secs", "simple_ocean" => false, "edmfx_upwinding" => "first_order", "tracer_upwinding" => "vanleer_limiter", "nh_poly" => 3, "edmfx_sgs_diffusive_flux" => true, "y_max" => 300000.0, "non_orographic_gravity_wave" => true, "chemistry_model" => nothing, "print_config_dict" => true, "save_cache" => true, "microphysics_n_substeps_quadrature" => 2, "topography_damping_factor" => 5.0, "cloud_ice_rain_accretion" => "CloudIceRainAccretion", "config" => "sphere", "hyperdiffusion_prandtl_number" => 0.2, "reproducibility_test" => false, "component_dt_dict" => Dict("dt_atmos" => 30.0, "dt_land" => 30.0, "dt_seaice" => 30.0, "dt_ocean" => 30.0), "cloud_liquid_snow_accretion" => "CloudLiquidSnowAccretion", "check_conservation" => false, "rmse_check" => false, "land_spun_up_ic" => false, "cosp_n_subcolumns" => 100, "vertical_water_borrowing_species" => nothing, "auto_jacobian_padding_bands" => nothing, "sgs_distribution" => "gaussian", "implicit_diffusion" => true, "walltime_dt" => nothing, "z_elem" => 63, "snow_autoconversion" => "NoSupersaturation", "ocean_model" => "prescribed", "use_auto_jacobian" => false, "cosp_overlap" => "maximum_random", "disable_surface_flux_tendency" => false, "cfsite_number" => "site23", "dt_ogw" => "1800secs", "turbconv" => "prognostic_edmfx", "x_elem" => 6, "idealized_clouds" => false, "edmfx_mse_q_tot_upwinding" => "first_order", "land_progress_interval" => "never", "check_nan_every" => 1024, "ice_model" => "prescribed", "use_dynamic_krylov_rtol" => false, "fixed_terminal_velocity_rain" => false, "lai_source" => "modis_monthly", "reproducible_restart" => false, "strict_config" => false, "toml" => ["toml/prognostic_edmfx_1M.toml"], "mesh_warp_type" => "SLEVE", "edmfx_detr_model" => "Generalized", "cloud_ice_formation" => "TemperatureDependentIceNumber", "external_forcing_file" => nothing, "cloud_nn_architecture" => "arch_2layers_8nodes.jld2", "topo_smoothing" => true, "hyperdiff" => "Hyperdiffusion", "output_dir" => nothing, "use_intersection_grid" => true, "debug_tendency_diagnostics" => false, "rain_condensation_evaporation" => "RainEvaporation", "nogw_beres_detailed_diagnostics" => false, "constant_horizontal_diffusion" => false, "apply_sem_quasimonotone_limiter" => false, "bubble" => false, "cloud_ice_melt" => "CloudIceMelt", "ode_algo" => "ARS222", "max_newton_iters_ode" => 1, "start_date" => "20100101", "time_varying_trace_gases" => ["CO2", "O3"], "ocean_diagnostic_interval" => "1days", "use_dense_jacobian" => false, "snow_deposition_sublimation" => "DepositionAndSublimation", "detect_restart_file" => false, "prognostic_surface" => "PrescribedSST", "edmfx_vertical_diffusion" => true, "restart_file" => nothing, "unique_seed" => false, "rayleigh_sponge" => true, "nogw_beres_source" => false, "divergence_damping_factor" => 5.0, "edmfx_entr_model" => "Generalized", "edmfx_tracer_upwinding" => "first_order", "energy_check" => false, "land_model" => "integrated", "use_land_diagnostics" => true, "idealized_h2o" => false, "perturb_initstate" => true, "rain_autoconversion" => "Kessler1M", "edmfx_scale_blending" => "SmoothMinimum", "seaice_diagnostic_mode" => "average", "t_start" => "0secs", "land_fraction_source" => "etopo", "dz_bottom" => 30.0, "walltime_debug" => false, "dt_save_state_to_disk" => "30days", "fixed_terminal_velocity_snow" => true, "restart_t" => nothing, "advection_test" => false, "dt_cpl" => "30secs", "checkpoint_dt" => "366days", "topography" => "Earth", "aerosol_radiation" => true, "reference_job_id" => nothing, "vorticity_hyperdiffusion_coefficient" => 0.1857, "viscous_sponge" => true, "strict_params" => true, "config_file" => "ClimaCoupler.jl-mod/config/benchmark_configs/amip_progedmf_1m_land_he16.yml", "cloud_liquid_freezing" => "HomogeneousAndHeterogeneous", "ocean_grid" => "one_deg_tripolar", "bucket_initial_condition" => "", "domain_type" => "global", "approximate_linear_solve_iters" => 2, "land_diagnostics_reduction" => "average", "smagorinsky_lilly" => nothing, "rain_snow_accretion" => "RainSnowAccretion", "enable_diagnostics" => true, "tracer_nonnegativity_method" => nothing, "site_longitude" => -149.0, "evolving_ocean" => true, "cloud_liquid_formation" => "CloudLiquidFormation", "prescribe_clouds_in_radiation" => false, "albedo_model" => "CouplerAlbedo", "edmfx_sgs_horizontal_diffusive_flux" => false, "update_cache_every" => "step", "quadrature_order" => 3, "coupler_diagnostics_period" => nothing, "FLOAT_TYPE" => "Float32", "deep_atmosphere" => true, "updraft_number" => 1, "amd_les" => false, "restart_dir" => nothing, "detect_restart_files" => false, "column_latlon" => [0.0, 0.0], "energy_q_tot_upwinding" => "vanleer_limiter", "prescribed_aerosols" => ["CB1", "CB2", "DST01", "DST02", "DST03", "DST04", "DST05", "OC1", "OC2", "SO4", "SSLT01", "SSLT02", "SSLT03", "SSLT04", "SSLT05"], "dt_nogw" => "1800secs", "output_default_diagnostics" => true, "edmfx_sgs_mass_flux" => true, "x_max" => 300000.0, "radiation_reset_rng_seed" => true, "land_diagnostics_period" => "1months", "newton_rtol" => 1.0e-5, "atmos_config_file" => "config/atmos_configs/climaatmos_progedmf_1m.yml", "edmfx_sgsflux_upwinding" => "none", "mode_name" => "amip", "fixed_terminal_velocity_liquid" => true, "use_sgs_quadrature" => true, "bucket_albedo_type" => "map_static", "atmos_progress_interval" => "never", "vert_diff" => nothing, "use_krylov_method" => false, "sleve_s" => 10.0, "implicit_microphysics" => true, "seaice_diagnostic_interval" => "1days", "prescribed_flow" => nothing, "edmfx_horizontal_diffusion" => false, "coupler_diagnostics_reduction" => "average")
[ Info: Output directories output/amip_progedmf_1m_land_he16/output_0054
[ Info: Coupler artifacts directory output/amip_progedmf_1m_land_he16/artifacts
[ Info: Coupler checkpoint directory output/amip_progedmf_1m_land_he16/checkpoints
[ Info: Random seed set to 1234
[ Info: Starting from t_start 0.0 seconds (2010-01-01T00:00:00) [counter = 0, period = 1 second, epoch = 2010-01-01T00:00:00]
[ Info: Overwriting Atmos parameters from input TOML file(s): ["/home/pbachant/calkit/clima-gpu-profiling/ClimaCoupler.jl-mod/toml/amip_progedmf_1m.toml"]
┌ Warning: The configuration passed to ClimaAtmos contains unused keys: use_coupler_diagnostics, ocean_progress_interval, use_intersection_grid, scm_surface_type, extra_atmos_diagnostics, ocean_diagnostic_interval, conservation_softfail, restart_cache, use_itime, unique_seed, binary_area_fraction, seaice_progress_interval, energy_check, use_land_diagnostics, land_model, dt_cloud_fraction, seaice_diagnostic_mode, ocean_diagnostic_mode, land_fraction_source, walltime_debug, coupler_toml, restart_t, coupler_output_dir, dt_cpl, checkpoint_dt, config_file, ocean_grid, sst_adjustment, bucket_initial_condition, domain_type, simple_ocean, edmfx_upwinding, land_diagnostics_reduction, evolving_ocean, save_cache, print_config_dict, coupler_diagnostics_period, component_dt_dict, restart_dir, detect_restart_files, rmse_check, column_latlon, land_spun_up_ic, land_diagnostics_period, walltime_dt, atmos_config_file, ocean_model, mode_name, bucket_albedo_type, atmos_progress_interval, land_progress_interval, ice_model, lai_source, seaice_diagnostic_interval, coupler_diagnostics_reduction
└ @ ClimaAtmos ~/calkit/clima-gpu-profiling/ClimaAtmos.jl-mod/src/config/yaml_helper.jl:161
┌ Info: numerics 
│               `energy_q_tot_upwinding`::`Val{:vanleer_limiter}`
│                     `tracer_upwinding`::`Val{:vanleer_limiter}`
│            `edmfx_mse_q_tot_upwinding`::`Val{:first_order}`
│              `edmfx_sgsflux_upwinding`::`Val{:none}`
│               `edmfx_tracer_upwinding`::`Val{:first_order}`
│              `test_dycore_consistency`::`false`
│                 `reproducible_restart`::`false`
│                              `limiter`::`Nothing`
│                            `diff_mode`::`ClimaAtmos.Implicit`
│                            `hyperdiff`::`ClimaAtmos.Hyperdiffusion{Float32}`
└     `vertical_water_borrowing_species`::`Nothing`
┌ Info: AtmosModel: 
│ 
│                             `water`::`ClimaAtmos.AtmosWater{ClimaAtmos.NonEquilibriumMicrophysics1M{CloudMicrophysics.Parameters.Microphysics1MOptions{CloudMicrophysics.Parameters.CloudLiquidFormation, CloudMicrophysics.Parameters.TemperatureDependentIceNumber, CloudMicrophysics.Parameters.CloudIceMelt, CloudMicrophysics.Parameters.HomogeneousAndHeterogeneous, CloudMicrophysics.Parameters.Kessler1M, CloudMicrophysics.Parameters.NoSupersaturation, CloudMicrophysics.Parameters.RainEvaporation, CloudMicrophysics.Parameters.DepositionAndSublimation, CloudMicrophysics.Parameters.SnowMelt, CloudMicrophysics.Parameters.CloudLiquidRainAccretion, CloudMicrophysics.Parameters.CloudLiquidSnowAccretion, CloudMicrophysics.Parameters.CloudIceRainAccretion, CloudMicrophysics.Parameters.CloudIceSnowAccretion, CloudMicrophysics.Parameters.RainSnowAccretion}}, ClimaAtmos.QuadratureCloud, ClimaAtmos.Implicit, Nothing, ClimaAtmos.SGSQuadrature{3, StaticArraysCore.SVector{3, Float32}, StaticArraysCore.SVector{3, Float32}, ClimaAtmos.GaussianSGS, Float32}, ClimaAtmos.FixedTerminalVelocity, ClimaAtmos.FixedTerminalVelocity, ClimaAtmos.DiagnosticTerminalVelocity, ClimaAtmos.FixedTerminalVelocity}`
│                         `scm_setup`::`ClimaAtmos.SCMSetup{Nothing, Nothing, Nothing, Bool, Nothing}`
│                         `radiation`::`ClimaAtmos.AtmosRadiation{ClimaAtmos.RRTMGPInterface.AllSkyRadiationWithClearSkyDiagnostics{ClimaAtmos.InteractiveCloudInRadiation}, ClimaAtmos.TimeVaryingInsolation{Nothing, Nothing, Nothing}, NTuple{15, String}, Tuple{String, String}}`
│                          `turbconv`::`ClimaAtmos.AtmosTurbconv{ClimaAtmos.EDMFXModel{ClimaAtmos.InvZEntrainment, ClimaAtmos.BuoyancyVelocityDetrainment, Val{false}, Val{false}, ClimaAtmos.SmoothMinimumBlending}, ClimaAtmos.PrognosticEDMFX{1, true, Float32}, Nothing, Nothing, Nothing}`
│                   `prescribed_flow`::`Nothing`
│                      `gravity_wave`::`ClimaAtmos.AtmosGravityWave{ClimaAtmos.NonOrographicGravityWave{Float32, Nothing}, ClimaAtmos.FullOrographicGravityWave{Float32, Val{:raw_topo_online}, Val{:Earth}}}`
│                `vertical_diffusion`::`Nothing`
│                            `sponge`::`ClimaAtmos.AtmosSponge{ClimaAtmos.ViscousSponge{Float32}, ClimaAtmos.RayleighSponge{Float32}}`
│                           `surface`::`ClimaAtmos.AtmosSurface{Nothing, ClimaAtmos.SurfaceConditions.AnalyticTemperature{typeof(ClimaAtmos.Setups.zonally_symmetric_temperature)}, ClimaAtmos.SurfaceConditions.SurfaceBoundaryOverrides{Nothing, Nothing, Nothing, Nothing}, ClimaAtmos.CouplerAlbedo}`
│                          `numerics`::`ClimaAtmos.AtmosNumerics{Val{:vanleer_limiter}, Val{:vanleer_limiter}, Val{:first_order}, Val{:none}, Val{:first_order}, Nothing, ClimaAtmos.Implicit, ClimaAtmos.Hyperdiffusion{Float32}, Nothing}`
│                         `chemistry`::`ClimaAtmos.AtmosChem{Nothing}`
└                              `cosp`::`Nothing`
┌ Info: Microphysics settings: 
│                        `n_substeps`::`3`
│                   `n_substeps_quad`::`2`
│            `cloud_liquid_formation`::`CloudLiquidFormation`
│               `cloud_ice_formation`::`TemperatureDependentIceNumber`
│                    `cloud_ice_melt`::`CloudIceMelt`
│             `cloud_liquid_freezing`::`HomogeneousAndHeterogeneous`
│               `rain_autoconversion`::`Kessler1M`
│               `snow_autoconversion`::`NoSupersaturation`
│     `rain_condensation_evaporation`::`RainEvaporation`
│       `snow_deposition_sublimation`::`DepositionAndSublimation`
│                         `snow_melt`::`SnowMelt`
│       `cloud_liquid_rain_accretion`::`CloudLiquidRainAccretion`
│       `cloud_liquid_snow_accretion`::`CloudLiquidSnowAccretion`
│          `cloud_ice_rain_accretion`::`CloudIceRainAccretion`
│          `cloud_ice_snow_accretion`::`CloudIceSnowAccretion`
└               `rain_snow_accretion`::`RainSnowAccretion`
[ Info: Single-process ClimaAtmos run on CUDADevice
[ Info: Using ODE config: `ClimaTimeSteppers.ARS222`
┌ Warning: Removing output/amip_progedmf_1m_land_he16/output_0054/clima_atmos
└ @ ClimaUtilities.OutputPathGenerator ~/.julia/packages/ClimaUtilities/2GLZR/src/OutputPathGenerator.jl:157
┌ Info: Calling weather_model_data_path
└   (start_date = setup.start_date, era5_dir = era5_dir) = (start_date = Dates.DateTime("2010-01-01T00:00:00"), era5_dir = nothing)
[ Info: Overwriting initial conditions with data from file /net/sampo/data1/ClimaArtifacts/artifacts/wxquest_initial_conditions/era5_init_processed_internal_20100101_0000.nc
[ Info: Adjusted surface pressure to account for ERA5/model surface-height differences.
[ Info: Initialized state (57.54 s, 9.42 GiB)
┌ Info: Computing orographic gravity wave drag input at initialization (raw_topo_online)
└   α_smoothing = 1.0f0
┌ Info: Grid-aware OGWD preprocessing
│   Δh_GCM = 192086.0f0
│   smoothing_length_scale = 192086.0f0
│   skip_pt = 26
└   α_smoothing = 1.0f0
[ Info: skip_pt = 26
[ Info: smoothing_length_scale for calc_hpoz_latlon = 192086.0
[ Info: Computing hmax...
[ Info: chi smoothing: length_scale=192086.0, n_cells=nothing
[ Info: Computing velocity potential (Haversine arc, tiny=1e-12)...
[ Info: Computing T tensor...
[ Info: Built cache (295.071 s, 34.48 GiB)
[ Info: Assembled callbacks (379.244 ms, 32.16 MiB)
┌ Info: Jacobian algorithm: ManualSparseJacobian(
│   approximate_solve_iters = 2,
└ )
[ Info: Jacobian derivative flags: topography_flag = UseDerivative, diffusion_flag = UseDerivative
[ Info: Built tendency function (2.983 s, 217.68 MiB)
[ Info: Initialized integrator (229.478 s, 18.27 GiB)
[ Info: Added 75 default ClimaAtmos diagnostics
[ Info: Saving accumulated diagnostics to disk with frequency: 1 hour
[ Info: Set up diagnostics (34.576 s, 1.74 GiB)
[ Info: Initialized 75 total diagnostics
┌ Info: Simulation info
│   job_id = "amip_progedmf_1m_land_he16"
└   output_dir = "output/amip_progedmf_1m_land_he16/output_0054/clima_atmos"
[ Info: ClimaAtmos: get_simulation (19 min 25.5 s, 107.037 GiB, compile 16 min 22.1 s)
[ Info: ClimaAtmos: zeroed fluxes and applied DSS to the state (5.94 s, 518.216 MiB, compile 3.96 s)
[ Info: Initialized atmosphere simulation (19 min 44.2 s, 108.520 GiB, compile 16 min 37.3 s)
[ Info: Created boundary space and surface fields (4.72 s, 496.542 MiB, compile 3.96 s)
[ Info: Computed land fraction (9.04 s, 3.251 GiB, compile 4.97 s)
[ Info: ClimaCoupler.Interfacer.AMIPMode
[ Info: ClimaLand: created domain (12.66 s, 1012.809 MiB, compile 8.66 s)
[ Info: ClimaLand: read MODIS LAI (1.01 s, 67.988 MiB, compile 995.4 ms)
[ Info: ClimaLand: constructed LandModel (37.47 s, 4.885 GiB, compile 24.71 s)
[ Info: ClimaLand: set up diagnostics (2 min 10.1 s, 799.667 MiB, compile 2 min 10.0 s)
[ Info: ClimaLand: initialized LandSimulation (1 min 50.4 s, 4.623 GiB, compile 1 min 39.0 s)
[ Info: Initialized land simulation (4 min 60.0 s, 12.251 GiB, compile 4 min 30.7 s)
┌ Info: PrescribedOcean: using SST file
└   sst_data = "/net/sampo/data1/ClimaArtifacts/artifacts/historical_sst_sic/MODEL.SST.HAD187001-198110.OI198111-202206.nc"
[ Info: Initialized ocean simulation (5.06 s, 314.256 MiB, compile 3.58 s)
┌ Info: PrescribedIce: using SIC file
└   sic_data = "/net/sampo/data1/ClimaArtifacts/artifacts/historical_sst_sic/MODEL.ICE.HAD187001-198110.OI198111-202206.nc"
┌ Info: PrescribedIce: ISTL1 not in file, using constant initialization
└   file = "/net/sampo/data1/ClimaArtifacts/artifacts/historical_sst_sic/MODEL.ICE.HAD187001-198110.OI198111-202206.nc"
[ Info: Initialized sea ice simulation (9.82 s, 641.740 MiB, compile 7.49 s)
[ Info: Component models initialized: (:atmos_sim, :ice_sim, :land_sim, :ocean_sim)
[ Info: Component model types: ("ClimaAtmosSimulation", "PrescribedIceSimulation", "ClimaLandSimulation", "PrescribedOceanSimulation")
[ Info: Initialized coupler fields (50.4 ms, 6.048 MiB, compile 49.6 ms)
[ Info: Using default coupler diagnostics
[ Info: Set up coupler diagnostics (4.78 s, 351.500 MiB, compile 3.5 s)
┌ Warning: `update_field!` is not extended for the `liquid_precipitation` field of PrescribedIceSimulation: skipping update.
└ @ ClimaCoupler.Interfacer ~/calkit/clima-gpu-profiling/ClimaCoupler.jl-mod/src/Interfacer.jl:376
[ Info: Performed initial exchange and flux computation (4 min 12.8 s, 22.033 GiB, compile 2 min 44.7 s)
[ Info: Memory in use: 13.029 GiB
[ Info: Set up CoupledSimulation (29 min 48.9 s, 148.355 GiB, compile 24 min 32.1 s)
┌ Info: Warmup step 1 / 3
│   wall_ms = 483799.73
│   gc_ms = 25700.7
│   gc_pauses = 67
│   full_sweeps = 2
└   alloc_MB = 60017.6
┌ Info: Warmup step 2 / 3
│   wall_ms = 824.3
│   gc_ms = 0.0
│   gc_pauses = 0
│   full_sweeps = 0
└   alloc_MB = 45.8
┌ Info: Warmup step 3 / 3
│   wall_ms = 154.87
│   gc_ms = 0.0
│   gc_pauses = 0
│   full_sweeps = 0
└   alloc_MB = 13.6
[ Info: Using external CUDA profiler
┌ Info: Step 1 / 120
│   wall_ms = 313.53
│   gc_ms = 0.0
│   gc_pauses = 0
│   full_sweeps = 0
└   alloc_MB = 15.9
┌ Info: Step 2 / 120
│   wall_ms = 307.16
│   gc_ms = 0.0
│   gc_pauses = 0
│   full_sweeps = 0
└   alloc_MB = 13.6
┌ Info: Step 3 / 120
│   wall_ms = 296.77
│   gc_ms = 0.0
│   gc_pauses = 0
│   full_sweeps = 0
└   alloc_MB = 13.6
┌ Info: Step 4 / 120
│   wall_ms = 286.49
│   gc_ms = 0.0
│   gc_pauses = 0
│   full_sweeps = 0
└   alloc_MB = 13.6
┌ Info: Step 5 / 120
│   wall_ms = 298.99
│   gc_ms = 0.0
│   gc_pauses = 0
│   full_sweeps = 0
└   alloc_MB = 13.6
┌ Info: Step 6 / 120
│   wall_ms = 167.77
│   gc_ms = 0.0
│   gc_pauses = 0
│   full_sweeps = 0
└   alloc_MB = 13.6
┌ Info: Step 7 / 120
│   wall_ms = 176.19
│   gc_ms = 0.0
│   gc_pauses = 0
│   full_sweeps = 0
└   alloc_MB = 13.6
┌ Info: Step 8 / 120
│   wall_ms = 183.39
│   gc_ms = 0.0
│   gc_pauses = 0
│   full_sweeps = 0
└   alloc_MB = 13.6
┌ Info: Step 9 / 120
│   wall_ms = 405.96
│   gc_ms = 0.0
│   gc_pauses = 0
│   full_sweeps = 0
└   alloc_MB = 13.6
┌ Info: Step 10 / 120
│   wall_ms = 301.43
│   gc_ms = 0.0
│   gc_pauses = 0
│   full_sweeps = 0
└   alloc_MB = 13.6
┌ Info: Step 11 / 120
│   wall_ms = 246.06
│   gc_ms = 0.0
│   gc_pauses = 0
│   full_sweeps = 0
└   alloc_MB = 13.6
┌ Info: Step 12 / 120
│   wall_ms = 804.7
│   gc_ms = 507.27
│   gc_pauses = 1
│   full_sweeps = 0
└   alloc_MB = 13.6
┌ Info: Step 13 / 120
│   wall_ms = 275.54
│   gc_ms = 0.0
│   gc_pauses = 0
│   full_sweeps = 0
└   alloc_MB = 13.6
┌ Info: Step 14 / 120
│   wall_ms = 289.92
│   gc_ms = 0.0
│   gc_pauses = 0
│   full_sweeps = 0
└   alloc_MB = 13.6
┌ Info: Step 15 / 120
│   wall_ms = 174.87
│   gc_ms = 0.0
│   gc_pauses = 0
│   full_sweeps = 0
└   alloc_MB = 13.6
┌ Info: Step 16 / 120
│   wall_ms = 172.9
│   gc_ms = 0.0
│   gc_pauses = 0
│   full_sweeps = 0
└   alloc_MB = 13.6
┌ Info: Step 17 / 120
│   wall_ms = 1230.43
│   gc_ms = 0.0
│   gc_pauses = 0
│   full_sweeps = 0
└   alloc_MB = 14.0
┌ Info: Step 18 / 120
│   wall_ms = 203.9
│   gc_ms = 0.0
│   gc_pauses = 0
│   full_sweeps = 0
└   alloc_MB = 13.6
┌ Info: Step 19 / 120
│   wall_ms = 193.03
│   gc_ms = 0.0
│   gc_pauses = 0
│   full_sweeps = 0
└   alloc_MB = 13.6
┌ Info: Step 20 / 120
│   wall_ms = 335.0
│   gc_ms = 0.0
│   gc_pauses = 0
│   full_sweeps = 0
└   alloc_MB = 13.6
┌ Info: Step 21 / 120
│   wall_ms = 202.06
│   gc_ms = 0.0
│   gc_pauses = 0
│   full_sweeps = 0
└   alloc_MB = 13.6
┌ Info: Step 22 / 120
│   wall_ms = 333.22
│   gc_ms = 0.0
│   gc_pauses = 0
│   full_sweeps = 0
└   alloc_MB = 13.6
┌ Info: Step 23 / 120
│   wall_ms = 200.56
│   gc_ms = 0.0
│   gc_pauses = 0
│   full_sweeps = 0
└   alloc_MB = 13.6
┌ Info: Step 24 / 120
│   wall_ms = 176.2
│   gc_ms = 0.0
│   gc_pauses = 0
│   full_sweeps = 0
└   alloc_MB = 13.6
┌ Info: Step 25 / 120
│   wall_ms = 209.43
│   gc_ms = 0.0
│   gc_pauses = 0
│   full_sweeps = 0
└   alloc_MB = 13.6
┌ Info: Step 26 / 120
│   wall_ms = 316.42
│   gc_ms = 0.0
│   gc_pauses = 0
│   full_sweeps = 0
└   alloc_MB = 13.6
┌ Info: Step 27 / 120
│   wall_ms = 293.67
│   gc_ms = 0.0
│   gc_pauses = 0
│   full_sweeps = 0
└   alloc_MB = 13.6
┌ Info: Step 28 / 120
│   wall_ms = 297.86
│   gc_ms = 0.0
│   gc_pauses = 0
│   full_sweeps = 0
└   alloc_MB = 13.6
┌ Info: Step 29 / 120
│   wall_ms = 177.93
│   gc_ms = 0.0
│   gc_pauses = 0
│   full_sweeps = 0
└   alloc_MB = 13.6
┌ Info: Step 30 / 120
│   wall_ms = 173.6
│   gc_ms = 0.0
│   gc_pauses = 0
│   full_sweeps = 0
└   alloc_MB = 13.6
┌ Info: Step 31 / 120
│   wall_ms = 207.1
│   gc_ms = 0.0
│   gc_pauses = 0
│   full_sweeps = 0
└   alloc_MB = 13.6
┌ Info: Step 32 / 120
│   wall_ms = 352.43
│   gc_ms = 0.0
│   gc_pauses = 0
│   full_sweeps = 0
└   alloc_MB = 13.6
┌ Info: Step 33 / 120
│   wall_ms = 287.73
│   gc_ms = 0.0
│   gc_pauses = 0
│   full_sweeps = 0
└   alloc_MB = 13.6
┌ Info: Step 34 / 120
│   wall_ms = 282.68
│   gc_ms = 0.0
│   gc_pauses = 0
│   full_sweeps = 0
└   alloc_MB = 13.6
┌ Info: Step 35 / 120
│   wall_ms = 176.08
│   gc_ms = 0.0
│   gc_pauses = 0
│   full_sweeps = 0
└   alloc_MB = 13.6
┌ Info: Step 36 / 120
│   wall_ms = 179.06
│   gc_ms = 0.0
│   gc_pauses = 0
│   full_sweeps = 0
└   alloc_MB = 13.6
┌ Info: Step 37 / 120
│   wall_ms = 1289.56
│   gc_ms = 0.0
│   gc_pauses = 0
│   full_sweeps = 0
└   alloc_MB = 13.9
┌ Info: Step 38 / 120
│   wall_ms = 170.67
│   gc_ms = 0.0
│   gc_pauses = 0
│   full_sweeps = 0
└   alloc_MB = 13.6
┌ Info: Step 39 / 120
│   wall_ms = 310.61
│   gc_ms = 0.0
│   gc_pauses = 0
│   full_sweeps = 0
└   alloc_MB = 13.6
┌ Info: Step 40 / 120
│   wall_ms = 234.08
│   gc_ms = 0.0
│   gc_pauses = 0
│   full_sweeps = 0
└   alloc_MB = 13.6
┌ Info: Step 41 / 120
│   wall_ms = 351.5
│   gc_ms = 0.0
│   gc_pauses = 0
│   full_sweeps = 0
└   alloc_MB = 13.6
┌ Info: Step 42 / 120
│   wall_ms = 177.94
│   gc_ms = 0.0
│   gc_pauses = 0
│   full_sweeps = 0
└   alloc_MB = 13.6
┌ Info: Step 43 / 120
│   wall_ms = 171.85
│   gc_ms = 0.0
│   gc_pauses = 0
│   full_sweeps = 0
└   alloc_MB = 13.6
┌ Info: Step 44 / 120
│   wall_ms = 206.64
│   gc_ms = 0.0
│   gc_pauses = 0
│   full_sweeps = 0
└   alloc_MB = 13.6
┌ Info: Step 45 / 120
│   wall_ms = 306.37
│   gc_ms = 0.0
│   gc_pauses = 0
│   full_sweeps = 0
└   alloc_MB = 13.6
┌ Info: Step 46 / 120
│   wall_ms = 333.08
│   gc_ms = 0.0
│   gc_pauses = 0
│   full_sweeps = 0
└   alloc_MB = 13.6
┌ Info: Step 47 / 120
│   wall_ms = 225.41
│   gc_ms = 0.0
│   gc_pauses = 0
│   full_sweeps = 0
└   alloc_MB = 13.6
┌ Info: Step 48 / 120
│   wall_ms = 194.49
│   gc_ms = 0.0
│   gc_pauses = 0
│   full_sweeps = 0
└   alloc_MB = 13.6
┌ Info: Step 49 / 120
│   wall_ms = 182.14
│   gc_ms = 0.0
│   gc_pauses = 0
│   full_sweeps = 0
└   alloc_MB = 13.6
┌ Info: Step 50 / 120
│   wall_ms = 181.73
│   gc_ms = 0.0
│   gc_pauses = 0
│   full_sweeps = 0
└   alloc_MB = 13.6
┌ Info: Step 51 / 120
│   wall_ms = 368.9
│   gc_ms = 0.0
│   gc_pauses = 0
│   full_sweeps = 0
└   alloc_MB = 13.6
┌ Info: Step 52 / 120
│   wall_ms = 282.68
│   gc_ms = 0.0
│   gc_pauses = 0
│   full_sweeps = 0
└   alloc_MB = 13.6
┌ Info: Step 53 / 120
│   wall_ms = 291.68
│   gc_ms = 0.0
│   gc_pauses = 0
│   full_sweeps = 0
└   alloc_MB = 13.6
┌ Info: Step 54 / 120
│   wall_ms = 184.46
│   gc_ms = 0.0
│   gc_pauses = 0
│   full_sweeps = 0
└   alloc_MB = 13.6
┌ Info: Step 55 / 120
│   wall_ms = 189.86
│   gc_ms = 0.0
│   gc_pauses = 0
│   full_sweeps = 0
└   alloc_MB = 13.6
┌ Info: Step 56 / 120
│   wall_ms = 193.96
│   gc_ms = 0.0
│   gc_pauses = 0
│   full_sweeps = 0
└   alloc_MB = 13.6
┌ Info: Step 57 / 120
│   wall_ms = 1907.44
│   gc_ms = 481.21
│   gc_pauses = 1
│   full_sweeps = 0
└   alloc_MB = 14.3
┌ Info: Step 58 / 120
│   wall_ms = 283.63
│   gc_ms = 0.0
│   gc_pauses = 0
│   full_sweeps = 0
└   alloc_MB = 13.6
┌ Info: Step 59 / 120
│   wall_ms = 164.85
│   gc_ms = 0.0
│   gc_pauses = 0
│   full_sweeps = 0
└   alloc_MB = 13.6
┌ Info: Step 60 / 120
│   wall_ms = 179.58
│   gc_ms = 0.0
│   gc_pauses = 0
│   full_sweeps = 0
└   alloc_MB = 13.6
┌ Info: Step 61 / 120
│   wall_ms = 194.44
│   gc_ms = 0.0
│   gc_pauses = 0
│   full_sweeps = 0
└   alloc_MB = 13.6
┌ Info: Step 62 / 120
│   wall_ms = 194.47
│   gc_ms = 0.0
│   gc_pauses = 0
│   full_sweeps = 0
└   alloc_MB = 13.6
┌ Info: Step 63 / 120
│   wall_ms = 340.8
│   gc_ms = 0.0
│   gc_pauses = 0
│   full_sweeps = 0
└   alloc_MB = 13.6
┌ Info: Step 64 / 120
│   wall_ms = 296.57
│   gc_ms = 0.0
│   gc_pauses = 0
│   full_sweeps = 0
└   alloc_MB = 13.6
┌ Info: Step 65 / 120
│   wall_ms = 229.35
│   gc_ms = 0.0
│   gc_pauses = 0
│   full_sweeps = 0
└   alloc_MB = 13.6
┌ Info: Step 66 / 120
│   wall_ms = 167.32
│   gc_ms = 0.0
│   gc_pauses = 0
│   full_sweeps = 0
└   alloc_MB = 13.6
┌ Info: Step 67 / 120
│   wall_ms = 173.92
│   gc_ms = 0.0
│   gc_pauses = 0
│   full_sweeps = 0
└   alloc_MB = 13.6
┌ Info: Step 68 / 120
│   wall_ms = 211.06
│   gc_ms = 0.0
│   gc_pauses = 0
│   full_sweeps = 0
└   alloc_MB = 13.6
┌ Info: Step 69 / 120
│   wall_ms = 363.28
│   gc_ms = 0.0
│   gc_pauses = 0
│   full_sweeps = 0
└   alloc_MB = 13.6
┌ Info: Step 70 / 120
│   wall_ms = 269.21
│   gc_ms = 0.0
│   gc_pauses = 0
│   full_sweeps = 0
└   alloc_MB = 13.6
┌ Info: Step 71 / 120
│   wall_ms = 279.84
│   gc_ms = 0.0
│   gc_pauses = 0
│   full_sweeps = 0
└   alloc_MB = 13.6
┌ Info: Step 72 / 120
│   wall_ms = 192.89
│   gc_ms = 0.0
│   gc_pauses = 0
│   full_sweeps = 0
└   alloc_MB = 13.6
┌ Info: Step 73 / 120
│   wall_ms = 178.96
│   gc_ms = 0.0
│   gc_pauses = 0
│   full_sweeps = 0
└   alloc_MB = 13.6
┌ Info: Step 74 / 120
│   wall_ms = 267.99
│   gc_ms = 0.0
│   gc_pauses = 0
│   full_sweeps = 0
└   alloc_MB = 13.6
┌ Info: Step 75 / 120
│   wall_ms = 282.27
│   gc_ms = 0.0
│   gc_pauses = 0
│   full_sweeps = 0
└   alloc_MB = 13.6
┌ Info: Step 76 / 120
│   wall_ms = 293.27
│   gc_ms = 0.0
│   gc_pauses = 0
│   full_sweeps = 0
└   alloc_MB = 13.6
┌ Info: Step 77 / 120
│   wall_ms = 1260.69
│   gc_ms = 0.0
│   gc_pauses = 0
│   full_sweeps = 0
└   alloc_MB = 13.9
┌ Info: Step 78 / 120
│   wall_ms = 348.2
│   gc_ms = 0.0
│   gc_pauses = 0
│   full_sweeps = 0
└   alloc_MB = 13.6
┌ Info: Step 79 / 120
│   wall_ms = 178.15
│   gc_ms = 0.0
│   gc_pauses = 0
│   full_sweeps = 0
└   alloc_MB = 13.6
┌ Info: Step 80 / 120
│   wall_ms = 194.9
│   gc_ms = 0.0
│   gc_pauses = 0
│   full_sweeps = 0
└   alloc_MB = 13.6
┌ Info: Step 81 / 120
│   wall_ms = 223.13
│   gc_ms = 0.0
│   gc_pauses = 0
│   full_sweeps = 0
└   alloc_MB = 13.6
┌ Info: Step 82 / 120
│   wall_ms = 312.02
│   gc_ms = 0.0
│   gc_pauses = 0
│   full_sweeps = 0
└   alloc_MB = 13.6
┌ Info: Step 83 / 120
│   wall_ms = 260.36
│   gc_ms = 0.0
│   gc_pauses = 0
│   full_sweeps = 0
└   alloc_MB = 13.6
┌ Info: Step 84 / 120
│   wall_ms = 199.71
│   gc_ms = 0.0
│   gc_pauses = 0
│   full_sweeps = 0
└   alloc_MB = 13.6
┌ Info: Step 85 / 120
│   wall_ms = 212.72
│   gc_ms = 0.0
│   gc_pauses = 0
│   full_sweeps = 0
└   alloc_MB = 13.6
┌ Info: Step 86 / 120
│   wall_ms = 186.51
│   gc_ms = 0.0
│   gc_pauses = 0
│   full_sweeps = 0
└   alloc_MB = 13.6
┌ Info: Step 87 / 120
│   wall_ms = 171.49
│   gc_ms = 0.0
│   gc_pauses = 0
│   full_sweeps = 0
└   alloc_MB = 13.6
┌ Info: Step 88 / 120
│   wall_ms = 202.91
│   gc_ms = 0.0
│   gc_pauses = 0
│   full_sweeps = 0
└   alloc_MB = 13.6
┌ Info: Step 89 / 120
│   wall_ms = 274.63
│   gc_ms = 0.0
│   gc_pauses = 0
│   full_sweeps = 0
└   alloc_MB = 13.6
┌ Info: Step 90 / 120
│   wall_ms = 342.19
│   gc_ms = 0.0
│   gc_pauses = 0
│   full_sweeps = 0
└   alloc_MB = 13.6
┌ Info: Step 91 / 120
│   wall_ms = 258.22
│   gc_ms = 0.0
│   gc_pauses = 0
│   full_sweeps = 0
└   alloc_MB = 13.6
┌ Info: Step 92 / 120
│   wall_ms = 172.85
│   gc_ms = 0.0
│   gc_pauses = 0
│   full_sweeps = 0
└   alloc_MB = 13.6
┌ Info: Step 93 / 120
│   wall_ms = 178.46
│   gc_ms = 0.0
│   gc_pauses = 0
│   full_sweeps = 0
└   alloc_MB = 13.6
┌ Info: Step 94 / 120
│   wall_ms = 264.67
│   gc_ms = 0.0
│   gc_pauses = 0
│   full_sweeps = 0
└   alloc_MB = 13.6
┌ Info: Step 95 / 120
│   wall_ms = 201.79
│   gc_ms = 0.0
│   gc_pauses = 0
│   full_sweeps = 0
└   alloc_MB = 13.6
┌ Info: Step 96 / 120
│   wall_ms = 355.88
│   gc_ms = 0.0
│   gc_pauses = 0
│   full_sweeps = 0
└   alloc_MB = 13.6
┌ Info: Step 97 / 120
│   wall_ms = 1270.3
│   gc_ms = 0.0
│   gc_pauses = 0
│   full_sweeps = 0
└   alloc_MB = 13.9
┌ Info: Step 98 / 120
│   wall_ms = 371.67
│   gc_ms = 0.0
│   gc_pauses = 0
│   full_sweeps = 0
└   alloc_MB = 13.6
┌ Info: Step 99 / 120
│   wall_ms = 187.78
│   gc_ms = 0.0
│   gc_pauses = 0
│   full_sweeps = 0
└   alloc_MB = 13.6
┌ Info: Step 100 / 120
│   wall_ms = 177.89
│   gc_ms = 0.0
│   gc_pauses = 0
│   full_sweeps = 0
└   alloc_MB = 13.6
┌ Info: Step 101 / 120
│   wall_ms = 213.2
│   gc_ms = 0.0
│   gc_pauses = 0
│   full_sweeps = 0
└   alloc_MB = 13.6
┌ Info: Step 102 / 120
│   wall_ms = 529.91
│   gc_ms = 236.38
│   gc_pauses = 1
│   full_sweeps = 0
└   alloc_MB = 13.6
┌ Info: Step 103 / 120
│   wall_ms = 195.97
│   gc_ms = 0.0
│   gc_pauses = 0
│   full_sweeps = 0
└   alloc_MB = 13.6
┌ Info: Step 104 / 120
│   wall_ms = 225.68
│   gc_ms = 0.0
│   gc_pauses = 0
│   full_sweeps = 0
└   alloc_MB = 13.6
┌ Info: Step 105 / 120
│   wall_ms = 192.35
│   gc_ms = 0.0
│   gc_pauses = 0
│   full_sweeps = 0
└   alloc_MB = 13.6
┌ Info: Step 106 / 120
│   wall_ms = 181.14
│   gc_ms = 0.0
│   gc_pauses = 0
│   full_sweeps = 0
└   alloc_MB = 13.6
┌ Info: Step 107 / 120
│   wall_ms = 189.8
│   gc_ms = 0.0
│   gc_pauses = 0
│   full_sweeps = 0
└   alloc_MB = 13.6
┌ Info: Step 108 / 120
│   wall_ms = 263.18
│   gc_ms = 0.0
│   gc_pauses = 0
│   full_sweeps = 0
└   alloc_MB = 13.6
┌ Info: Step 109 / 120
│   wall_ms = 383.28
│   gc_ms = 0.0
│   gc_pauses = 0
│   full_sweeps = 0
└   alloc_MB = 13.6
┌ Info: Step 110 / 120
│   wall_ms = 246.28
│   gc_ms = 0.0
│   gc_pauses = 0
│   full_sweeps = 0
└   alloc_MB = 13.6
┌ Info: Step 111 / 120
│   wall_ms = 163.63
│   gc_ms = 0.0
│   gc_pauses = 0
│   full_sweeps = 0
└   alloc_MB = 13.6
┌ Info: Step 112 / 120
│   wall_ms = 171.99
│   gc_ms = 0.0
│   gc_pauses = 0
│   full_sweeps = 0
└   alloc_MB = 13.6
┌ Info: Step 113 / 120
│   wall_ms = 194.12
│   gc_ms = 0.0
│   gc_pauses = 0
│   full_sweeps = 0
└   alloc_MB = 13.6
┌ Info: Step 114 / 120
│   wall_ms = 363.28
│   gc_ms = 0.0
│   gc_pauses = 0
│   full_sweeps = 0
└   alloc_MB = 13.6
┌ Info: Step 115 / 120
│   wall_ms = 299.88
│   gc_ms = 0.0
│   gc_pauses = 0
│   full_sweeps = 0
└   alloc_MB = 13.6
┌ Info: Step 116 / 120
│   wall_ms = 273.37
│   gc_ms = 0.0
│   gc_pauses = 0
│   full_sweeps = 0
└   alloc_MB = 13.6
┌ Info: Step 117 / 120
│   wall_ms = 56182.3
│   gc_ms = 1091.95
│   gc_pauses = 5
│   full_sweeps = 0
└   alloc_MB = 3136.8
┌ Info: Step 118 / 120
│   wall_ms = 204.31
│   gc_ms = 0.0
│   gc_pauses = 0
│   full_sweeps = 0
└   alloc_MB = 13.6
┌ Info: Step 119 / 120
│   wall_ms = 175.25
│   gc_ms = 0.0
│   gc_pauses = 0
│   full_sweeps = 0
└   alloc_MB = 13.6
┌ Info: Step 120 / 120
│   wall_ms = 281.49
│   gc_ms = 0.0
│   gc_pauses = 0
│   full_sweeps = 0
└   alloc_MB = 13.6
Capture range started in the application.
Capture range ended in the application.
Generating '/tmp/nsys-report-8a10.qdstrm'
[1/1] [0%                          ] mod.nsys-repProcessing events...
[1/1] [0%                          ] mod.nsys-rep[1/1] [5%                          ] mod.nsys-rep[1/1] [==21%                       ] mod.nsys-rep[1/1] [===22%                      ] mod.nsys-rep[1/1] [==20%                       ] mod.nsys-rep[1/1] [===22%                      ] mod.nsys-rep[1/1] [==20%                       ] mod.nsys-rep[1/1] [==21%                       ] mod.nsys-rep[1/1] [===22%                      ] mod.nsys-rep[1/1] [===23%                      ] mod.nsys-rep[1/1] [===22%                      ] mod.nsys-rep[1/1] [======33%                   ] mod.nsys-rep[1/1] [======34%                   ] mod.nsys-rep[1/1] [======35%                   ] mod.nsys-rep[1/1] [======33%                   ] mod.nsys-rep[1/1] [=====31%                    ] mod.nsys-rep[1/1] [=====29%                    ] mod.nsys-rep[1/1] [====27%                     ] mod.nsys-rep[1/1] [====26%                     ] mod.nsys-rep[1/1] [===24%                      ] mod.nsys-rep[1/1] [===23%                      ] mod.nsys-rep[1/1] [===22%                      ] mod.nsys-rep[1/1] [==21%                       ] mod.nsys-rep[1/1] [==20%                       ] mod.nsys-rep[1/1] [==19%                       ] mod.nsys-rep[1/1] [==18%                       ] mod.nsys-rep[1/1] [=17%                        ] mod.nsys-rep[1/1] [=16%                        ] mod.nsys-rep[1/1] [=15%                        ] mod.nsys-rep[1/1] [14%                         ] mod.nsys-rep[1/1] [13%                         ] mod.nsys-rep[1/1] [12%                         ] mod.nsys-rep[1/1] [11%                         ] mod.nsys-rep[1/1] [10%                         ] mod.nsys-rep[1/1] [9%                          ] mod.nsys-rep[1/1] [8%                          ] mod.nsys-rep[1/1] [7%                          ] mod.nsys-rep[1/1] [6%                          ] mod.nsys-rep[1/1] [5%                          ] mod.nsys-rep[1/1] [0%                          ] mod.nsys-rep[1/1] [5%                          ] mod.nsys-rep[1/1] [6%                          ] mod.nsys-rep[1/1] [7%                          ] mod.nsys-rep[1/1] [8%                          ] mod.nsys-rep[1/1] [9%                          ] mod.nsys-rep[1/1] [10%                         ] mod.nsys-rep[1/1] [11%                         ] mod.nsys-rep[1/1] [12%                         ] mod.nsys-rep[1/1] [13%                         ] mod.nsys-rep[1/1] [14%                         ] mod.nsys-rep[1/1] [=15%                        ] mod.nsys-rep[1/1] [=16%                        ] mod.nsys-rep[1/1] [=17%                        ] mod.nsys-rep[1/1] [==18%                       ] mod.nsys-rep[1/1] [==19%                       ] mod.nsys-rep[1/1] [==20%                       ] mod.nsys-rep[1/1] [==21%                       ] mod.nsys-rep[1/1] [===22%                      ] mod.nsys-rep[1/1] [===23%                      ] mod.nsys-rep[1/1] [===24%                      ] mod.nsys-rep[1/1] [====25%                     ] mod.nsys-rep[1/1] [====26%                     ] mod.nsys-rep[1/1] [====27%                     ] mod.nsys-rep[1/1] [====28%                     ] mod.nsys-rep[1/1] [=====29%                    ] mod.nsys-rep[1/1] [=====30%                    ] mod.nsys-rep[1/1] [=====31%                    ] mod.nsys-rep[1/1] [=====32%                    ] mod.nsys-rep[1/1] [======33%                   ] mod.nsys-rep[1/1] [======34%                   ] mod.nsys-rep[1/1] [======35%                   ] mod.nsys-rep[1/1] [=======36%                  ] mod.nsys-rep[1/1] [=======37%                  ] mod.nsys-rep[1/1] [=======38%                  ] mod.nsys-rep[1/1] [=======39%                  ] mod.nsys-rep[1/1] [========40%                 ] mod.nsys-rep[1/1] [========41%                 ] mod.nsys-rep[1/1] [========42%                 ] mod.nsys-rep[1/1] [=========43%                ] mod.nsys-rep[1/1] [=========44%                ] mod.nsys-rep[1/1] [=========45%                ] mod.nsys-rep[1/1] [=========46%                ] mod.nsys-rep[1/1] [==========47%               ] mod.nsys-rep[1/1] [==========48%               ] mod.nsys-rep[1/1] [==========49%               ] mod.nsys-rep[1/1] [===========50%              ] mod.nsys-rep[1/1] [===========51%              ] mod.nsys-rep[1/1] [===========52%              ] mod.nsys-rep[1/1] [===========53%              ] mod.nsys-rep[1/1] [============54%             ] mod.nsys-rep[1/1] [============55%             ] mod.nsys-rep[1/1] [============56%             ] mod.nsys-rep[1/1] [============57%             ] mod.nsys-rep[1/1] [=============58%            ] mod.nsys-rep[1/1] [=============59%            ] mod.nsys-rep[1/1] [=============60%            ] mod.nsys-rep[1/1] [==============61%           ] mod.nsys-rep[1/1] [==============62%           ] mod.nsys-rep[1/1] [==============63%           ] mod.nsys-rep[1/1] [==============64%           ] mod.nsys-rep[1/1] [===============65%          ] mod.nsys-rep[1/1] [===============66%          ] mod.nsys-rep[1/1] [===============67%          ] mod.nsys-rep[1/1] [================68%         ] mod.nsys-rep[1/1] [================69%         ] mod.nsys-rep[1/1] [================70%         ] mod.nsys-rep[1/1] [================71%         ] mod.nsys-rep[1/1] [=================72%        ] mod.nsys-rep[1/1] [=================73%        ] mod.nsys-rep[1/1] [=================74%        ] mod.nsys-rep[1/1] [==================75%       ] mod.nsys-rep[1/1] [==================76%       ] mod.nsys-rep[1/1] [==================77%       ] mod.nsys-rep[1/1] [==================78%       ] mod.nsys-rep[1/1] [===================79%      ] mod.nsys-rep[1/1] [===================80%      ] mod.nsys-rep[1/1] [===================81%      ] mod.nsys-rep[1/1] [===================82%      ] mod.nsys-rep[1/1] [====================83%     ] mod.nsys-rep[1/1] [====================84%     ] mod.nsys-rep[1/1] [====================85%     ] mod.nsys-rep[1/1] [=====================86%    ] mod.nsys-rep[1/1] [=====================87%    ] mod.nsys-rep[1/1] [=====================88%    ] mod.nsys-rep[1/1] [=====================89%    ] mod.nsys-rep[1/1] [======================90%   ] mod.nsys-rep[1/1] [======================91%   ] mod.nsys-rep[1/1] [======================92%   ] mod.nsys-rep[1/1] [=======================93%  ] mod.nsys-rep[1/1] [=======================94%  ] mod.nsys-rep[1/1] [=======================95%  ] mod.nsys-rep[1/1] [=======================96%  ] mod.nsys-rep[1/1] [========================97% ] mod.nsys-rep[1/1] [========================98% ] mod.nsys-rep[1/1] [========================100%] mod.nsys-rep[1/1] [========================100%] mod.nsys-rep
Generated:
	/home/pbachant/calkit/clima-gpu-profiling/results/nsys/mod.nsys-rep
Generating SQLite file results/nsys/mod.sqlite from results/nsys/mod.nsys-rep
Processing [results/nsys/mod.sqlite] with [/opt/nvidia/nsight-systems/2025.3.2/host-linux-x64/reports/nvtx_sum.py]... 

 ** NVTX Range Summary (nvtx_sum):

 Time (%)  Total Time (ns)  Instances    Avg (ns)      Med (ns)     Min (ns)    Max (ns)    StdDev (ns)    Style                                                   Range                                                
 --------  ---------------  ---------  ------------  ------------  ----------  -----------  ------------  --------  ----------------------------------------------------------------------------------------------------
     35.2      83834174573        360   232872707.1    28199399.5     1144545  56152778895  2958280730.2  StartEnd  ClimaCoupler.Interfacer:step!(sim::AbstractComponentSimulation, t::ITime) /home/pbachant/calkit/cli…
     23.5      56005907433        360   155571965.1     2850117.0       75210  54933754029  2895106819.9  StartEnd  ClimaDiagnostics:orchestrate_diagnostics(integrator, diagnostic_handler::DiagnosticsHandler) /home/…
     10.5      24899297035        360    69164714.0    25327412.0     1135915    759049384    90883692.9  StartEnd  ClimaTimeSteppers:step_u!(integrator) /home/pbachant/.julia/packages/ClimaTimeSteppers/ZxgOv/src/in…
      6.6      15705678645         74   212238900.6   173361194.5    97833915   1533872834   234232589.4  StartEnd  ClimaDiagnostics.Writers:interpolate_field!(writer::NetCDFWriter, field, diagnostic, u, p, t) /home…
      3.8       8940032128        360    24833422.6    20589489.0     6622209    539980031    31210353.8  StartEnd  ClimaTimeSteppers:solve_newton!(alg::NewtonsMethod, cache, x, f!, j! = nothing, prepare_for_f! = no…
      2.8       6751273325         74    91233423.3    60676492.5    35988733   1392341211   160804491.3  StartEnd  ClimaDiagnostics.Writers:write_field!(writer::NetCDFWriter, field, diagnostic, u, p, t) /home/pbach…
      2.3       5480683260        720     7612060.1     5651319.0     2963267    555291050    21479444.5  StartEnd  ClimaAtmos:set_implicit_precomputed_quantities!(Y, p, t) /home/pbachant/calkit/clima-gpu-profiling/…
      1.5       3506029350        240    14608455.6    12465392.0     9745644     62876008     7668194.0  StartEnd  ClimaAtmos:remaining_tendency!(Yₜ, Yₜ_lim, Y, p, t) /home/pbachant/calkit/clima-gpu-profiling/Clima…
      1.1       2710882343        240    11295343.1     8720624.5     4800948     66379671     9968324.8  StartEnd  ClimaAtmos:implicit_tendency!(Yₜ, Y, p, t) /home/pbachant/calkit/clima-gpu-profiling/ClimaAtmos.jl-…
      1.1       2534590459        840     3017369.6     1015745.5      329389    332034338    12093414.4  StartEnd  ClimaAtmos:dss!(Y, p, t) /home/pbachant/calkit/clima-gpu-profiling/ClimaAtmos.jl-mod/src/prognostic…
      1.1       2509405076        600     4182341.8      777212.0      344358     62025562     6464678.4  StartEnd  ClimaCore.MatrixFields:field_matrix_solve!(solver::FieldMatrixSolver, x::Fields.FieldVector, A::Fie…
      0.9       2175292110        240     9063717.1     7525750.0     4026441     62027322     7593707.9  StartEnd  ClimaAtmos:LinearAlgebra.ldiv!(ΔY::Fields.FieldVector, jacobian::Jacobian, R::Fields.FieldVector) /…
      0.9       2163939276          2  1081969638.0  1081969638.0  1073317633   1090621643    12235782.8  StartEnd  ClimaAtmos:ogw_model_callback!(integrator) /home/pbachant/calkit/clima-gpu-profiling/ClimaAtmos.jl-…
      0.8       1987970956        240     8283212.3     7061887.5     5173956     39204728     4454631.4  StartEnd  ClimaAtmos:hyperdiffusion_tendency!(Yₜ, Yₜ_lim, Y, p, t) /home/pbachant/calkit/clima-gpu-profiling/…
      0.8       1839905538       8040      228844.0      148824.0       15539     54375277     1223568.4  StartEnd  ClimaCore.MatrixFields:Base.Broadcast.materialize!(dest::FieldNameDict, vector_or_matrix::FieldName…
      0.8       1828576011       8040      227434.8      147349.0       15050     54364567     1223400.8  StartEnd  ClimaCore.MatrixFields:copyto_foreach!(dest::FieldNameDict, vector_or_matrix::FieldNameDict) /home/…
      0.7       1757613651        120    14646780.4    11721106.0     8385121     62499750     9617134.6  StartEnd  ClimaAtmos:set_explicit_precomputed_quantities!(Y, p, t) /home/pbachant/calkit/clima-gpu-profiling/…
      0.6       1516800401        240     6320001.7     5349745.5     2990186     35170787     5163851.4  StartEnd  ClimaAtmos:update_jacobian!(jacobian, Y, p, dtγ, t) /home/pbachant/calkit/clima-gpu-profiling/Clima…
      0.4       1036298017        480     2158954.2     1618673.0      830497     55931221     4346562.6  StartEnd  ClimaCore.MatrixFields:lazy_mul(A₂₂′::LazySchurComplement, x₂) /home/pbachant/calkit/clima-gpu-prof…
      0.4        995084787        120     8292373.2     7591395.0     4451119     46110765     6006031.4  StartEnd  ClimaLand:exp_tendency!(dY, Y, p, t) /home/pbachant/.julia/packages/ClimaLand/olfEs/src/ClimaLand.j…
      0.4        917852059        360     2549589.1      887861.0      447348    527554779    27814851.7  StartEnd  ClimaLand:compute_imp_tendency!(dY, Y, p, t) /home/pbachant/.julia/packages/ClimaLand/olfEs/src/Cli…
      0.3        745764067        240     3107350.3     2873872.0     1650233     37156687     3049836.2  StartEnd  ClimaAtmos:additional_tendency!(Yₜ, Y, p, t) /home/pbachant/calkit/clima-gpu-profiling/ClimaAtmos.j…
      0.2        574119481        360     1594776.3      130434.5       61889    526565194    27745495.5  StartEnd  ClimaLand.Canopy:compute_imp_tendency!(dY, Y, p, t) /home/pbachant/.julia/packages/ClimaLand/olfEs/…
      0.2        446479172        120     3720659.8     3608173.0     2068460     41111039     3682321.0  StartEnd  ClimaLand:update_boundary_fluxes!(p, Y, t) /home/pbachant/.julia/packages/ClimaLand/olfEs/src/integ…
      0.2        426126040        720      591841.7      528418.0      285339     32066541     1523624.1  StartEnd  ClimaAtmos:set_prognostic_edmf_precomputed_quantities_environment!(Y, p, ᶠuₕ³, t) /home/pbachant/ca…
      0.2        421039742        120     3508664.5     2835476.5     1578143     32248720     4046472.9  StartEnd  ClimaLand:update_aux!(p, Y, t) /home/pbachant/.julia/packages/ClimaLand/olfEs/src/integrated/land.j…
      0.2        393772641        360     1093812.9      875461.0      426078     36391291     2662372.3  StartEnd  ClimaLand:update_implicit_cache!(p, Y, t) /home/pbachant/.julia/packages/ClimaLand/olfEs/src/integr…
      0.2        392936706        720      545745.4      439433.0      234439     39062488     1863323.2  StartEnd  ClimaAtmos:set_prognostic_edmf_precomputed_quantities_draft!(Y, p, ᶠuₕ³, t) /home/pbachant/calkit/c…
      0.1        303561215        240     1264838.4      773416.0      453708     51044553     4251071.4  StartEnd  ClimaAtmos:explicit_vertical_advection_tendency!(Yₜ, Y, p, t) /home/pbachant/calkit/clima-gpu-profi…
      0.1        279452735        240     1164386.4     1048635.5      619857     22792324     1703118.3  StartEnd  ClimaAtmos:apply_hyperdiffusion_tendency!(Yₜ, Y, p, t) /home/pbachant/calkit/clima-gpu-profiling/Cl…
      0.1        253654412       9240       27451.8       24350.0       11650     16778882      182182.1  StartEnd  ClimaCoupler.Interfacer:remap!(target_field::CC.Fields.Field, source_field::CC.Fields.Field) /home/…
      0.1        251749631        360      699304.5      648132.0      309939     13982795     1092262.1  StartEnd  ClimaLand:compute_jacobian!(jacobian, Y, p, dtγ, t) /home/pbachant/.julia/packages/ClimaLand/olfEs/…
      0.1        234057198        240      975238.3      929170.5      503818     14178395     1151065.6  StartEnd  ClimaAtmos:horizontal_tracer_advection_tendency!(Yₜ, Y, p, t) /home/pbachant/calkit/clima-gpu-profi…
      0.1        224983197        240      937430.0      920760.5      528897     14181175      917655.8  StartEnd  ClimaAtmos:viscous_sponge_tendency!(Yₜ, Y, p) /home/pbachant/calkit/clima-gpu-profiling/ClimaAtmos.…
      0.1        216526240        240      902192.7      636982.0      366569     39991154     2964396.8  StartEnd  ClimaAtmos:horizontal_dynamics_tendency!(Yₜ, Y, p, t) /home/pbachant/calkit/clima-gpu-profiling/Cli…
      0.1        215340431        240      897251.8      821646.5      339248     14554322      945155.1  StartEnd  ClimaCoupler.FluxCalculator:compute_surface_fluxes!(csf, sim::Interfacer.AbstractSurfaceSimulation,…
      0.1        205603917        120     1713366.0      918241.0      421448     30155530     3949433.7  StartEnd  ClimaLand.Soil:update_aux!(p, Y, t) /home/pbachant/.julia/packages/ClimaLand/olfEs/src/standalone/S…
      0.1        205392708        240      855802.9      665896.5      406989     35971002     2445710.2  StartEnd  ClimaAtmos:prep_hyperdiffusion_tendency!(Yₜ, Y, p, t) /home/pbachant/calkit/clima-gpu-profiling/Cli…
      0.1        199108860        480      414810.1      281239.0      125759     37606535     1915257.3  StartEnd  ClimaCore.MatrixFields:apply_preconditioner(P_alg, P_cache, P, lazy_b) /home/pbachant/calkit/clima-…
      0.1        186080391        120     1550669.9     1251634.0      717147     38639400     3579836.5  StartEnd  ClimaLand.Soil:update_boundary_fluxes!(p, Y, t) /home/pbachant/.julia/packages/ClimaLand/olfEs/src/…
      0.1        184242821        240      767678.4      661297.0      387348     24982344     1661003.9  StartEnd  ClimaAtmos:apply_tracer_hyperdiffusion_tendency!(Yₜ, Y, p, t) /home/pbachant/calkit/clima-gpu-profi…
      0.1        180042519        360      500118.1      463432.0      229319     13663266      869793.8  StartEnd  ClimaLand.Soil:compute_imp_tendency!(dY, Y, p, t) /home/pbachant/.julia/packages/ClimaLand/olfEs/sr…
      0.1        179341489        120     1494512.4     1191629.0      679727     38569021     3577571.0  StartEnd  ClimaLand:soil_boundary_fluxes!(bc::AtmosDrivenFluxBC, prognostic_land_components::Union{Val{(:cano…
      0.1        148856530        120     1240471.1     1002450.5      564988     38256882     3417191.0  StartEnd  ClimaAtmos:constrain_state!(Y, p, t) /home/pbachant/calkit/clima-gpu-profiling/ClimaAtmos.jl-mod/sr…
      0.1        134316002        120     1119300.0      873905.5      514457     25111653     2480778.3  StartEnd  ClimaAtmos:set_prognostic_edmf_precomputed_quantities_explicit_closures!(Y, p, t) /home/pbachant/ca…
      0.1        128086019        360      355794.5      230189.0      116390     23288182     1612512.5  StartEnd  ClimaLand.Soil.Biogeochemistry:compute_imp_tendency!(dY, Y, p, t) /home/pbachant/.julia/packages/Cl…
      0.0        110875720        120      923964.3      969155.0      561637      5076996      431345.0  StartEnd  ClimaLand.Canopy:update_aux!(p, Y, t) /home/pbachant/.julia/packages/ClimaLand/olfEs/src/standalone…
      0.0        110574356        360      307151.0      288603.0      142909     13365708      694711.3  StartEnd  ClimaLand.Soil.Biogeochemistry:compute_jacobian!(jacobian::MatrixFields.FieldMatrixWithSolver, Y, p…
      0.0        105516975        360      293102.7      251174.0      120220     13596357      832033.3  StartEnd  ClimaLand.Soil:compute_jacobian!(jacobian::MatrixFields.FieldMatrixWithSolver, Y, p, dtγ, t) /home/…
      0.0        102326760        240      426361.5      310458.5      164289     21398570     1547949.7  StartEnd  ClimaAtmos:prep_tracer_hyperdiffusion_tendency!(Yₜ, Y, p, t) /home/pbachant/calkit/clima-gpu-profil…
      0.0         98385583        360      273293.3      190109.0       95889     35677744     1871929.1  StartEnd  ClimaLand.Soil.Biogeochemistry:update_boundary_fluxes!(p, Y, t) /home/pbachant/.julia/packages/Clim…
      0.0         91886433          6    15314405.5     7017477.5     5967123     45074920    15617848.4  StartEnd  ClimaAtmos:rrtmgp_solver_callback!(integrator) /home/pbachant/calkit/clima-gpu-profiling/ClimaAtmos…
      0.0         86070233        360      239084.0      259198.5      126560       640387       67832.2  StartEnd  ClimaLand:implicit_radiant_energy_fluxes!(p, land::LandModel{FT}, canopy_radiation::Canopy.Abstract…
      0.0         78111955        120      650933.0      679007.0      410269      2969377      251441.1  StartEnd  ClimaLand:lsm_radiant_energy_fluxes!(p, land::LandModel{FT}, canopy_radiation::Canopy.AbstractRadia…
      0.0         73013585        120      608446.5      649667.0      371998      2024311      182977.7  StartEnd  ClimaLand.Snow:update_boundary_fluxes!(p, Y, t) /home/pbachant/.julia/packages/ClimaLand/olfEs/src/…
      0.0         71226174        120      593551.4      309823.5      176830     22601575     2351026.3  StartEnd  ClimaAtmos:set_sgs_moments_and_cloud_fraction!(Y, p) /home/pbachant/calkit/clima-gpu-profiling/Clim…
      0.0         70765235        120      589710.3      645107.0      373508       885566      130188.4  StartEnd  ClimaLand.Soil:compute_exp_tendency!(dY, Y, p, t) /home/pbachant/.julia/packages/ClimaLand/olfEs/sr…
      0.0         69881411        360      194115.0      116969.0       57240     17177961     1149643.4  StartEnd  ClimaLand.Soil:update_imp_aux!(p, Y, t) /home/pbachant/.julia/packages/ClimaLand/olfEs/src/standalo…
      0.0         50077064        120      417308.9      427928.0      259939       951566      131071.3  StartEnd  ClimaLand.Snow:update_aux!(p, Y, t) /home/pbachant/.julia/packages/ClimaLand/olfEs/src/standalone/S…
      0.0         49524192        240      206350.8      168629.0       99110     11408827      726821.3  StartEnd  ClimaCore.MatrixFields:lazy_or_concrete_preconditioner(P_alg, P_cache, A) /home/pbachant/calkit/cli…
      0.0         45284730        240      188686.4      197679.0      116250       351578       34332.6  StartEnd  ClimaAtmos:correct_implicit_advection_tendency!(Yₜ, Y, p, t) /home/pbachant/calkit/clima-gpu-profil…
      0.0         39218447        120      326820.4      357463.0      206589       516617       71856.6  StartEnd  ClimaLand.Soil.Biogeochemistry:update_aux!(p, Y, t) /home/pbachant/.julia/packages/ClimaLand/olfEs/…
      0.0         35047118        120      292059.3      320468.0      182859       433108       62341.4  StartEnd  ClimaLand:snow_boundary_fluxes!(bc::Snow.AtmosDrivenSnowBC, prognostic_land_components::Union{Val{(…
      0.0         34370340        120      286419.5      317038.5      174899       395279       64889.4  StartEnd  ClimaLand.Canopy:canopy_boundary_fluxes!(p::NamedTuple, canopy::CanopyModel, Y::ClimaCore.Fields.Fi…
      0.0         32889513        120      274079.3      295684.0      172269       390118       54359.7  StartEnd  ClimaAtmos:set_face_diffusivities!(Y, p) /home/pbachant/calkit/clima-gpu-profiling/ClimaAtmos.jl-mo…
      0.0         30794381        240      128309.9      132999.5       57580       269449       33074.2  StartEnd  ClimaAtmos:set_cloud_fraction!(Y, p, ::MoistMicrophysics, ::QuadratureCloud) /home/pbachant/calkit/…
      0.0         30508680        360       84746.3       89120.0       40640       205179       23906.5  StartEnd  ClimaLand.Canopy:compute_jacobian!(W, Y, p, dtγ, t) /home/pbachant/.julia/packages/ClimaLand/olfEs/…
      0.0         28565806        120      238048.4      254668.5      145149       376409       49333.8  StartEnd  ClimaAtmos:set_buoyancy_gradient_inputs!(Y, p, thermo_params) /home/pbachant/calkit/clima-gpu-profi…
      0.0         25711902        120      214265.9      237379.0      128969       308149       51378.2  StartEnd  ClimaLand:ClimaLand.source!(dY::ClimaCore.Fields.FieldVector, src::RootExtraction, Y::ClimaCore.Fie…
      0.0         22677048        120      188975.4      200129.0      118739       479548       47714.9  StartEnd  ClimaLand:update_soil_snow_ground_heat_flux!(p, Y, soil_params, snow_params, soil_domain, FT) /home…
      0.0         20528540        120      171071.2      182764.0      102489       493488       49512.0  StartEnd  ClimaLand.Soil.Biogeochemistry:compute_exp_tendency!(dY, Y, p, t) /home/pbachant/.julia/packages/Cl…
      0.0         19514053        120      162617.1      170854.0       97650       466988       52446.4  StartEnd  ClimaLand:update_piecewise_soil_moisture_stress!(ground::PrognosticGroundConditions, p, Y, model, c…
      0.0         19500600        120      162505.0      155424.0       97249       472387       51391.4  StartEnd  ClimaLand.Canopy:compute_exp_tendency!(dY, Y, p, t) /home/pbachant/.julia/packages/ClimaLand/olfEs/…
      0.0         19481138        120      162342.8      175414.0       99810       300449       38364.0  StartEnd  ClimaLand.Soil:ClimaLand.source!(dY::ClimaCore.Fields.FieldVector, src::PhaseChange, Y::ClimaCore.F…
      0.0         13589776        120      113248.1      118744.5       69760       424208       38160.2  StartEnd  ClimaLand.Soil.Biogeochemistry:ClimaLand.source!(dY::ClimaCore.Fields.FieldVector, src::MicrobeProd…
      0.0         12808338        120      106736.1      115639.0       68809       186099       23097.1  StartEnd  ClimaLand:update_root_extraction!(p, Y, t, land) /home/pbachant/.julia/packages/ClimaLand/olfEs/src…
      0.0         11243421        120       93695.2      100094.5       58590       146899       20851.4  StartEnd  ClimaLand:ClimaLand.source!(dY::ClimaCore.Fields.FieldVector, src::PartialAreaSoilSublimation{FT}, …
      0.0          9451576        120       78763.1       83809.0       47949       254579       24181.4  StartEnd  ClimaLand.Snow:compute_exp_tendency!(dY, Y, p, t) /home/pbachant/.julia/packages/ClimaLand/olfEs/sr…
      0.0          3635583          2     1817791.5     1817791.5     1414583      2221000      570222.9  StartEnd  ClimaAtmos:nogw_model_callback!(integrator) /home/pbachant/calkit/clima-gpu-profiling/ClimaAtmos.jl…
      0.0           358929        120        2991.1        3095.0        1520         9520        1036.7  StartEnd  ClimaLand:Soil.compute_infiltration_energy_flux(p, runoff, atmos, prognostic_land_components::Val{(…
      0.0           349160          6       58193.3       53035.0       28430       104060       25546.9  StartEnd  ClimaLand:update_drivers!(p, t) /home/pbachant/.julia/packages/ClimaLand/olfEs/src/shared_utilities…
      0.0           337745        360         938.2         860.0         380         9460         799.8  StartEnd  ClimaAtmos:limiters_func!(Y, p, t, ref_Y) /home/pbachant/calkit/clima-gpu-profiling/ClimaAtmos.jl-m…
      0.0           243520        360         676.4         630.0         230        13300         952.9  StartEnd  ClimaLand.Soil:update_imp_bf!(p, Y, t) /home/pbachant/.julia/packages/ClimaLand/olfEs/src/standalon…
      0.0           182790        240         761.6         610.0         320        12870         995.2  StartEnd  ClimaCoupler.Interfacer:remap(target_space::CC.Spaces.AbstractSpace, source_field::CC.Fields.Field)…
      0.0           131559        120        1096.3        1130.0         440         4320         568.3  StartEnd  ClimaLand:Soil.compute_liquid_influx(p, model, prognostic_land_components::Val{(:snow, :soil)}) /ho…

Processing [results/nsys/mod.sqlite] with [/opt/nvidia/nsight-systems/2025.3.2/host-linux-x64/reports/osrt_sum.py]... 

 ** OS Runtime Summary (osrt_sum):

 Time (%)  Total Time (ns)  Num Calls    Avg (ns)      Med (ns)     Min (ns)    Max (ns)    StdDev (ns)            Name         
 --------  ---------------  ---------  ------------  ------------  ----------  -----------  ------------  ----------------------
     35.1     248728958629        202  1231331478.4   774191438.0       52260  56960012615  5627272694.3  pthread_cond_wait     
     25.9     183316776444       1779   103044843.4   100981071.0   100068345    118737879     3502799.5  poll                  
     25.6     181048539813        135  1341100294.9   193386271.0    30117180  93643418428  9338440749.1  sem_wait              
     13.0      92054246136         23  4002358527.7  4000659962.0  4000064505   4010887594     3401503.3  pthread_cond_timedwait
      0.1       1035950692        478     2167260.9      178109.5        7730    150668620     8696415.7  open64                
      0.1        886104380        387     2289675.4        2380.0        1000    110693585    13596225.1  epoll_pwait           
      0.1        545929986       6216       87826.6       12975.0        5510     12154243      375837.3  pwrite64              
      0.1        506242757       3368      150309.6       59784.5        2970     31166915     1094780.6  ioctl                 
      0.0        225499055        256      880855.7       28355.0       11570     17859867     2859935.4  close                 
      0.0         52815825         20     2640791.3       99829.5       36700     37240587     8637960.5  pthread_rwlock_wrlock 
      0.0         15074880        309       48786.0        5450.0        1000     10534341      599827.3  pthread_cond_signal   
      0.0         14449884        105      137617.9       10480.0        2610     12201013     1189002.0  munmap                
      0.0          9398908        421       22325.2       15370.0        2340       834996       43123.2  read                  
      0.0          7252244        148       49001.6       25340.0        3450       782277       86652.8  write                 
      0.0          3927402          2     1963701.0     1963701.0      199329      3728073     2495198.8  pthread_mutex_lock    
      0.0          2891878         24      120494.9       93475.0       26690       611547      123526.3  open                  
      0.0          2668299         16      166768.7      142549.5       26490       482448      103472.5  pthread_rwlock_rdlock 
      0.0          2559716        290        8826.6        5020.0        2170       115430       15142.2  fread                 
      0.0          2285730         24       95238.8       51544.5       21060       248189       80615.0  fopen                 
      0.0          1782899         66       27013.6       25370.0        7290        75170       14395.1  mmap                  
      0.0          1007396         42       23985.6       23235.0        2960        59139       15152.7  fwrite                
      0.0           962178         74       13002.4       12395.0        8310        35540        3813.0  flock                 
      0.0           884675         34       26019.9       14400.0        2480       106439       26591.5  mprotect              
      0.0           736395         14       52599.6       59744.5        1850       187569       54026.9  sigaction             
      0.0           702578         24       29274.1       23705.0       14360        56469       13976.6  fclose                
      0.0           311078          8       38884.8       30900.0       23050        82009       18913.9  waitpid               
      0.0           169368          8       21171.0       19829.5       15760        33879        6136.3  pipe2                 
      0.0           121800          2       60900.0       60900.0       59580        62220        1866.8  mmap64                
      0.0            85160         24        3548.3        2895.0        1270         6890        1535.4  epoll_ctl             
      0.0            36170         14        2583.6        2480.0        1050         4660        1229.6  fcntl                 
      0.0            22170          8        2771.3        2735.0        2070         3630         494.7  dup2                  
      0.0             8870          6        1478.3        1320.0        1000         2490         530.1  signal                
      0.0             7250          4        1812.5        1160.0        1020         3910        1402.3  pthread_cond_broadcast
      0.0             6170          5        1234.0        1180.0        1070         1530         179.5  fflush                

Processing [results/nsys/mod.sqlite] with [/opt/nvidia/nsight-systems/2025.3.2/host-linux-x64/reports/cuda_api_sum.py]... 

 ** CUDA API Summary (cuda_api_sum):

 Time (%)  Total Time (ns)  Num Calls  Avg (ns)   Med (ns)  Min (ns)   Max (ns)   StdDev (ns)           Name         
 --------  ---------------  ---------  ---------  --------  --------  ----------  -----------  ----------------------
     60.1      10850123742       2986  3633665.0  207314.0      1810  1070537386   47371520.7  cuStreamSynchronize   
     21.6       3900343095     391886     9952.7    7590.0      2780    44235634     196138.5  cuLaunchKernel        
      9.5       1715558854    8885387      193.1     130.0        69    56059909      41755.3  cuCtxGetId            
      3.9        712499329    3661886      194.6     160.0        80    39669706      35581.9  cuStreamGetCaptureInfo
      2.8        506894284       6228    81389.6   11965.0      3350    42520882     866970.0  cuMemAlloc_v2         
      1.0        175462683       5457    32153.7    7000.0      4710    22245806     354946.6  cuMemFree_v2          
      0.5         90273464        316   285675.5   44725.0     17440     3607733     763460.1  cuMemcpyDtoHAsync_v2  
      0.3         53705041        804    66797.3   22965.0      4090     1467183     116569.4  cuMemcpyHtoDAsync_v2  
      0.3         51498446       4234    12163.1    9599.0      2910      197030       8057.9  cuMemsetD32Async      
      0.0          3107256          8   388407.0  360224.0    315348      566217      82689.8  cuModuleLoadDataEx    
      0.0          1670013         74    22567.7   21765.0     11490       39790       5624.4  cuMemcpyDtoDAsync_v2  
      0.0           622459          8    77807.4   70505.0     51220      128500      24428.4  cuMemGetInfo_v2       
      0.0           133370          9    14818.9   13830.0     11480       20840       3076.9  cuCtxSynchronize      
      0.0             4390          1     4390.0    4390.0      4390        4390          0.0  cuProfilerStart       
      0.0              980          1      980.0     980.0       980         980          0.0  cuProfilerStop        

Processing [results/nsys/mod.sqlite] with [/opt/nvidia/nsight-systems/2025.3.2/host-linux-x64/reports/cuda_gpu_kern_sum.py]... 

 ** CUDA GPU Kernel Summary (cuda_gpu_kern_sum):

 Time (%)  Total Time (ns)  Instances   Avg (ns)     Med (ns)    Min (ns)   Max (ns)   StdDev (ns)                                                  Name                                                
 --------  ---------------  ---------  -----------  -----------  ---------  ---------  -----------  ----------------------------------------------------------------------------------------------------
     14.1       3247085553          6  541180925.5  540853299.0  539458795  543125732    1359304.7  rte_lw_2stream_solve_both_CUDA_(FluxLW<Float32, CuDeviceArray<Float32, (int)2, (int)1>>, FluxLW<Flo…
     13.3       3058282092          6  509713682.0  509925130.0  506741183  511816866    1764893.1  rte_sw_2stream_solve_both_CUDA_(FluxSW<Float32, CuDeviceArray<Float32, (int)2, (int)1>>, FluxSW<Flo…
      8.4       1940736974        120   16172808.1   16036995.5   15828747   20563770     557767.1  set_microphysics_tendency_cache__FILE_ClimaAtmos_jl_mod_src_cache_microphysics_cache_jl_L1024       
      4.5       1029622796      26400      39000.9      28543.0       3296     233470      33997.1  _FILE_ClimaCore_jl_mod_src_MatrixFields_field_name_dict_jl_L1056                                    
      3.4        780448551      13440      58069.1      61248.0      28000      79008      10395.9  run_field_matrix_solver__FILE_ClimaCore_jl_mod_src_MatrixFields_field_matrix_solver_jl_L375         
      2.4        554748480       2880     192621.0     204382.0     151422     273981      36250.9  horizontal_tracer_advection_tendency__NVTX                                                          
      2.1        494518737       1680     294356.4     183167.0     119839     798872     205853.6  prep_hyperdiffusion_tendency__NVTX                                                                  
      1.9        449625584       7200      62448.0      16576.0      13120     734745     115232.3  viscous_sponge_tendency__NVTX                                                                       
      1.9        435330448       2880     151156.4     117295.0      18016     780601     167257.9  apply_hyperdiffusion_tendency__NVTX                                                                 
      1.9        431541116        120    3596176.0    3575264.5    3532066    4515701     116089.0  set_microphysics_tendency_cache__FILE_ClimaAtmos_jl_mod_src_cache_microphysics_cache_jl_L978        
      1.3        295788464       3360      88032.3      64351.0      61183     196318      41548.2  _FILE_ClimaAtmos_jl_mod_src_cache_microphysics_cache_jl_L227                                        
      0.9        219022959       2880      76049.6      81887.5      52608     115519      17266.6  set_prognostic_edmf_precomputed_quantities_environment__NVTX                                        
      0.9        213345211       1440     148156.4     145006.5      24191     488379     124631.5  horizontal_dynamics_tendency__NVTX                                                                  
      0.9        198309143        960     206572.0     205918.0     204542     246942       5105.3  _FILE_ClimaAtmos_jl_mod_src_prognostic_equations_implicit_manual_sparse_jacobian_jl_L1398           
      0.8        195155988       5760      33881.2      30944.0      17888      66367      12415.7  set_implicit_precomputed_quantities__NVTX                                                           
      0.8        189578649       3120      60762.4      74783.0      10016     162911      44309.0  explicit_vertical_advection_tendency__NVTX                                                          
      0.8        189539001       4800      39487.3      21152.0       3200     130751      40240.0  dss_transform__FILE_ClimaCore_jl_mod_src_Topologies_dss_jl_L119                                     
      0.8        188957140       4800      39366.1      17408.0       3071     146366      45761.5  dss_untransform__FILE_ClimaCore_jl_mod_src_Topologies_dss_jl_L172                                   
      0.8        184962395       1440     128446.1     128063.0     125471     142942       1901.6  _FILE_ClimaAtmos_jl_mod_src_prognostic_equations_implicit_manual_sparse_jacobian_jl_L1549           
      0.8        178494582       3360      53123.4      53024.0      49759      66815       1979.2  _FILE_ClimaAtmos_jl_mod_src_cache_microphysics_cache_jl_L226                                        
      0.8        175372647      17031      10297.3      10080.0       7584      13568        692.3  set_covariance_cache_and_cloud_fraction__FILE_ClimaAtmos_jl_mod_src_parameterized_tendencies_microp…
      0.7        163508470       4320      37849.2      10112.0       8512     156031      50271.0  weighted_dss_internal__FILE_ClimaCore_jl_mod_src_Spaces_dss_jl_L149                                 
      0.7        152744202       2160      70714.9      70432.0      69183      84063       1647.4  set_velocity_quantities__FILE_ClimaAtmos_jl_mod_src_cache_precomputed_quantities_jl_L566            
      0.7        151557297       1200     126297.7     126735.0     119359     159486       5035.2  _FILE_ClimaAtmos_jl_mod_src_prognostic_equations_hyperdiffusion_jl_L430                             
      0.6        145307546        960     151362.0     150943.0     147487     184670       4223.1  updraft_sedimentation__FILE_ClimaAtmos_jl_mod_src_prognostic_equations_advection_jl_L546            
      0.6        136989062       4560      30041.5      20671.0      13152     145247      30440.0  apply_tracer_hyperdiffusion_tendency__NVTX                                                          
      0.6        135774213        960     141431.5     141887.0     136158     160478       3100.4  edmfx_entr_detr_tendency__FILE_ClimaAtmos_jl_mod_src_prognostic_equations_edmfx_entr_detr_jl_L628   
      0.6        130092103       1680      77435.8      77247.0      75552      92831       1984.8  edmfx_sgs_mass_flux_tendency__FILE_ClimaAtmos_jl_mod_src_prognostic_equations_edmfx_sgs_flux_jl_L90 
      0.5        121355415        960     126411.9     126431.0     114559     136799       4034.8  _FILE_ClimaAtmos_jl_mod_src_prognostic_equations_implicit_manual_sparse_jacobian_jl_L955            
      0.5        119300862       1920      62135.9      62240.0      54879      68064       1886.0  _FILE_ClimaAtmos_jl_mod_src_prognostic_equations_implicit_manual_sparse_jacobian_jl_L933            
      0.5        114022313       3000      38007.4       5312.0       2720     219198      68491.3  gpu_broadcast_kernel_linear(CompilerMetadata<DynamicSize, DynamicCheck, void, CartesianIndices<(int…
      0.5        113969263        240     474871.9     473195.5     469243     557722      10512.7  set_cloud_fraction__NVTX                                                                            
      0.5        111953586       1440      77745.5      77407.0      76415      93407       1936.5  edmfx_sgs_vertical_advection_tendency__FILE_ClimaAtmos_jl_mod_src_prognostic_equations_advection_jl…
      0.5        105870973       1920      55141.1      54975.0      54112      67071       1518.7  implicit_vertical_advection_tendency__FILE_ClimaAtmos_jl_mod_src_prognostic_equations_implicit_impl…
      0.5        105848834        720     147012.3     146431.0     145311     177054       3830.5  hgrad_invariant__FILE_ClimaAtmos_jl_mod_src_parameterized_tendencies_microphysics_cloud_fraction_jl…
      0.4        103267859        960     107570.7     107199.5     103199     123679       2481.6  _FILE_ClimaAtmos_jl_mod_src_prognostic_equations_water_advection_jl_L159                            
      0.4        101505707       1440      70490.1      70464.0      68447      85471       1970.2  update_sgs_advection_jacobian__FILE_ClimaAtmos_jl_mod_src_prognostic_equations_implicit_manual_spar…
      0.4        100131663       5400      18542.9      17600.0       2816      63327      16434.7  compute_field__FILE_ClimaDiagnostics_Q9hyU_src_clima_diagnostics_jl_L332                            
      0.4         98491910       3360      29313.1      29344.0      28032      31360        492.2  _FILE_ClimaAtmos_jl_mod_src_cache_microphysics_cache_jl_L245                                        
      0.4         97764883       5040      19397.8      17536.0      12160      30943       4602.0  set_prognostic_edmf_precomputed_quantities_draft__NVTX                                              
      0.4         93722632       1200      78102.2      77952.0      75648      90847       1770.2  updraft_sedimentation__FILE_ClimaAtmos_jl_mod_src_prognostic_equations_advection_jl_L540            
      0.4         92805769        600     154676.3     162046.0     118751     189086      17073.9  turbulent_fluxes__FILE_ClimaLand_olfEs_src_shared_utilities_drivers_jl_L427                         
      0.4         90196779        960      93955.0      93695.0      92319     109823       1996.4  _FILE_ClimaAtmos_jl_mod_src_prognostic_equations_water_advection_jl_L141                            
      0.4         89324773       1440      62031.1      61807.5      60192      76512       1731.9  _FILE_ClimaAtmos_jl_mod_src_prognostic_equations_surface_flux_jl_L132                               
      0.4         88077999       5520      15956.2       4288.0       3136     255709      47716.8  gpu_broadcast_kernel_linear(CompilerMetadata<DynamicSize, DynamicCheck, void, CartesianIndices<(int…
      0.4         87924799        960      91588.3      91327.0      89023     113951       2761.5  _FILE_ClimaAtmos_jl_mod_src_prognostic_equations_implicit_manual_sparse_jacobian_jl_L1791           
      0.4         84783370       1200      70652.8      70400.0      68800      86687       1868.8  _FILE_ClimaAtmos_jl_mod_src_prognostic_equations_surface_flux_jl_L140                               
      0.4         84153754       2408      34947.6      12527.5       8736     149695      33803.8  _FILE_ClimaCore_jl_mod_src_Operators_integrals_jl_L141                                              
      0.4         82339203        240     343080.0     349501.0     137982     679705     204326.8  set_sgs_moments_and_cloud_fraction__NVTX                                                            
      0.4         81315065       4320      18822.9      18688.0      16895      26144        991.6  set_precipitation_surface_fluxes__FILE_ClimaAtmos_jl_mod_src_cache_microphysics_cache_jl_L1330      
      0.4         81200112        720     112777.9     112543.0     110431     130463       1880.9  set_covariance_cache__FILE_ClimaAtmos_jl_mod_src_parameterized_tendencies_microphysics_cloud_fracti…
      0.3         78992702        960      82284.1      82144.0      79456      98015       1944.2  implicit_vertical_advection_tendency__FILE_ClimaAtmos_jl_mod_src_prognostic_equations_implicit_impl…
      0.3         78876406       2400      32865.2      34176.0      19584      54399       7518.9  additional_tendency__NVTX                                                                           
      0.3         78653609      12602       6241.4       3296.0       2495     184511      16856.3  copy_FILE_ClimaCore_jl_mod_src_Fields_broadcast_jl_L139                                             
      0.3         78289888        960      81552.0      81471.0      79840      87071        712.2  _FILE_ClimaAtmos_jl_mod_src_prognostic_equations_water_advection_jl_L82                             
      0.3         76030066       1200      63358.4      64896.0      50495      84288       6366.0  _h_eff_plus____FILE_ClimaAtmos_jl_mod_src_prognostic_equations_eddy_diffusion_closures_jl_L768      
      0.3         75576559       2160      34989.1       6304.0       2944     307133      77722.6  gpu_broadcast_kernel_linear(CompilerMetadata<DynamicSize, DynamicCheck, void, CartesianIndices<(int…
      0.3         75094832       4200      17879.7       3488.0       2176     181342      42318.1  gpu_broadcast_kernel_linear(CompilerMetadata<DynamicSize, DynamicCheck, void, CartesianIndices<(int…
      0.3         74741765        960      77856.0      77087.0      73759      95231       2831.9  edmfx_sgs_mass_flux_tendency__FILE_ClimaAtmos_jl_mod_src_prognostic_equations_edmfx_sgs_flux_jl_L160
      0.3         72488530        960      75508.9      75391.0      73951      82592        943.2  _FILE_ClimaAtmos_jl_mod_src_prognostic_equations_water_advection_jl_L138                            
      0.3         72386233        240     301609.3     299933.0     297374     366396       8452.0  edmfx_sgs_diffusive_flux_tendency__FILE_ClimaAtmos_jl_mod_src_prognostic_equations_edmfx_sgs_flux_j…
      0.3         72079851       5520      13057.9       3584.0       2848     209438      37719.1  gpu_broadcast_kernel_linear(CompilerMetadata<DynamicSize, DynamicCheck, void, CartesianIndices<(int…
      0.3         70277759        960      73206.0      73056.0      72352      80991        972.6  _FILE_ClimaAtmos_jl_mod_src_prognostic_equations_water_advection_jl_L84                             
      0.3         70162931        960      73086.4      72927.0      72192      80031        935.4  _FILE_ClimaAtmos_jl_mod_src_prognostic_equations_water_advection_jl_L72                             
      0.3         68167671       3360      20288.0       8736.0       8576      67615      19970.0  _FILE_ClimaAtmos_jl_mod_src_cache_microphysics_cache_jl_L239                                        
      0.3         68023917        960      70858.2      70751.0      69376      75264        731.9  _FILE_ClimaAtmos_jl_mod_src_prognostic_equations_water_advection_jl_L155                            
      0.3         67724364       4684      14458.7      14432.0      11264      16032        251.9  postprocess_and_accumulate__FILE_ClimaAtmos_jl_mod_src_parameterized_tendencies_gravity_wave_drag_n…
      0.3         67484442        480     140592.6     138143.0      31551     264989     106494.1  gpu_broadcast_kernel_linear(CompilerMetadata<DynamicSize, DynamicCheck, void, CartesianIndices<(int…
      0.3         66800423        960      69583.8      69312.0      67327      88575       2167.6  _FILE_ClimaAtmos_jl_mod_src_prognostic_equations_advection_jl_L253                                  
      0.3         64643306       6480       9975.8       8352.0       6304      25248       3584.8  compute_jacobian__NVTX                                                                              
      0.3         63546622        960      66194.4      66079.0      64255      71487        993.4  _FILE_ClimaAtmos_jl_mod_src_prognostic_equations_water_advection_jl_L136                            
      0.3         62921359       3360      18726.6      18752.0      17920      20543        320.9  _FILE_ClimaAtmos_jl_mod_src_cache_microphysics_cache_jl_L259                                        
      0.3         62619105        960      65228.2      64991.5      64192      79680       1855.2  _FILE_ClimaAtmos_jl_mod_src_prognostic_equations_implicit_manual_sparse_jacobian_jl_L1410           
      0.3         58888152       3360      17526.2      17408.0      16640      21152        494.3  _FILE_ClimaAtmos_jl_mod_src_cache_microphysics_cache_jl_L240                                        
      0.3         58715413        960      61161.9      60928.0      60224      75071       1774.4  run_field_matrix_solver__FILE_ClimaCore_jl_mod_src_MatrixFields_field_matrix_solver_jl_L532         
      0.3         58555248        360     162653.5     161679.0     159199     201502       4845.0  materialized_mixing_length__FILE_ClimaAtmos_jl_mod_src_parameterized_tendencies_microphysics_cloud_…
      0.3         58182514       3360      17316.2      17216.0      16320      20512        516.6  _FILE_ClimaAtmos_jl_mod_src_cache_microphysics_cache_jl_L238                                        
      0.3         58147187        960      60570.0      60607.5      55295      66079       2103.6  _FILE_ClimaAtmos_jl_mod_src_prognostic_equations_implicit_manual_sparse_jacobian_jl_L926            
      0.3         57690400       3360      17169.8      17120.0      16447      20416        419.8  _FILE_ClimaAtmos_jl_mod_src_cache_microphysics_cache_jl_L257                                        
      0.2         57445300       2160      26595.0      26335.0      25568      33631        962.9  set_velocity_quantities__FILE_ClimaAtmos_jl_mod_src_cache_precomputed_quantities_jl_L564            
      0.2         56472554       5040      11204.9       3264.0       2688      39552      12845.2  compute_imp_tendency__NVTX                                                                          
      0.2         55678188        960      57998.1      51519.5      15232     150462      40866.9  set_prognostic_edmf_precomputed_quantities_explicit_closures__NVTX                                  
      0.2         55117597       3360      16404.0      16352.0      15584      19968        437.9  _FILE_ClimaAtmos_jl_mod_src_cache_microphysics_cache_jl_L241                                        
      0.2         54472659        960      56742.4      56544.0      55584      69279       1606.2  _FILE_ClimaAtmos_jl_mod_src_prognostic_equations_implicit_manual_sparse_jacobian_jl_L1416           
      0.2         52679415       4086      12892.7      12992.0       9248      16000        899.1  non_orographic_gravity_wave_compute_tendency__FILE_ClimaAtmos_jl_mod_src_parameterized_tendencies_g…
      0.2         52436239        240     218484.3     216750.5      48608     400380     166706.0  gpu_broadcast_kernel_linear(CompilerMetadata<DynamicSize, DynamicCheck, void, CartesianIndices<(int…
      0.2         50807589        240     211698.3     210846.5     209662     259550       6230.6  solve_sgs_u__implicit_stage_analytic__FILE_ClimaAtmos_jl_mod_src_prognostic_equations_implicit_init…
      0.2         49832487       1200      41527.1      40544.0      38079      49888       2030.4  update_sgs_massflux_jacobian__FILE_ClimaAtmos_jl_mod_src_prognostic_equations_implicit_manual_spars…
      0.2         47859510        480      99707.3     105727.0      91519     131071       7825.2  correct_implicit_advection_tendency__NVTX                                                           
      0.2         46460058        960      48395.9      47215.5      45759      56351       2220.8  update_sgs_massflux_jacobian__FILE_ClimaAtmos_jl_mod_src_prognostic_equations_implicit_manual_spars…
      0.2         45810331       2160      21208.5      21119.0      19872      24832        629.9  set_velocity_quantities__FILE_ClimaAtmos_jl_mod_src_cache_precomputed_quantities_jl_L565            
      0.2         44387486        240     184947.9     183118.5      37919     337404     144935.3  gpu_broadcast_kernel_linear(CompilerMetadata<DynamicSize, DynamicCheck, void, CartesianIndices<(int…
      0.2         43059944        240     179416.4     178750.5     176734     215294       4471.1  edmfx_entr_detr_tke_source__FILE_ClimaAtmos_jl_mod_src_prognostic_equations_edmfx_tke_jl_L169       
      0.2         42661527        240     177756.4     177054.0     176703     218430       5296.2  solve_sgs__a_implicit_stage_analytic__FILE_ClimaAtmos_jl_mod_src_prognostic_equations_implicit_init…
      0.2         41319573       1920      21520.6      21344.0      20960      25951        601.2  copyto_foreach__NVTX                                                                                
      0.2         41189980       1200      34325.0      34464.0      32096      43392       1159.1  edmfx_sgs_mass_flux_tendency__FILE_ClimaAtmos_jl_mod_src_prognostic_equations_edmfx_sgs_flux_jl_L96 
      0.2         40249117        720      55901.6      55775.0      53983      60287       1065.5  set_covariance_cache__FILE_ClimaAtmos_jl_mod_src_parameterized_tendencies_microphysics_cloud_fracti…
      0.2         39908982        840      47510.7      47487.0      46239      49567        566.2  set_precipitation_velocities__FILE_ClimaAtmos_jl_mod_src_cache_microphysics_cache_jl_L263           
      0.2         39768224        360     110467.3     109919.0     108575     137503       3363.5  compute__T_____FILE_ClimaAtmos_jl_mod_src_parameterized_tendencies_microphysics_cloud_fraction_jl_L…
      0.2         39261232          4    9815308.0    9814892.0    9671408    9960040     148518.9  non_orographic_gravity_wave_forcing_FILE_ClimaAtmos_jl_mod_src_parameterized_tendencies_gravity_wav…
      0.2         37534566       5640       6655.1       4896.0       2527      13312       3858.9  single_field_solve__FILE_ClimaCore_jl_mod_src_MatrixFields_single_field_solver_jl_L41               
      0.2         35900281        600      59833.8      24432.0      14496     252669      70525.4  set_face_diffusivities__NVTX                                                                        
      0.2         35421703        840      42168.7      32223.0      29439      75264      13373.3  set_buoyancy_gradient_inputs__NVTX                                                                  
      0.2         35328293        240     147201.2     146894.5     144734     179902       4153.6  solve_sgs__a_implicit_stage_analytic__FILE_ClimaAtmos_jl_mod_src_prognostic_equations_implicit_init…
      0.2         35283655        240     147015.2     146734.5     144223     163167       2286.1  edmfx_entr_detr_tendency__FILE_ClimaAtmos_jl_mod_src_prognostic_equations_edmfx_entr_detr_jl_L617   
      0.2         35064389       1440      24350.3      22816.0      22016      32000       2490.4  update_sgs_massflux_jacobian__FILE_ClimaAtmos_jl_mod_src_prognostic_equations_implicit_manual_spars…
      0.1         33822370        240     140926.5     140558.5     138143     171742       3925.5  solve_sgs__a_implicit_stage_analytic__FILE_ClimaAtmos_jl_mod_src_prognostic_equations_implicit_init…
      0.1         33194426       1200      27662.0      27552.0      27039      33312        697.3  vertical_advection_of_water_tendency__FILE_ClimaAtmos_jl_mod_src_prognostic_equations_water_advecti…
      0.1         32714776        240     136311.6     136079.0     134143     152926       2191.0  edmfx_entr_detr_tendency__FILE_ClimaAtmos_jl_mod_src_prognostic_equations_edmfx_entr_detr_jl_L619   
      0.1         32470985        960      33823.9      33696.0      33088      40448        838.7  _FILE_ClimaAtmos_jl_mod_src_prognostic_equations_implicit_manual_sparse_jacobian_jl_L1394           
      0.1         32186450        960      33527.6      33408.0      32896      41311        982.8  updraft_sedimentation__FILE_ClimaAtmos_jl_mod_src_prognostic_equations_advection_jl_L543            
      0.1         31247693        360      86799.1      86559.0      83935      95999       1316.9  picard_step__FILE_ClimaAtmos_jl_mod_src_parameterized_tendencies_microphysics_cloud_fraction_jl_L63 
      0.1         31038843       2400      12932.9      12031.5       2496      32640       8598.9  update_aux__NVTX                                                                                    
      0.1         29365011        480      61177.1      60927.0      60640      75295       1819.5  run_field_matrix_solver__FILE_ClimaCore_jl_mod_src_MatrixFields_field_matrix_solver_jl_L377         
      0.1         28473795        480      59320.4      58991.5      52127      66624       3351.6  _FILE_ClimaAtmos_jl_mod_src_prognostic_equations_implicit_manual_sparse_jacobian_jl_L777            
      0.1         28335270        240     118063.6     115919.0     109823     160319       7521.4  edmfx_sgs_diffusive_flux_tendency__FILE_ClimaAtmos_jl_mod_src_prognostic_equations_edmfx_sgs_flux_j…
      0.1         27952098        720      38822.4      38655.5      38015      46719       1021.6  set_sgs__u___FILE_ClimaAtmos_jl_mod_src_cache_precomputed_quantities_jl_L584                        
      0.1         27658214       3360       8231.6       5984.0       5728      17248       3890.9  _FILE_ClimaAtmos_jl_mod_src_cache_microphysics_cache_jl_L249                                        
      0.1         26930097        960      28052.2      27935.5      27040      33888        925.6  update_advection_jacobian__FILE_ClimaAtmos_jl_mod_src_prognostic_equations_implicit_manual_sparse_j…
      0.1         25512065        240     106300.3     105983.0     104991     125727       2464.5  solve_sgs__a_implicit_stage_analytic__FILE_ClimaAtmos_jl_mod_src_prognostic_equations_implicit_init…
      0.1         25489590        480      53103.3      52959.0      52512      61759       1115.1  update_diffusion_jacobian__FILE_ClimaAtmos_jl_mod_src_prognostic_equations_implicit_manual_sparse_j…
      0.1         25245377        960      26297.3      27296.0      22527      35104       3273.3  microphysics_tendency__FILE_ClimaAtmos_jl_mod_src_parameterized_tendencies_microphysics_tendency_jl…
      0.1         24358177        240     101492.4     101183.0      99871     123583       2840.0  update_advection_jacobian__FILE_ClimaAtmos_jl_mod_src_prognostic_equations_implicit_manual_sparse_j…
      0.1         24239494        240     100997.9     100799.5      99071     108415       1297.8  edmfx_pressure_drag_tke_source__FILE_ClimaAtmos_jl_mod_src_prognostic_equations_edmfx_tke_jl_L109   
      0.1         23503080        240      97929.5      97615.0      95839     119935       2746.4  update_sgs_massflux_jacobian__FILE_ClimaAtmos_jl_mod_src_prognostic_equations_implicit_manual_spars…
      0.1         23485208        480      48927.5      48895.0      46624      54879        994.2  non_orographic_gravity_wave_apply_tendency__FILE_ClimaAtmos_jl_mod_src_parameterized_tendencies_gra…
      0.1         23411813       4228       5537.3       5504.0       5184       7104        193.7  set_precipitation_velocities__FILE_ClimaAtmos_jl_mod_src_cache_microphysics_cache_jl_L195           
      0.1         22890739        240      95378.1      94959.5      93855     114111       2435.2  update_sgs_massflux_jacobian__FILE_ClimaAtmos_jl_mod_src_prognostic_equations_implicit_manual_spars…
      0.1         22489214        600      37482.0      36064.0      33280      48544       3376.1  enforce_edmf_updraft_constraints__FILE_ClimaAtmos_jl_mod_src_prognostic_equations_mass_flux_closure…
      0.1         21364194        240      89017.5      88640.0      88319     109311       2642.7  implicit_vertical_advection_tendency__FILE_ClimaAtmos_jl_mod_src_prognostic_equations_implicit_impl…
      0.1         20869470        240      86956.1      88223.5      21216     177790      65654.0  gpu_broadcast_kernel_linear(CompilerMetadata<DynamicSize, DynamicCheck, void, CartesianIndices<(int…
      0.1         20490321       1680      12196.6      12624.0       9824      15200       2000.4  set_precipitation_surface_fluxes__FILE_ClimaAtmos_jl_mod_src_cache_microphysics_cache_jl_L1351      
      0.1         20378188        960      21227.3      20864.0      20160      27264        877.4  _FILE_ClimaAtmos_jl_mod_src_prognostic_equations_implicit_manual_sparse_jacobian_jl_L923            
      0.1         19875288       1440      13802.3      13824.0      12896      15872        423.4  edmfx_sgs_mass_flux_tendency__FILE_ClimaAtmos_jl_mod_src_prognostic_equations_edmfx_sgs_flux_jl_L66 
      0.1         19791649        960      20616.3      21391.5      17056      27744       2971.7  microphysics_tendency__FILE_ClimaAtmos_jl_mod_src_parameterized_tendencies_microphysics_tendency_jl…
      0.1         18949659        240      78956.9      78719.0      77919      91648       1663.1  edmfx_sgs_diffusive_flux_tendency__FILE_ClimaAtmos_jl_mod_src_prognostic_equations_edmfx_sgs_flux_j…
      0.1         18833994        960      19618.7      19952.0      16095      27808       2939.7  microphysics_tendency__FILE_ClimaAtmos_jl_mod_src_parameterized_tendencies_microphysics_tendency_jl…
      0.1         18825660        240      78440.3      78207.0      77887      92128       1777.6  surface_flux_tendency__FILE_ClimaAtmos_jl_mod_src_prognostic_equations_surface_flux_jl_L111         
      0.1         18815253        120     156793.8     156222.5     153631     180958       3812.9  update_surf_temp__FILE_ClimaLand_olfEs_src_standalone_Snow_snow_parameterizations_jl_L1003          
      0.1         18733858        480      39028.9      40576.0      34432      48416       3361.3  _FILE_ClimaAtmos_jl_mod_src_prognostic_equations_implicit_manual_sparse_jacobian_jl_L783            
      0.1         18589797       1680      11065.4       5952.0       3135      37888       9257.6  source__NVTX                                                                                        
      0.1         18363167        480      38256.6      38303.0      37631      40768        438.4  update_sgs_diffusion_jacobian__FILE_ClimaAtmos_jl_mod_src_prognostic_equations_implicit_manual_spar…
      0.1         18106343        960      18860.8      18784.0      18464      23392        547.3  updraft_sedimentation__FILE_ClimaAtmos_jl_mod_src_prognostic_equations_advection_jl_L542            
      0.1         17985445        240      74939.4      74815.0      74111      81983        940.5  radiation_tendency__FILE_ClimaAtmos_jl_mod_src_parameterized_tendencies_radiation_radiation_jl_L556 
      0.1         17436748        240      72653.1      72448.0      71327      82399       1295.9  edmfx_sgs_mass_flux_tendency__FILE_ClimaAtmos_jl_mod_src_prognostic_equations_edmfx_sgs_flux_jl_L82 
      0.1         16482072        240      68675.3      68415.0      67424      80095       1462.1  edmfx_sgs_mass_flux_tendency__FILE_ClimaAtmos_jl_mod_src_prognostic_equations_edmfx_sgs_flux_jl_L112
      0.1         16119059        480      33581.4      34128.0      30335      40384       2012.0  update_sgs_boundary_condition_jacobian__FILE_ClimaAtmos_jl_mod_src_prognostic_equations_implicit_ma…
      0.1         15983125        240      66596.4      66400.0      65951      78560       1514.7  edmfx_sgs_diffusive_flux_tendency__FILE_ClimaAtmos_jl_mod_src_prognostic_equations_edmfx_sgs_flux_j…
      0.1         15906759       5555       2863.5       2912.0       2367      12576        275.1  _FILE_ClimaDiagnostics_Q9hyU_src_clima_diagnostics_jl_L148                                          
      0.1         15746998        240      65612.5      65503.0      64992      71327        735.4  radiation_tendency__FILE_ClimaAtmos_jl_mod_src_parameterized_tendencies_radiation_radiation_jl_L547 
      0.1         15711569        960      16366.2      16303.5      13247      23519       2601.8  enforce_grid_mean_microphysics_constraints__FILE_ClimaAtmos_jl_mod_src_prognostic_equations_mass_fl…
      0.1         15086560        240      62860.7      62656.0      62175      74047       1423.2  surface_flux_tendency__FILE_ClimaAtmos_jl_mod_src_prognostic_equations_surface_flux_jl_L120         
      0.1         14897250        240      62071.9      61087.5      59392      78399       2550.7  update_diffusion_jacobian__FILE_ClimaAtmos_jl_mod_src_prognostic_equations_implicit_manual_sparse_j…
      0.1         14663230        120     122193.6     121695.0     118559     142591       3333.3  turbulent_fluxes__FILE_ClimaLand_olfEs_src_standalone_Soil_energy_hydrology_jl_L1196                
      0.1         14577762        240      60740.7      60415.0      60127      74623       1784.2  implicit_vertical_advection_tendency__FILE_ClimaAtmos_jl_mod_src_prognostic_equations_implicit_impl…
      0.1         14397088        240      59987.9      59808.0      59359      70176       1323.1  implicit_vertical_advection_tendency__FILE_ClimaAtmos_jl_mod_src_prognostic_equations_implicit_impl…
      0.1         14276284        840      16995.6      16959.5      16288      21376        537.4  set_precipitation_velocities__FILE_ClimaAtmos_jl_mod_src_cache_microphysics_cache_jl_L262           
      0.1         13984238        240      58267.7      58639.0      55423      66911       1986.4  update_diffusion_jacobian__FILE_ClimaAtmos_jl_mod_src_prognostic_equations_implicit_manual_sparse_j…
      0.1         13873883        240      57807.8      57631.0      57376      66879       1180.2  update_sgs_massflux_jacobian__FILE_ClimaAtmos_jl_mod_src_prognostic_equations_implicit_manual_spars…
      0.1         13483506        240      56181.3      55167.5      54783      59552       1318.4  update_diffusion_jacobian__FILE_ClimaAtmos_jl_mod_src_prognostic_equations_implicit_manual_sparse_j…
      0.1         13311684        240      55465.3      55296.0      54879      65023       1223.2  surface_flux_tendency__FILE_ClimaAtmos_jl_mod_src_prognostic_equations_surface_flux_jl_L116         
      0.1         13171699        240      54882.1      54751.0      54304      63840       1165.8  edmfx_sgs_diffusive_flux_tendency__FILE_ClimaAtmos_jl_mod_src_prognostic_equations_edmfx_sgs_flux_j…
      0.1         13095763        240      54565.7      54431.0      51583      59584       1271.9  update_advection_jacobian__FILE_ClimaAtmos_jl_mod_src_prognostic_equations_implicit_manual_sparse_j…
      0.1         12951310        240      53963.8      53792.0      53407      64383       1340.9  update_sgs_massflux_jacobian__FILE_ClimaAtmos_jl_mod_src_prognostic_equations_implicit_manual_spars…
      0.1         12694226        240      52892.6      52799.0      51616      59519        947.8  _VanLeer_gradient__FILE_ClimaAtmos_jl_mod_src_prognostic_equations_eddy_diffusion_closures_jl_L517  
      0.1         12526993        240      52195.8      52384.0      45696      55808       1608.1  update_sgs_massflux_jacobian__FILE_ClimaAtmos_jl_mod_src_prognostic_equations_implicit_manual_spars…
      0.1         12285135       3120       3937.5       3776.0       3136       6464        501.5  lsm_radiant_energy_fluxes__NVTX                                                                     
      0.1         12280727        480      25584.8      26207.5      21663      33440       2272.8  edmfx_sgs_diffusive_flux_tendency__FILE_ClimaAtmos_jl_mod_src_prognostic_equations_edmfx_sgs_flux_j…
      0.1         12241745        240      51007.3      51215.5      48895      54752       1353.3  update_advection_jacobian__FILE_ClimaAtmos_jl_mod_src_prognostic_equations_implicit_manual_sparse_j…
      0.1         11688017        480      24350.0      24368.0      21248      31872       1766.3  edmfx_sgs_diffusive_flux_tendency__FILE_ClimaAtmos_jl_mod_src_prognostic_equations_edmfx_sgs_flux_j…
      0.1         11662636       4560       2557.6       2400.0       2336       3936        230.8  regrid_OGW_info_FILE_ClimaAtmos_jl_mod_src_parameterized_tendencies_gravity_wave_drag_orographic_gr…
      0.1         11662233        480      24296.3      24256.0      23712      29600        690.2  update_diffusion_jacobian__FILE_ClimaAtmos_jl_mod_src_prognostic_equations_implicit_manual_sparse_j…
      0.0         11519648        240      47998.5      47807.0      47487      59136       1391.4  update_advection_jacobian__FILE_ClimaAtmos_jl_mod_src_prognostic_equations_implicit_manual_sparse_j…
      0.0         11468582        240      47785.8      47983.5      41247      53088       1814.4  update_sgs_massflux_jacobian__FILE_ClimaAtmos_jl_mod_src_prognostic_equations_implicit_manual_spars…
      0.0         11226296        240      46776.2      46560.0      45280      57983       1754.2  compute_fractional_absorbances__FILE_ClimaLand_olfEs_src_standalone_Vegetation_radiation_jl_L501    
      0.0         11075477        240      46147.8      46239.0      43680      49695       1185.4  update_advection_jacobian__FILE_ClimaAtmos_jl_mod_src_prognostic_equations_implicit_manual_sparse_j…
      0.0         11073085        240      46137.9      45983.0      45184      53983       1063.6  set_microphysics_tendency_cache__FILE_ClimaAtmos_jl_mod_src_cache_microphysics_cache_jl_L999        
      0.0         11070981        960      11532.3      12064.0       6944      17152       4290.9  boundary_flux__FILE_ClimaLand_olfEs_src_standalone_Soil_Biogeochemistry_Biogeochemistry_jl_L945     
      0.0         11059836       2160       5120.3       5184.0       4288       6464        309.4  check_land_equality_FILE_ClimaLand_olfEs_src_shared_utilities_utils_jl_L59                          
      0.0         10930534        240      45543.9      45663.0      42080      49247       1444.4  update_diffusion_jacobian__FILE_ClimaAtmos_jl_mod_src_prognostic_equations_implicit_manual_sparse_j…
      0.0         10900222        240      45417.6      45216.0      44896      54975       1237.2  update_sedimentation_jacobian__FILE_ClimaAtmos_jl_mod_src_prognostic_equations_implicit_manual_spar…
      0.0         10883964        240      45349.8      45184.0      44479      53632       1116.1  set_microphysics_tendency_cache__FILE_ClimaAtmos_jl_mod_src_cache_microphysics_cache_jl_L1000       
      0.0         10824663        480      22551.4      22464.0      22048      26976        590.6  edmfx_sgs_diffusive_flux_tendency__FILE_ClimaAtmos_jl_mod_src_prognostic_equations_edmfx_sgs_flux_j…
      0.0         10616553        240      44235.6      44064.0      43519      52000       1018.0  update_advection_jacobian__FILE_ClimaAtmos_jl_mod_src_prognostic_equations_implicit_manual_sparse_j…
      0.0         10387910        240      43283.0      43199.0      42175      53504       1298.2  edmfx_pressure_drag_tke_source__FILE_ClimaAtmos_jl_mod_src_prognostic_equations_edmfx_tke_jl_L107   
      0.0         10132830        480      21110.1      21151.0      20000      24031        786.5  _kappa_m_field__FILE_ClimaAtmos_jl_mod_src_prognostic_equations_implicit_manual_sparse_jacobian_jl_…
      0.0          9952139       2880       3455.6       3392.0       2368       6016        685.8  remap__NVTX                                                                                         
      0.0          9888003        240      41200.0      41056.0      40640      48287        903.8  update_sgs_massflux_jacobian__FILE_ClimaAtmos_jl_mod_src_prognostic_equations_implicit_manual_spars…
      0.0          9844392        480      20509.2      20416.0      20223      24928        553.9  update_advection_jacobian__FILE_ClimaAtmos_jl_mod_src_prognostic_equations_implicit_manual_sparse_j…
      0.0          9842564        720      13670.2      13632.0      13151      15328        257.4  edmfx_sgs_mass_flux_tendency__FILE_ClimaAtmos_jl_mod_src_prognostic_equations_edmfx_sgs_flux_jl_L80 
      0.0          9816683        240      40902.8      40831.0      40352      45056        552.0  update_sgs_massflux_jacobian__FILE_ClimaAtmos_jl_mod_src_prognostic_equations_implicit_manual_spars…
      0.0          9549354        240      39789.0      39776.0      37599      50367       1401.7  edmfx_sgs_vertical_advection_tendency__FILE_ClimaAtmos_jl_mod_src_prognostic_equations_advection_jl…
      0.0          9457477        240      39406.2      39696.0      35391      42592       1276.0  update_advection_jacobian__FILE_ClimaAtmos_jl_mod_src_prognostic_equations_implicit_manual_sparse_j…
      0.0          9340764        720      12973.3      12928.0      12703      16096        399.6  update_sedimentation_jacobian__FILE_ClimaAtmos_jl_mod_src_prognostic_equations_implicit_manual_spar…
      0.0          8792558        240      36635.7      35823.5      34112      52480       2501.7  update_diffusion_jacobian__FILE_ClimaAtmos_jl_mod_src_prognostic_equations_implicit_manual_sparse_j…
      0.0          8779226        360      24386.7      24128.0      23648      25792        559.5  set_microphysics_tendency_cache__FILE_ClimaAtmos_jl_mod_src_cache_microphysics_cache_jl_L998        
      0.0          8482957       1440       5890.9       5824.0       5408       7008        252.5  set_velocity_at_surface__FILE_ClimaAtmos_jl_mod_src_cache_precomputed_quantities_jl_L484            
      0.0          8358077        240      34825.3      34720.0      34399      40384        713.2  edmfx_sgs_vertical_advection_tendency__FILE_ClimaAtmos_jl_mod_src_prognostic_equations_advection_jl…
      0.0          8314450        720      11547.8      11488.0      11072      14240        411.5  source__FILE_ClimaLand_olfEs_src_standalone_Soil_Runoff_Runoff_jl_L355                              
      0.0          7939450        480      16540.5      17088.0      12992      23263       3122.5  enforce_grid_mean_microphysics_constraints__FILE_ClimaAtmos_jl_mod_src_prognostic_equations_mass_fl…
      0.0          7893630        240      32890.1      32751.5      32256      39647        893.4  update_advection_jacobian__FILE_ClimaAtmos_jl_mod_src_prognostic_equations_implicit_manual_sparse_j…
      0.0          7792686       1680       4638.5       4096.0       3200       7360       1328.2  gpu_broadcast_kernel_linear(CompilerMetadata<DynamicSize, DynamicCheck, void, CartesianIndices<(int…
      0.0          7741365        240      32255.7      32159.0      31904      38592        795.8  solve_sgs_u__implicit_stage_analytic__FILE_ClimaAtmos_jl_mod_src_prognostic_equations_implicit_init…
      0.0          7738688       1440       5374.1       5344.0       4800       6879        246.7  set_velocity_at_surface__FILE_ClimaAtmos_jl_mod_src_cache_precomputed_quantities_jl_L488            
      0.0          7584409        240      31601.7      31488.0      31168      37792        746.9  edmfx_tke_sources__FILE_ClimaAtmos_jl_mod_src_prognostic_equations_edmfx_tke_jl_L74                 
      0.0          7386848        240      30778.5      30624.0      30048      37376        872.9  solve_sgs_u__implicit_stage_analytic__FILE_ClimaAtmos_jl_mod_src_prognostic_equations_implicit_init…
      0.0          7348545        240      30618.9      30464.0      30207      37279        848.2  solve_sgs_u__implicit_stage_analytic__FILE_ClimaAtmos_jl_mod_src_prognostic_equations_implicit_init…
      0.0          7345763         90      81619.6      80975.0      75584      95327       3763.8  update_aerosol_concentrations__FILE_ClimaAtmos_jl_mod_src_parameterized_tendencies_radiation_update…
      0.0          7018555        240      29244.0      29088.0      28800      34080        721.6  update_diffusion_jacobian__FILE_ClimaAtmos_jl_mod_src_prognostic_equations_implicit_manual_sparse_j…
      0.0          6919555        240      28831.5      28511.5      27392      35200       1098.0  update_diffusion_jacobian__FILE_ClimaAtmos_jl_mod_src_prognostic_equations_implicit_manual_sparse_j…
      0.0          6881801        240      28674.2      28576.0      28031      31520        490.0  edmfx_sgs_mass_flux_tendency__FILE_ClimaAtmos_jl_mod_src_prognostic_equations_edmfx_sgs_flux_jl_L67 
      0.0          6676520        240      27818.8      27712.0      27360      33695        763.9  solve_sgs_u__implicit_stage_analytic__FILE_ClimaAtmos_jl_mod_src_prognostic_equations_implicit_init…
      0.0          6483265        240      27013.6      26912.0      26720      32896        768.5  edmfx_tke_sources__FILE_ClimaAtmos_jl_mod_src_prognostic_equations_edmfx_tke_jl_L76                 
      0.0          6457385       2286       2824.8       2912.0       2367       3712        269.6  set_insolation_variables__FILE_ClimaAtmos_jl_mod_src_callbacks_callbacks_jl_L274                    
      0.0          6243786        240      26015.8      25952.0      23104      29856       1261.9  update_advection_jacobian__FILE_ClimaAtmos_jl_mod_src_prognostic_equations_implicit_manual_sparse_j…
      0.0          6190471        480      12896.8      12863.5      12575      16128        441.4  update_sedimentation_jacobian__FILE_ClimaAtmos_jl_mod_src_prognostic_equations_implicit_manual_spar…
      0.0          6157577        240      25656.6      25567.0      24992      30784        697.0  initialize_implicit_stage_problem__FILE_ClimaAtmos_jl_mod_src_prognostic_equations_implicit_initial…
      0.0          6049129        240      25204.7      25120.0      24895      29920        607.4  solve_sgs_u__implicit_stage_analytic__FILE_ClimaAtmos_jl_mod_src_prognostic_equations_implicit_init…
      0.0          5884594        240      24519.1      24416.0      24032      30111        724.9  solve_sgs_u__implicit_stage_analytic__FILE_ClimaAtmos_jl_mod_src_prognostic_equations_implicit_init…
      0.0          5784561       1800       3213.6       3168.0       2848       4288        213.1  update_flux_fields__FILE_ClimaCoupler_jl_mod_src_FluxCalculator_jl_L519                             
      0.0          5665811       2400       2360.8       2336.0       2271       3104        104.4  import_atmos_fields__FILE_ClimaCoupler_jl_mod_ext_ClimaCouplerClimaLandExt_climaland_integrated_jl_…
      0.0          5442420        240      22676.8      22592.0      21664      27552        633.5  initialize_implicit_stage_problem__FILE_ClimaAtmos_jl_mod_src_prognostic_equations_implicit_initial…
      0.0          5418262        120      45152.2      44991.0      44416      54047       1155.7  set_microphysics_tendency_cache__FILE_ClimaAtmos_jl_mod_src_cache_microphysics_cache_jl_L1001       
      0.0          5376374        480      11200.8      11200.0      10624      13632        354.6  __p__q_tot_field__FILE_ClimaAtmos_jl_mod_src_prognostic_equations_implicit_manual_sparse_jacobian_j…
      0.0          5348009        120      44566.7      44399.5      43616      53056       1148.6  set_microphysics_tendency_cache__FILE_ClimaAtmos_jl_mod_src_cache_microphysics_cache_jl_L1002       
      0.0          5264053        840       6266.7       6240.0       5984       7648        182.6  set_precipitation_surface_fluxes__FILE_ClimaAtmos_jl_mod_src_cache_microphysics_cache_jl_L1353      
      0.0          5247471       1560       3363.8       3200.0       2720       5248        475.0  update_boundary_fluxes__NVTX                                                                        
      0.0          5210985        240      21712.4      21632.0      21088      26335        605.4  update_advection_jacobian__FILE_ClimaAtmos_jl_mod_src_prognostic_equations_implicit_manual_sparse_j…
      0.0          5161808       1440       3584.6       3552.0       3456       4608        146.7  check_land_equality_FILE_ClimaLand_olfEs_src_shared_utilities_utils_jl_L57                          
      0.0          5133033        480      10693.8      10687.0      10048      12608        318.4  non_orographic_gravity_wave_apply_tendency__FILE_ClimaAtmos_jl_mod_src_parameterized_tendencies_gra…
      0.0          5075958        360      14099.9      14048.0      13504      16288        336.8  _FILE_ClimaAtmos_jl_mod_src_prognostic_equations_eddy_diffusion_closures_jl_L683                    
      0.0          5023667        240      20931.9      20864.0      20288      25536        622.0  initialize_implicit_stage_problem__FILE_ClimaAtmos_jl_mod_src_prognostic_equations_implicit_initial…
      0.0          4833492        240      20139.5      21375.5      17919      24256       1878.2  enforce_grid_mean_microphysics_constraints__FILE_ClimaAtmos_jl_mod_src_prognostic_equations_mass_fl…
      0.0          4712149        240      19634.0      19552.0      19135      24128        575.9  enforce_grid_mean_microphysics_constraints__FILE_ClimaAtmos_jl_mod_src_prognostic_equations_mass_fl…
      0.0          4629588        240      19290.0      19200.0      18688      22944        519.3  implicit_vertical_advection_tendency__FILE_ClimaAtmos_jl_mod_src_prognostic_equations_implicit_impl…
      0.0          4628921        240      19287.2      19215.5      18656      23424        566.8  solve_sgs__a_implicit_stage_analytic__FILE_ClimaAtmos_jl_mod_src_prognostic_equations_implicit_init…
      0.0          4526713        360      12574.2      12512.0      12064      16127        561.3  gpu_broadcast_kernel_cartesian(CompilerMetadata<DynamicSize, DynamicCheck, void, CartesianIndices<(…
      0.0          4458133        360      12383.7       4960.0       4704      32768      10563.4  update_root_extraction__NVTX                                                                        
      0.0          4382937        360      12174.8      12128.0      11552      14208        289.9  set_covariance_cache__FILE_ClimaAtmos_jl_mod_src_parameterized_tendencies_microphysics_cloud_fracti…
      0.0          4294873        240      17895.3      17824.0      17216      20928        475.1  solve_sgs_u__implicit_stage_analytic__FILE_ClimaAtmos_jl_mod_src_prognostic_equations_implicit_init…
      0.0          4261718        480       8878.6       9040.0       7232      11168       1445.0  edmfx_boundary_condition_tendency__FILE_ClimaAtmos_jl_mod_src_prognostic_equations_edmfx_boundary_c…
      0.0          4016867        360      11158.0      11119.5      10624      13088        275.2  set_covariance_cache__FILE_ClimaAtmos_jl_mod_src_parameterized_tendencies_microphysics_cloud_fracti…
      0.0          3941829       1200       3284.9       3168.0       3103       4672        252.8  update_flux_fields__FILE_ClimaCoupler_jl_mod_src_FluxCalculator_jl_L501                             
      0.0          3906776        240      16278.2      16223.0      16032      19616        431.4  compute_field__FILE_ClimaDiagnostics_Q9hyU_src_clima_diagnostics_jl_L303                            
      0.0          3694472        480       7696.8       7680.0       7168       9216        342.6  boundary_flux__FILE_ClimaLand_olfEs_src_standalone_Soil_Biogeochemistry_Biogeochemistry_jl_L933     
      0.0          3661155        120      30509.6      30400.0      29824      36928        861.1  set_microphysics_tendency_cache__FILE_ClimaAtmos_jl_mod_src_cache_microphysics_cache_jl_L1023       
      0.0          3654837        240      15228.5      15168.0      14560      18656        432.0  solve_sgs__a_implicit_stage_analytic__FILE_ClimaAtmos_jl_mod_src_prognostic_equations_implicit_init…
      0.0          3544608        480       7384.6       7360.0       7007       8448        182.7  boundary_flux__FILE_ClimaLand_olfEs_src_standalone_Soil_Biogeochemistry_Biogeochemistry_jl_L1086    
      0.0          3525663        240      14690.3      15072.0       9632      20224       4405.9  set_edmfx_surface_conditions__FILE_ClimaAtmos_jl_mod_src_prognostic_equations_edmfx_boundary_condit…
      0.0          3476034       1080       3218.6       3200.0       3136       4096        126.8  combine_surfaces__FILE_ClimaCoupler_jl_mod_src_FieldExchanger_jl_L408                               
      0.0          3284193        960       3421.0       3264.0       2848       4640        444.3  boundary_fields_FILE_ClimaCoupler_jl_mod_src_SimCoordinator_jl_L204                                 
      0.0          3207332        240      13363.9      13312.0      12832      15552        349.6  solve_sgs_u__implicit_stage_analytic__FILE_ClimaAtmos_jl_mod_src_prognostic_equations_implicit_init…
      0.0          3185415        120      26545.1      26464.0      25344      30112        683.3  enforce_edmf_updraft_constraints__FILE_ClimaAtmos_jl_mod_src_prognostic_equations_mass_flux_closure…
      0.0          3179686        240      13248.7      13216.0      12832      15104        297.9  solve_sgs_u__implicit_stage_analytic__FILE_ClimaAtmos_jl_mod_src_prognostic_equations_implicit_init…
      0.0          3055750        240      12732.3      12672.0      12352      15648        365.1  sgs__a_implicit_tendency__FILE_ClimaAtmos_jl_mod_src_prognostic_equations_implicit_initialize_impli…
      0.0          2880261        360       8000.7       7872.0       7616       9696        320.8  update_imp_aux__NVTX                                                                                
      0.0          2798791        240      11661.6      11616.0      11168      14367        380.6  initialize_implicit_stage_problem__FILE_ClimaAtmos_jl_mod_src_prognostic_equations_implicit_initial…
      0.0          2601290         12     216774.2     216494.0     214590     220222       1757.6  gpu_permutedims_kernel_(CompilerMetadata<DynamicSize, DynamicCheck, void, CartesianIndices<(int)3, …
      0.0          2577578        360       7159.9       3424.0       3200      15840       5324.1  orchestrate_diagnostics_NVTX                                                                        
      0.0          2557455        240      10656.1      10624.0      10304      12480        269.3  sgs_u__implicit_tendency__FILE_ClimaAtmos_jl_mod_src_prognostic_equations_implicit_initialize_impli…
      0.0          2498883        960       2603.0       2560.0       2432       3360        104.0  copyto__FILE_ClimaCore_jl_mod_src_Fields_broadcast_jl_L377                                          
      0.0          2420736        120      20172.8      20096.0      19904      24864        603.2  enforce_edmf_updraft_constraints__FILE_ClimaAtmos_jl_mod_src_prognostic_equations_mass_flux_closure…
      0.0          2418956        480       5039.5       4832.0       4672       6816        397.7  dss__FILE_ClimaCore_jl_mod_src_Topologies_dss_jl_L417                                               
      0.0          2372687        120      19772.4      19680.0      19327      22080        384.5  set_edmfx_surface_conditions__FILE_ClimaAtmos_jl_mod_src_prognostic_equations_edmfx_boundary_condit…
      0.0          2316194        720       3216.9       3200.0       3007       4544        217.3  update_implicit_boundary_fluxes__FILE_ClimaLand_olfEs_src_standalone_Vegetation_canopy_energy_jl_L1…
      0.0          2272654        960       2367.3       2383.5       2271       3008        105.6  ClimaAtmosSimulation_FILE_ClimaCoupler_jl_mod_ext_ClimaCouplerClimaAtmosExt_jl_L110                 
      0.0          2203146        120      18359.5      18352.0      17824      19775        306.5  set_microphysics_tendency_cache__FILE_ClimaAtmos_jl_mod_src_cache_microphysics_cache_jl_L1022       
      0.0          2124040         74      28703.2      47999.0       4160      49727      21872.3  interpolate__FILE_ClimaCore_jl_mod_src_Remapping_distributed_remapping_jl_L1270                     
      0.0          2102923        120      17524.4      17456.0      17056      19584        344.9  enforce_edmf_updraft_constraints__FILE_ClimaAtmos_jl_mod_src_prognostic_equations_mass_flux_closure…
      0.0          2077176        120      17309.8      17280.0      16736      18624        323.7  update_turbulent_fluxes__FILE_ClimaCoupler_jl_mod_ext_ClimaCouplerClimaAtmosExt_jl_L507             
      0.0          2041676         84      24305.7      24095.5      23679      26112        596.3  gpu_broadcast_kernel_cartesian(CompilerMetadata<DynamicSize, DynamicCheck, void, CartesianIndices<(…
      0.0          1991818        120      16598.5      16480.0      16191      20095        553.3  soil_infiltration_capacity_FILE_ClimaLand_olfEs_src_standalone_Soil_Runoff_Runoff_jl_L404           
      0.0          1916334         84      22813.5      22799.5      22015      23712        288.1  gpu_broadcast_kernel_cartesian(CompilerMetadata<DynamicSize, DynamicCheck, void, CartesianIndices<(…
      0.0          1896402        126      15050.8      15040.0      14272      18368        446.5  _FILE_ClimaAtmos_jl_mod_src_setups_common_overwrite_from_file_jl_L72                                
      0.0          1815409        600       3025.7       2912.0       2879       4256        232.3  compute_surface_fluxes__FILE_ClimaCoupler_jl_mod_ext_ClimaCouplerClimaLandExt_climaland_integrated_…
      0.0          1739825        120      14498.5      14432.0      14048      17152        385.7  set_covariance_cache_and_cloud_fraction__FILE_ClimaAtmos_jl_mod_src_parameterized_tendencies_microp…
      0.0          1680365        120      14003.0      13888.0      13312      17024        520.7  compute_soilo2__FILE_ClimaLand_olfEs_src_diagnostics_land_compute_methods_jl_L665                   
      0.0          1661876        240       6924.5       7440.0       5632       9664       1248.3  component_specific_humidity_FILE_ClimaLand_olfEs_src_standalone_Soil_energy_hydrology_jl_L1020      
      0.0          1593648        360       4426.8       4384.0       4255       5440        167.3  compute_imp_tendency__FILE_ClimaLand_olfEs_src_standalone_Vegetation_canopy_energy_jl_L174          
      0.0          1581744        240       6590.6       6560.0       6304       7328        153.2  update_sgs_boundary_condition_jacobian__FILE_ClimaAtmos_jl_mod_src_prognostic_equations_implicit_ma…
      0.0          1567413        120      13061.8      12911.5      12415      14400        489.9  set_edmfx_surface_conditions__FILE_ClimaAtmos_jl_mod_src_prognostic_equations_edmfx_boundary_condit…
      0.0          1558709        120      12989.2      12895.5      12608      16128        513.7  update_photosynthesis__FILE_ClimaLand_olfEs_src_standalone_Vegetation_pmodel_jl_L798                
      0.0          1522389        120      12686.6      12672.0      12192      14368        298.4  enforce_edmf_updraft_constraints__FILE_ClimaAtmos_jl_mod_src_prognostic_equations_mass_flux_closure…
      0.0          1518514        360       4218.1       4128.0       3456       5984        487.0  snow_boundary_fluxes__NVTX                                                                          
      0.0          1507604        240       6281.7       6800.0       5215       8735        994.9  update_soil_snow_ground_heat_flux__NVTX                                                             
      0.0          1481560        360       4115.4       4096.0       4032       5344        160.0  set_eff_land_radiation_properties__FILE_ClimaLand_olfEs_src_integrated_land_radiation_jl_L14        
      0.0          1471379        216       6811.9       2880.0       2847      12640       4410.3  _FILE_ClimaUtilities_2GLZR_ext_TimeVaryingInputsExt_jl_L427                                         
      0.0          1458997        480       3039.6       3008.0       2976       3776        115.9  ice_rhs__FILE_ClimaCoupler_jl_mod_src_Models_prescr_seaice_jl_L490                                  
      0.0          1446739        480       3014.0       3008.0       2943       3744        113.7  ice_rhs__FILE_ClimaCoupler_jl_mod_src_Models_prescr_seaice_jl_L487                                  
      0.0          1435500        360       3987.5       3968.0       3840       5120        154.6  compute_jacobian__FILE_ClimaLand_olfEs_src_standalone_Vegetation_canopy_energy_jl_L246              
      0.0          1432080        360       3978.0       3936.0       3872       5024        158.8  combine_surfaces__FILE_ClimaCoupler_jl_mod_src_FieldExchanger_jl_L436                               
      0.0          1424339        360       3956.5       3936.0       3776       4864        144.8  single_field_solve__FILE_ClimaCore_jl_mod_src_MatrixFields_single_field_solver_jl_L46               
      0.0          1410962        480       2939.5       2816.0       2783       4000        219.9  _FILE_ClimaCoupler_jl_mod_src_Models_prescr_seaice_jl_L272                                          
      0.0          1364469        480       2842.6       2784.0       2751       3616        134.1  _FILE_ClimaCoupler_jl_mod_src_Models_prescr_seaice_jl_L266                                          
      0.0          1358069        240       5658.6       5824.0       5120       7199        430.4  gpu_getindex_kernel(CompilerMetadata<DynamicSize, DynamicCheck, void, CartesianIndices<(int)1, Tupl…
      0.0          1329653        240       5540.2       5504.0       5408       6784        175.0  precomputed_quantities_FILE_ClimaAtmos_jl_mod_src_cache_precomputed_quantities_jl_L268              
      0.0          1326803        240       5528.3       5504.0       5375       6944        182.2  solve_sgs_u__implicit_stage_analytic__FILE_ClimaAtmos_jl_mod_src_prognostic_equations_implicit_init…
      0.0          1316787        240       5486.6       5472.0       5312       6784        171.2  solve_sgs_u__implicit_stage_analytic__FILE_ClimaAtmos_jl_mod_src_prognostic_equations_implicit_init…
      0.0          1273653        480       2653.4       2624.0       2591       3328        102.6  _FILE_ClimaCoupler_jl_mod_src_Models_prescr_seaice_jl_L269                                          
      0.0          1268306        360       3523.1       3488.0       3328       4384        140.5  set_eff_land_radiation_properties__FILE_ClimaLand_olfEs_src_integrated_land_radiation_jl_L12        
      0.0          1268276        120      10569.0      10528.0      10112      12768        338.0  set_edmfx_surface_conditions__FILE_ClimaAtmos_jl_mod_src_prognostic_equations_edmfx_boundary_condit…
      0.0          1245396        240       5189.1       5440.0       3424       8256       1612.9  soil_boundary_fluxes__NVTX                                                                          
      0.0          1200598          2     600299.0     600299.0     597915     602683       3371.5  calc_saturation_profile__FILE_ClimaAtmos_jl_mod_src_parameterized_tendencies_gravity_wave_drag_orog…
      0.0          1189938        360       3305.4       3296.0       3136       4096        122.6  compute_jacobian__FILE_ClimaLand_olfEs_src_standalone_Vegetation_canopy_energy_jl_L245              
      0.0          1184473        120       9870.6       9824.0       9600      12032        351.7  update_photosynthesis__FILE_ClimaLand_olfEs_src_standalone_Vegetation_pmodel_jl_L812                
      0.0          1121684        120       9347.4       9312.0       8896      11200        327.7  update_infiltration_water_flux__FILE_ClimaLand_olfEs_src_standalone_Soil_Runoff_Runoff_jl_L249      
      0.0          1093817        240       4557.6       4576.0       4224       5856        236.5  update_albedo__FILE_ClimaLand_olfEs_src_standalone_Soil_soil_albedo_jl_L193                         
      0.0          1091517        240       4548.0       4512.0       4416       5440        130.1  solve_sgs__a_implicit_stage_analytic__FILE_ClimaAtmos_jl_mod_src_prognostic_equations_implicit_init…
      0.0          1078266        360       2995.2       2976.0       2752       3840        141.2  compute_exp_tendency__NVTX                                                                          
      0.0           970139        240       4042.2       4032.0       3840       5024        165.0  compute_sensible_heat_flux__FILE_ClimaLand_olfEs_src_diagnostics_land_compute_methods_jl_L1089      
      0.0           918227        240       3825.9       3808.0       3775       4704        115.4  compute_surface_fluxes__NVTX                                                                        
      0.0           908792        120       7573.3       7552.0       7264       8832        226.1  compute_10cm_water_mass__FILE_ClimaLand_olfEs_src_diagnostics_land_compute_methods_jl_L593          
      0.0           895831         66      13573.2      13408.0      12480      15616        753.8  update_cloud_properties__FILE_ClimaAtmos_jl_mod_src_parameterized_tendencies_radiation_update_input…
      0.0           879991        120       7333.3       7296.0       7200       8992        266.7  update_SIF__FILE_ClimaLand_olfEs_src_standalone_Vegetation_solar_induced_fluorescence_jl_L92        
      0.0           867859        120       7232.2       7200.0       7040       8736        255.1  update_infiltration_water_flux__FILE_ClimaLand_olfEs_src_standalone_Soil_Runoff_Runoff_jl_L261      
      0.0           827897          6     137982.8     137838.5     136831     139647       1213.4  update_cloud_properties__FILE_ClimaAtmos_jl_mod_src_parameterized_tendencies_radiation_update_input…
      0.0           827000        120       6891.7       6880.0       6656       7872        180.7  linear_interpolation_to_surface__FILE_ClimaLand_olfEs_src_shared_utilities_Domains_jl_L1026         
      0.0           821944        240       3424.8       3392.0       3231       4320        147.2  update_ground_albedo_PAR__FILE_ClimaLand_olfEs_src_integrated_land_jl_L1109                         
      0.0           807604         40      20190.1      20192.0      20000      20288         61.5  gpu_broadcast_kernel_cartesian(CompilerMetadata<DynamicSize, DynamicCheck, void, CartesianIndices<(…
      0.0           803927        240       3349.7       3328.0       3168       4128        130.6  compute_total_respiration__FILE_ClimaLand_olfEs_src_diagnostics_land_compute_methods_jl_L1008       
      0.0           789270        240       3288.6       3264.0       3008       3936        104.8  _FILE_ClimaAtmos_jl_mod_src_prognostic_equations_surface_flux_jl_L127                               
      0.0           777628        240       3240.1       3264.0       3071       4096        169.7  update_turbulent_fluxes__FILE_ClimaCoupler_jl_mod_ext_ClimaCouplerClimaAtmosExt_jl_L516             
      0.0           764987        240       3187.4       3168.0       3039       4159        175.7  canopy_boundary_fluxes__NVTX                                                                        
      0.0           764441        240       3185.2       3168.0       3104       3808         97.9  solve_sgs__a_implicit_stage_analytic__FILE_ClimaAtmos_jl_mod_src_prognostic_equations_implicit_init…
      0.0           764408        272       2810.3       2960.0       2431       3840        332.4  compute_PAR__FILE_ClimaLand_olfEs_src_standalone_Vegetation_radiation_jl_L163                       
      0.0           739093        120       6159.1       6112.0       5951       7392        213.3  get_residual_melt_flux_FILE_ClimaLand_olfEs_src_standalone_Snow_snow_parameterizations_jl_L1089     
      0.0           722460        120       6020.5       5984.0       5760       7488        230.9  maximum_FILE_ClimaCore_jl_mod_src_Fields_mapreduce_jl_L83                                           
      0.0           720091        120       6000.8       5967.5       5792       7200        209.7  compute_exp_tendency__FILE_ClimaLand_olfEs_src_standalone_Vegetation_pmodel_jl_L756                 
      0.0           716409        120       5970.1       5888.0       5760       9984        453.3  minimum_FILE_ClimaCore_jl_mod_src_Fields_mapreduce_jl_L95                                           
      0.0           606266        120       5052.2       5024.0       4800       6144        188.4  update_infiltration_water_flux__FILE_ClimaLand_olfEs_src_standalone_Soil_Runoff_Runoff_jl_L252      
      0.0           594652        120       4955.4       4928.0       4832       6080        187.1  compute_10cm_water_mass__FILE_ClimaLand_olfEs_src_diagnostics_land_compute_methods_jl_L606          
      0.0           587067        120       4892.2       4864.0       4704       6048        186.0  component_specific_humidity_FILE_ClimaLand_olfEs_src_standalone_Snow_snow_parameterizations_jl_L158 
      0.0           583256        120       4860.5       4832.0       4768       5856        164.9  update_turbulent_fluxes__FILE_ClimaCoupler_jl_mod_ext_ClimaCouplerClimaAtmosExt_jl_L532             
      0.0           571416        240       2380.9       2432.0       2239       3104        134.9  init_sfc_conditions_zero__FILE_ClimaAtmos_jl_mod_src_surface_conditions_surface_conditions_jl_L142  
      0.0           570553        240       2377.3       2399.0       2303       2976        101.5  update_bf__FILE_ClimaLand_olfEs_src_standalone_Soil_Biogeochemistry_Biogeochemistry_jl_L437         
      0.0           564315         12      47026.3      47071.5      46143      48224        613.3  gpu_permutedims_kernel_(CompilerMetadata<DynamicSize, DynamicCheck, void, CartesianIndices<(int)2, …
      0.0           558395        120       4653.3       4640.0       4512       5344        128.6  get_update_surface_humidity_function_FILE_ClimaLand_olfEs_src_standalone_Soil_energy_hydrology_jl_L…
      0.0           555197        120       4626.6       4608.0       4512       5664        165.9  update_field__FILE_ClimaCoupler_jl_mod_ext_ClimaCouplerClimaAtmosExt_jl_L400                        
      0.0           548764        120       4573.0       4544.0       4448       5760        186.3  update_snow_cover_fraction__FILE_ClimaLand_olfEs_src_standalone_Snow_snow_parameterizations_jl_L73  
      0.0           533245        120       4443.7       4416.0       4256       5280        141.0  get_update_surface_humidity_function_FILE_ClimaLand_olfEs_src_standalone_Soil_energy_hydrology_jl_L…
      0.0           525343        120       4377.9       4352.0       4224       5248        146.6  compute_evapotranspiration__FILE_ClimaLand_olfEs_src_diagnostics_land_compute_methods_jl_L961       
      0.0           503387         12      41948.9      41967.5      41120      42847        575.2  update_cloud_properties__FILE_ClimaAtmos_jl_mod_src_parameterized_tendencies_radiation_update_input…
      0.0           491995        120       4100.0       4064.0       3935       5056        154.2  compute_exp_tendency__FILE_ClimaLand_olfEs_src_standalone_Vegetation_plant_hydraulics_jl_L401       
      0.0           481564        120       4013.0       4000.0       3840       4672        123.1  get_update_surface_humidity_function_FILE_ClimaLand_olfEs_src_standalone_Soil_energy_hydrology_jl_L…
      0.0           469693        120       3914.1       3872.0       3807       4800        154.0  update_autotrophic_respiration__FILE_ClimaLand_olfEs_src_standalone_Vegetation_autotrophic_respirat…
      0.0           468283        120       3902.4       3872.0       3776       4768        140.7  update_turbulent_fluxes__FILE_ClimaCoupler_jl_mod_ext_ClimaCouplerClimaAtmosExt_jl_L550             
      0.0           462363        120       3853.0       3840.0       3807       4768        145.0  update_field__FILE_ClimaCoupler_jl_mod_ext_ClimaCouplerClimaAtmosExt_jl_L413                        
      0.0           430560        120       3588.0       3584.0       3424       4416        141.8  update_snow_albedo__FILE_ClimaLand_olfEs_src_standalone_Snow_snow_parameterizations_jl_L49          
      0.0           429470        120       3578.9       3552.0       3424       4384        133.2  update_turbulent_fluxes__FILE_ClimaCoupler_jl_mod_ext_ClimaCouplerClimaAtmosExt_jl_L530             
      0.0           422589        120       3521.6       3519.5       3424       4352        136.1  update_density_and_depth__FILE_ClimaLand_olfEs_src_standalone_Snow_snow_parameterizations_jl_L630   
      0.0           415292        120       3460.8       3424.0       3392       4288        131.1  combine_surfaces__FILE_ClimaCoupler_jl_mod_src_FieldExchanger_jl_L442                               
      0.0           409565        120       3413.0       3392.0       3232       4128        129.7  compute_precip__FILE_ClimaLand_olfEs_src_diagnostics_land_compute_methods_jl_L537                   
      0.0           405436        120       3378.6       3360.0       3200       4160        124.4  compute_net_ecosystem_exchange__FILE_ClimaLand_olfEs_src_diagnostics_land_compute_methods_jl_L133   
      0.0           403645         40      10091.1       8432.0       8160      19424       2610.6  average_pre_output_hook__FILE_ClimaDiagnostics_Q9hyU_src_DiagnosticVariables_jl_L122                
      0.0           398364        120       3319.7       3296.0       3264       4128        127.2  update_canopy_conductance__FILE_ClimaLand_olfEs_src_standalone_Vegetation_stomatalconductance_jl_L1…
      0.0           389405        120       3245.0       3232.0       3200       4000        122.3  gpu_broadcast_kernel_linear(CompilerMetadata<DynamicSize, DynamicCheck, void, CartesianIndices<(int…
      0.0           389341          2     194670.5     194670.5     194463     194878        293.4  calc_saturation_profile__FILE_ClimaAtmos_jl_mod_src_parameterized_tendencies_gravity_wave_drag_orog…
      0.0           381310        120       3177.6       3168.0       3136       3936        121.3  update_infiltration_water_flux__FILE_ClimaLand_olfEs_src_standalone_Soil_Runoff_Runoff_jl_L259      
      0.0           374718        120       3122.7       3104.0       3072       3872        118.1  update_turbulent_fluxes__FILE_ClimaCoupler_jl_mod_ext_ClimaCouplerClimaAtmosExt_jl_L554             
      0.0           369083        120       3075.7       3072.0       2944       3744        108.1  compute_canopy_transpiration__FILE_ClimaLand_olfEs_src_diagnostics_land_compute_methods_jl_L235     
      0.0           367965        120       3066.4       3040.0       2912       3808        127.7  update_hydraulics__FILE_ClimaLand_olfEs_src_standalone_Vegetation_plant_hydraulics_jl_L514          
      0.0           364511        120       3037.6       3008.0       2976       3776        114.8  compute_10cm_water_mass__FILE_ClimaLand_olfEs_src_diagnostics_land_compute_methods_jl_L609          
      0.0           364220        120       3035.2       3008.0       2976       3744        114.9  update_subsurface_energy_runoff__FILE_ClimaLand_olfEs_src_standalone_Soil_Runoff_Runoff_jl_L282     
      0.0           349148          6      58191.3      58143.0      57952      58463        227.0  gpu_broadcast_kernel_cartesian(CompilerMetadata<DynamicSize, DynamicCheck, void, CartesianIndices<(…
      0.0           346234        120       2885.3       2880.0       2848       3584        110.0  update_field__FILE_ClimaCoupler_jl_mod_ext_ClimaCouplerClimaLandExt_climaland_integrated_jl_L327    
      0.0           343710        120       2864.3       2848.0       2816       3552        108.1  update_density_and_depth__FILE_ClimaLand_olfEs_src_standalone_Snow_snow_parameterizations_jl_L629   
      0.0           343356          6      57226.0      56159.0      54976      60416       2517.9  non_orographic_gravity_wave_compute_tendency__FILE_ClimaAtmos_jl_mod_src_parameterized_tendencies_g…
      0.0           342782        120       2856.5       2848.0       2816       3520        108.1  gpu_broadcast_kernel_linear(CompilerMetadata<DynamicSize, DynamicCheck, void, CartesianIndices<(int…
      0.0           342588          6      57098.0      57327.0      56479      57440        434.2  update_relative_humidity__FILE_ClimaAtmos_jl_mod_src_parameterized_tendencies_radiation_update_inpu…
      0.0           340221        120       2835.2       2816.0       2784       3488        105.8  update_radiative_transfer__FILE_ClimaLand_olfEs_src_standalone_Vegetation_radiation_jl_L821         
      0.0           326238        120       2718.7       2720.0       2624       3360        105.6  update_surf_temp__FILE_ClimaLand_olfEs_src_standalone_Snow_snow_parameterizations_jl_L1027          
      0.0           318302        120       2652.5       2624.0       2592       3424        110.8  update_biomass__FILE_ClimaLand_olfEs_src_standalone_Vegetation_biomass_jl_L326                      
      0.0           317306        126       2518.3       2496.0       2432       3104         77.3  set_insolation_variables__FILE_ClimaAtmos_jl_mod_src_callbacks_callbacks_jl_L273                    
      0.0           315264        120       2627.2       2624.0       2592       3232         98.6  update_infiltration_water_flux__FILE_ClimaLand_olfEs_src_standalone_Soil_Runoff_Runoff_jl_L264      
      0.0           308573         12      25714.4      25727.5      20896      30592       4836.0  gpu_broadcast_kernel_cartesian(CompilerMetadata<DynamicSize, DynamicCheck, void, CartesianIndices<(…
      0.0           303261        120       2527.2       2527.0       2495       3136         97.5  update_snow_albedo__FILE_ClimaLand_olfEs_src_standalone_Snow_snow_parameterizations_jl_L52          
      0.0           258492          6      43082.0      43151.5      42655      43328        239.5  compute_col_gas_CUDA_(SubArray<Float32, (int)2, CuDeviceArray<Float32, (int)3, (int)1>, Tuple<Int64…
      0.0           231486         48       4822.6       4832.0       4512       5056        138.6  gpu_broadcast_kernel_linear(CompilerMetadata<DynamicSize, DynamicCheck, void, CartesianIndices<(int…
      0.0           219390          6      36565.0      36560.0      36415      36767        124.1  gpu_broadcast_kernel_cartesian(CompilerMetadata<DynamicSize, DynamicCheck, void, CartesianIndices<(…
      0.0           208285          4      52071.3      52175.5      49823      54111       2276.6  non_orographic_gravity_wave_compute_tendency__FILE_ClimaAtmos_jl_mod_src_parameterized_tendencies_g…
      0.0           207390         12      17282.5      17248.0      16096      18783       1166.2  update_volume_mixing_ratios__FILE_ClimaAtmos_jl_mod_src_parameterized_tendencies_radiation_update_i…
      0.0           198717          6      33119.5      32799.5      32607      35008        932.5  gpu_broadcast_kernel_cartesian(CompilerMetadata<DynamicSize, DynamicCheck, void, CartesianIndices<(…
      0.0           197759          4      49439.8      49583.5      48224      50368        989.9  _ddz_FILE_ClimaAtmos_jl_mod_src_parameterized_tendencies_gravity_wave_drag_orographic_gravity_wave_…
      0.0           192381          4      48095.3      47935.5      47903      48607        341.5  _d2dz2_FILE_ClimaAtmos_jl_mod_src_parameterized_tendencies_gravity_wave_drag_orographic_gravity_wav…
      0.0           190334          6      31722.3      31727.5      31648      31807         71.6  gpu_broadcast_kernel_cartesian(CompilerMetadata<DynamicSize, DynamicCheck, void, CartesianIndices<(…
      0.0           187423         10      18742.3      19104.0      17408      19360        737.0  field_shiftlevel_up__FILE_ClimaAtmos_jl_mod_src_parameterized_tendencies_gravity_wave_drag_non_orog…
      0.0           187327          4      46831.8      46831.5      46080      47584        614.1  calc_nonpropagating_forcing__FILE_ClimaAtmos_jl_mod_src_parameterized_tendencies_gravity_wave_drag_…
      0.0           178974          6      29829.0      29760.0      29535      30272        255.7  update_relative_humidity__FILE_ClimaAtmos_jl_mod_src_parameterized_tendencies_radiation_update_inpu…
      0.0           177246          6      29541.0      29455.5      29248      30048        277.2  update_cloud_properties__FILE_ClimaAtmos_jl_mod_src_parameterized_tendencies_radiation_update_input…
      0.0           174014          2      87007.0      87007.0      86911      87103        135.8  get_pbl_z__FILE_ClimaAtmos_jl_mod_src_parameterized_tendencies_gravity_wave_drag_orographic_gravity…
      0.0           172990          4      43247.5      43359.5      42752      43519        347.8  calc_propagate_forcing__FILE_ClimaAtmos_jl_mod_src_parameterized_tendencies_gravity_wave_drag_orogr…
      0.0           171968          6      28661.3      28608.0      28256      29408        425.8  gpu_broadcast_kernel_cartesian(CompilerMetadata<DynamicSize, DynamicCheck, void, CartesianIndices<(…
      0.0           165150          2      82575.0      82575.0      82559      82591         22.6  calc_nonpropagating_forcing__FILE_ClimaAtmos_jl_mod_src_parameterized_tendencies_gravity_wave_drag_…
      0.0           143903          2      71951.5      71951.5      71840      72063        157.7  calc_nonpropagating_forcing__FILE_ClimaAtmos_jl_mod_src_parameterized_tendencies_gravity_wave_drag_…
      0.0           132415          2      66207.5      66207.5      65792      66623        587.6  calc_base_flux__FILE_ClimaAtmos_jl_mod_src_parameterized_tendencies_gravity_wave_drag_orographic_gr…
      0.0           128448         12      10704.0      10608.0      10464      11232        227.7  gpu_broadcast_kernel_linear(CompilerMetadata<DynamicSize, DynamicCheck, void, CartesianIndices<(int…
      0.0           126431         34       3718.6       3743.5       3008       3904        134.3  gpu_broadcast_kernel_cartesian(CompilerMetadata<DynamicSize, DynamicCheck, void, CartesianIndices<(…
      0.0           123456          6      20576.0      20592.0      20384      20832        172.9  gpu_broadcast_kernel_cartesian(CompilerMetadata<DynamicSize, DynamicCheck, void, CartesianIndices<(…
      0.0           120831         12      10069.3      10080.0       9952      10144         60.1  gpu_broadcast_kernel_linear(CompilerMetadata<DynamicSize, DynamicCheck, void, CartesianIndices<(int…
      0.0           114592          6      19098.7      19104.0      18912      19296        125.4  gpu_broadcast_kernel_cartesian(CompilerMetadata<DynamicSize, DynamicCheck, void, CartesianIndices<(…
      0.0           114045          6      19007.5      19024.0      18880      19071         72.7  gpu_broadcast_kernel_cartesian(CompilerMetadata<DynamicSize, DynamicCheck, void, CartesianIndices<(…
      0.0           110496          6      18416.0      18416.0      18336      18496         72.3  gpu_broadcast_kernel_cartesian(CompilerMetadata<DynamicSize, DynamicCheck, void, CartesianIndices<(…
      0.0           105055          6      17509.2      17504.0      17440      17600         55.3  gpu_broadcast_kernel_cartesian(CompilerMetadata<DynamicSize, DynamicCheck, void, CartesianIndices<(…
      0.0           102527          4      25631.8      25552.0      24351      27072       1433.5  postprocess_and_accumulate__FILE_ClimaAtmos_jl_mod_src_parameterized_tendencies_gravity_wave_drag_n…
      0.0           101183          2      50591.5      50591.5      50176      51007        587.6  calc_propagate_forcing__FILE_ClimaAtmos_jl_mod_src_parameterized_tendencies_gravity_wave_drag_orogr…
      0.0            97471          4      24367.8      24272.0      24032      24895        396.2  non_orographic_gravity_wave_compute_tendency__FILE_ClimaAtmos_jl_mod_src_parameterized_tendencies_g…
      0.0            94304         12       7858.7       7824.0       7456       8320        298.8  gpu_broadcast_kernel_cartesian(CompilerMetadata<DynamicSize, DynamicCheck, void, CartesianIndices<(…
      0.0            85056          2      42528.0      42528.0      42464      42592         90.5  non_orographic_gravity_wave_compute_tendency__FILE_ClimaAtmos_jl_mod_src_parameterized_tendencies_g…
      0.0            67552          2      33776.0      33776.0      33280      34272        701.4  calc_nonpropagating_forcing__FILE_ClimaAtmos_jl_mod_src_parameterized_tendencies_gravity_wave_drag_…
      0.0            66944          2      33472.0      33472.0      33440      33504         45.3  calc_saturation_profile__FILE_ClimaAtmos_jl_mod_src_parameterized_tendencies_gravity_wave_drag_orog…
      0.0            63487          4      15871.8      15872.0      15711      16032        185.0  gw_average__FILE_ClimaAtmos_jl_mod_src_parameterized_tendencies_gravity_wave_drag_non_orographic_gr…
      0.0            53568          6       8928.0       8928.0       8768       9024         88.2  set_insolation_variables__FILE_ClimaAtmos_jl_mod_src_callbacks_callbacks_jl_L258                    
      0.0            51392          2      25696.0      25696.0      25632      25760         90.5  calc_nonpropagating_forcing__FILE_ClimaAtmos_jl_mod_src_parameterized_tendencies_gravity_wave_drag_…
      0.0            47872          6       7978.7       7984.0       7904       8032         43.7  update_drivers__FILE_ClimaLand_olfEs_src_shared_utilities_drivers_jl_L1252                          
      0.0            32064          2      16032.0      16032.0      16000      16064         45.3  calc_nonpropagating_forcing__FILE_ClimaAtmos_jl_mod_src_parameterized_tendencies_gravity_wave_drag_…
      0.0            32000          2      16000.0      16000.0      15936      16064         90.5  field_shiftface_down__FILE_ClimaAtmos_jl_mod_src_parameterized_tendencies_gravity_wave_drag_orograp…
      0.0            31936          4       7984.0       8000.0       7776       8160        157.9  gw_average__FILE_ClimaAtmos_jl_mod_src_parameterized_tendencies_gravity_wave_drag_non_orographic_gr…
      0.0            31744          2      15872.0      15872.0      15840      15904         45.3  calc_nonpropagating_forcing__FILE_ClimaAtmos_jl_mod_src_parameterized_tendencies_gravity_wave_drag_…
      0.0            29056          6       4842.7       4832.0       4800       4896         33.0  gpu_broadcast_kernel_linear(CompilerMetadata<DynamicSize, DynamicCheck, void, CartesianIndices<(int…
      0.0            28767          6       4794.5       4799.5       4672       4928         98.0  non_orographic_gravity_wave_forcing_FILE_ClimaAtmos_jl_mod_src_parameterized_tendencies_gravity_wav…
      0.0            27936          4       6984.0       6944.0       6688       7360        319.3  orographic_gravity_wave_forcing__FILE_ClimaAtmos_jl_mod_src_parameterized_tendencies_gravity_wave_d…
      0.0            27872          6       4645.3       4656.0       4608       4672         31.5  gpu_broadcast_kernel_linear(CompilerMetadata<DynamicSize, DynamicCheck, void, CartesianIndices<(int…
      0.0            27615          6       4602.5       4592.0       4544       4703         61.8  gpu_broadcast_kernel_linear(CompilerMetadata<DynamicSize, DynamicCheck, void, CartesianIndices<(int…
      0.0            26944          6       4490.7       4480.0       4480       4512         16.5  gpu_broadcast_kernel_linear(CompilerMetadata<DynamicSize, DynamicCheck, void, CartesianIndices<(int…
      0.0            23168          2      11584.0      11584.0      11488      11680        135.8  calc_nonpropagating_forcing__FILE_ClimaAtmos_jl_mod_src_parameterized_tendencies_gravity_wave_drag_…
      0.0            20704          6       3450.7       3456.0       3424       3488         24.1  gpu_broadcast_kernel_linear(CompilerMetadata<DynamicSize, DynamicCheck, void, CartesianIndices<(int…
      0.0            18112          2       9056.0       9056.0       8928       9184        181.0  orographic_gravity_wave_compute_tendency__FILE_ClimaAtmos_jl_mod_src_parameterized_tendencies_gravi…
      0.0            17792          2       8896.0       8896.0       8832       8960         90.5  non_orographic_gravity_wave_compute_tendency__FILE_ClimaAtmos_jl_mod_src_parameterized_tendencies_g…
      0.0            16671          4       4167.8       4160.0       4031       4320        129.3  calc_base_flux__FILE_ClimaAtmos_jl_mod_src_parameterized_tendencies_gravity_wave_drag_orographic_gr…
      0.0            16256          4       4064.0       4000.0       3968       4288        150.1  postprocess_and_accumulate__FILE_ClimaAtmos_jl_mod_src_parameterized_tendencies_gravity_wave_drag_n…
      0.0            16032          2       8016.0       8016.0       7904       8128        158.4  orographic_gravity_wave_compute_tendency__FILE_ClimaAtmos_jl_mod_src_parameterized_tendencies_gravi…
      0.0            15072          2       7536.0       7536.0       7520       7552         22.6  calc_nonpropagating_forcing__FILE_ClimaAtmos_jl_mod_src_parameterized_tendencies_gravity_wave_drag_…
      0.0            14335          2       7167.5       7167.5       7135       7200         46.0  partial_mapreduce_grid(identity, _, Bool, CartesianIndices<(int)5, Tuple<OneTo<Int64>, OneTo<Int64>…
      0.0            13951          2       6975.5       6975.5       6784       7167        270.8  orographic_gravity_wave_compute_tendency__FILE_ClimaAtmos_jl_mod_src_parameterized_tendencies_gravi…
      0.0            12256          2       6128.0       6128.0       6112       6144         22.6  calc_base_flux__FILE_ClimaAtmos_jl_mod_src_parameterized_tendencies_gravity_wave_drag_orographic_gr…
      0.0            12192          2       6096.0       6096.0       6080       6112         22.6  calc_base_flux__FILE_ClimaAtmos_jl_mod_src_parameterized_tendencies_gravity_wave_drag_orographic_gr…
      0.0            11776          4       2944.0       2912.0       2816       3136        156.8  fill__FILE_ClimaCore_jl_mod_src_Fields_Fields_jl_L439                                               
      0.0            10720          2       5360.0       5360.0       5312       5408         67.9  calc_base_flux__FILE_ClimaAtmos_jl_mod_src_parameterized_tendencies_gravity_wave_drag_orographic_gr…
      0.0            10496          2       5248.0       5248.0       5216       5280         45.3  calc_base_flux__FILE_ClimaAtmos_jl_mod_src_parameterized_tendencies_gravity_wave_drag_orographic_gr…
      0.0            10464          2       5232.0       5232.0       5216       5248         22.6  partial_mapreduce_grid(identity, _, Bool, CartesianIndices<(int)6, Tuple<OneTo<Int64>, OneTo<Int64>…
      0.0            10400          2       5200.0       5200.0       5120       5280        113.1  orographic_gravity_wave_forcing__FILE_ClimaAtmos_jl_mod_src_parameterized_tendencies_gravity_wave_d…
      0.0             9760          2       4880.0       4880.0       4864       4896         22.6  non_orographic_gravity_wave_forcing_FILE_ClimaAtmos_jl_mod_src_parameterized_tendencies_gravity_wav…
      0.0             9600          2       4800.0       4800.0       4768       4832         45.3  calc_base_flux__FILE_ClimaAtmos_jl_mod_src_parameterized_tendencies_gravity_wave_drag_orographic_gr…
      0.0             9248          2       4624.0       4624.0       4608       4640         22.6  calc_base_flux__FILE_ClimaAtmos_jl_mod_src_parameterized_tendencies_gravity_wave_drag_orographic_gr…
      0.0             9152          2       4576.0       4576.0       4544       4608         45.3  orographic_gravity_wave_compute_tendency__FILE_ClimaAtmos_jl_mod_src_parameterized_tendencies_gravi…
      0.0             7424          2       3712.0       3712.0       3712       3712          0.0  calc_base_flux__FILE_ClimaAtmos_jl_mod_src_parameterized_tendencies_gravity_wave_drag_orographic_gr…
      0.0             5888          2       2944.0       2944.0       2944       2944          0.0  calc_base_flux__FILE_ClimaAtmos_jl_mod_src_parameterized_tendencies_gravity_wave_drag_orographic_gr…
      0.0             5056          2       2528.0       2528.0       2528       2528          0.0  calc_base_flux__FILE_ClimaAtmos_jl_mod_src_parameterized_tendencies_gravity_wave_drag_orographic_gr…

Processing [results/nsys/mod.sqlite] with [/opt/nvidia/nsight-systems/2025.3.2/host-linux-x64/reports/cuda_gpu_mem_time_sum.py]... 

 ** CUDA GPU MemOps Summary (by Time) (cuda_gpu_mem_time_sum):

 Time (%)  Total Time (ns)  Count  Avg (ns)  Med (ns)  Min (ns)  Max (ns)  StdDev (ns)            Operation           
 --------  ---------------  -----  --------  --------  --------  --------  -----------  ------------------------------
     41.1         63620706   4234   15026.1    2224.0       992     57471      20573.3  [CUDA memset]                 
     35.8         55467971    316  175531.6    1952.0      1888   2370346     532377.7  [CUDA memcpy Device-to-Host]  
     22.9         35424588    804   44060.4    8799.5      1248   1244660      97775.1  [CUDA memcpy Host-to-Device]  
      0.2           324670     74    4387.4    5776.0      2144      6144       1690.3  [CUDA memcpy Device-to-Device]

Processing [results/nsys/mod.sqlite] with [/opt/nvidia/nsight-systems/2025.3.2/host-linux-x64/reports/cuda_gpu_mem_size_sum.py]... 

 ** CUDA GPU MemOps Summary (by Size) (cuda_gpu_mem_size_sum):

 Total (MB)  Count  Avg (MB)  Med (MB)  Min (MB)  Max (MB)  StdDev (MB)            Operation           
 ----------  -----  --------  --------  --------  --------  -----------  ------------------------------
 113956.996   4234    26.915     0.590     0.000   105.284       42.730  [CUDA memset]                 
    628.961    804     0.782     0.147     0.000     4.645        1.621  [CUDA memcpy Host-to-Device]  
    188.302    316     0.596     0.000     0.000     4.645        1.544  [CUDA memcpy Device-to-Host]  
    188.301     74     2.545     4.645     0.074     4.645        2.294  [CUDA memcpy Device-to-Device]

Processing [results/nsys/mod.sqlite] with [/opt/nvidia/nsight-systems/2025.3.2/host-linux-x64/reports/openmp_sum.py]... 
SKIPPED: results/nsys/mod.sqlite does not contain OpenMP event data.

Processing [results/nsys/mod.sqlite] with [/opt/nvidia/nsight-systems/2025.3.2/host-linux-x64/reports/opengl_khr_range_sum.py]... 
SKIPPED: results/nsys/mod.sqlite does not contain KHR Extension (KHR_DEBUG) data.

Processing [results/nsys/mod.sqlite] with [/opt/nvidia/nsight-systems/2025.3.2/host-linux-x64/reports/opengl_khr_gpu_range_sum.py]... 
SKIPPED: results/nsys/mod.sqlite does not contain GPU KHR Extension (KHR_DEBUG) data.

Processing [results/nsys/mod.sqlite] with [/opt/nvidia/nsight-systems/2025.3.2/host-linux-x64/reports/vulkan_marker_sum.py]... 
SKIPPED: results/nsys/mod.sqlite does not contain Vulkan Debug Extension (Vulkan Debug Util) data.

Processing [results/nsys/mod.sqlite] with [/opt/nvidia/nsight-systems/2025.3.2/host-linux-x64/reports/vulkan_gpu_marker_sum.py]... 
SKIPPED: results/nsys/mod.sqlite does not contain GPU Vulkan Debug Extension (GPU Vulkan Debug markers) data.

Processing [results/nsys/mod.sqlite] with [/opt/nvidia/nsight-systems/2025.3.2/host-linux-x64/reports/dx11_pix_sum.py]... 
SKIPPED: results/nsys/mod.sqlite does not contain DX11 CPU debug markers.

Processing [results/nsys/mod.sqlite] with [/opt/nvidia/nsight-systems/2025.3.2/host-linux-x64/reports/dx12_gpu_marker_sum.py]... 
SKIPPED: results/nsys/mod.sqlite does not contain DX12 GPU debug markers.

Processing [results/nsys/mod.sqlite] with [/opt/nvidia/nsight-systems/2025.3.2/host-linux-x64/reports/dx12_pix_sum.py]... 
SKIPPED: results/nsys/mod.sqlite does not contain DX12 CPU debug markers.

Processing [results/nsys/mod.sqlite] with [/opt/nvidia/nsight-systems/2025.3.2/host-linux-x64/reports/wddm_queue_sum.py]... 
SKIPPED: results/nsys/mod.sqlite does not contain WDDM context data.

Processing [results/nsys/mod.sqlite] with [/opt/nvidia/nsight-systems/2025.3.2/host-linux-x64/reports/um_sum.py]... 
SKIPPED: results/nsys/mod.sqlite does not contain CUDA Unified Memory CPU page faults data.

Processing [results/nsys/mod.sqlite] with [/opt/nvidia/nsight-systems/2025.3.2/host-linux-x64/reports/um_total_sum.py]... 
SKIPPED: results/nsys/mod.sqlite does not contain CUDA Unified Memory CPU page faults data.

Processing [results/nsys/mod.sqlite] with [/opt/nvidia/nsight-systems/2025.3.2/host-linux-x64/reports/um_cpu_page_faults_sum.py]... 
SKIPPED: results/nsys/mod.sqlite does not contain CUDA Unified Memory CPU page faults data.

Processing [results/nsys/mod.sqlite] with [/opt/nvidia/nsight-systems/2025.3.2/host-linux-x64/reports/openacc_sum.py]... 
SKIPPED: results/nsys/mod.sqlite does not contain OpenACC event data.

Processing [results/nsys/mod.sqlite] with [/opt/nvidia/nsight-systems/2025.3.2/host-linux-x64/reports/syscall_sum.py]... 
SKIPPED: results/nsys/mod.sqlite does not contain syscall data.

