gpu-guard: running on GPU(s) [1] -- OK (avoiding [])
Loading climacommon/2025_05_15
  Loading requirement: climaauth/2025_05_15 openmpi/4.1.5-mpitrampoline
    julia/1.11.5 cuda/julia-pref
Precompiling project...
   7483.4 ms  ✓ RRTMGP → RRTMGPNCDatasetsExt
   8392.9 ms  ✓ RRTMGP → RRTMGPCUDAExt
  93046.3 ms  ✓ ClimaCore
  16171.8 ms  ✓ ClimaUtilities → ClimaUtilitiesClimaCoreExt
  16579.2 ms  ✓ ClimaCore → ClimaCoreRecipesBaseExt
  16917.5 ms  ✓ ClimaCore → KrylovExt
  17035.2 ms  ✓ ClimaTimeSteppers → ClimaTimeSteppersClimaCoreExt
  16212.3 ms  ✓ ClimaUtilities → ClimaUtilitiesClimaCoreInterpolationsExt
  16917.4 ms  ✓ ClimaUtilities → ClimaUtilitiesClimaCoreNCDatasetsExt
  34605.3 ms  ✓ ClimaCore → ClimaCoreCUDAExt
  19338.8 ms  ✓ ClimaDiagnostics
  47445.9 ms  ✓ ClimaCore → ClimaCoreMakieExt
  22138.5 ms  ✓ ClimaLand
  22426.6 ms  ✓ ClimaCoupler
  22124.2 ms  ✓ ClimaLand → FluxnetSimulationsExt
  30539.5 ms  ✓ ClimaLand → ConstrainedNeuralModelExt
  29911.4 ms  ✓ ClimaCoupler → ClimaCouplerClimaLandExt
  70469.6 ms  ✓ ClimaAtmos
  54350.7 ms  ✓ ClimaCoupler → ClimaCouplerMakieExt
  54943.9 ms  ✓ ClimaLand → LandSimulationVisualizationExt
  14364.3 ms  ✓ ClimaCoupler → ClimaCouplerClimaAtmosExt
  21 dependencies successfully precompiled in 223 seconds. 610 already precompiled.
  2 dependencies had output during precompilation:
┌ RRTMGP → RRTMGPCUDAExt
│  ┌ Warning: CUDA runtime library `libcublasLt.so.13` was loaded from a system path, `/usr/local/cuda/lib64/libcublasLt.so.13`.
│  │ This may cause errors.
│  │ 
│  │ If you're running under a profiler, this situation is expected. Otherwise,
│  │ ensure that your library path environment variable (e.g., `PATH` on Windows
│  │ or `LD_LIBRARY_PATH` on Linux) does not include CUDA library paths.
│  │ 
│  │ In any other case, please file an issue.
│  └ @ CUDA ~/.julia/packages/CUDA/FQwqy/src/initialization.jl:198
│  ┌ Warning: CUDA runtime library `libnvJitLink.so.13` was loaded from a system path, `/usr/local/cuda/lib64/libnvJitLink.so.13`.
│  │ This may cause errors.
│  │ 
│  │ If you're running under a profiler, this situation is expected. Otherwise,
│  │ ensure that your library path environment variable (e.g., `PATH` on Windows
│  │ or `LD_LIBRARY_PATH` on Linux) does not include CUDA library paths.
│  │ 
│  │ In any other case, please file an issue.
│  └ @ CUDA ~/.julia/packages/CUDA/FQwqy/src/initialization.jl:198
│  ┌ Warning: CUDA runtime library `libcusparse.so.12` was loaded from a system path, `/usr/local/cuda/lib64/libcusparse.so.12`.
│  │ This may cause errors.
│  │ 
│  │ If you're running under a profiler, this situation is expected. Otherwise,
│  │ ensure that your library path environment variable (e.g., `PATH` on Windows
│  │ or `LD_LIBRARY_PATH` on Linux) does not include CUDA library paths.
│  │ 
│  │ In any other case, please file an issue.
│  └ @ CUDA ~/.julia/packages/CUDA/FQwqy/src/initialization.jl:198
└  
┌ ClimaCore → ClimaCoreCUDAExt
│  ┌ Warning: CUDA runtime library `libcublasLt.so.13` was loaded from a system path, `/usr/local/cuda/lib64/libcublasLt.so.13`.
│  │ This may cause errors.
│  │ 
│  │ If you're running under a profiler, this situation is expected. Otherwise,
│  │ ensure that your library path environment variable (e.g., `PATH` on Windows
│  │ or `LD_LIBRARY_PATH` on Linux) does not include CUDA library paths.
│  │ 
│  │ In any other case, please file an issue.
│  └ @ CUDA ~/.julia/packages/CUDA/FQwqy/src/initialization.jl:198
│  ┌ Warning: CUDA runtime library `libnvJitLink.so.13` was loaded from a system path, `/usr/local/cuda/lib64/libnvJitLink.so.13`.
│  │ This may cause errors.
│  │ 
│  │ If you're running under a profiler, this situation is expected. Otherwise,
│  │ ensure that your library path environment variable (e.g., `PATH` on Windows
│  │ or `LD_LIBRARY_PATH` on Linux) does not include CUDA library paths.
│  │ 
│  │ In any other case, please file an issue.
│  └ @ CUDA ~/.julia/packages/CUDA/FQwqy/src/initialization.jl:198
│  ┌ Warning: CUDA runtime library `libcusparse.so.12` was loaded from a system path, `/usr/local/cuda/lib64/libcusparse.so.12`.
│  │ This may cause errors.
│  │ 
│  │ If you're running under a profiler, this situation is expected. Otherwise,
│  │ ensure that your library path environment variable (e.g., `PATH` on Windows
│  │ or `LD_LIBRARY_PATH` on Linux) does not include CUDA library paths.
│  │ 
│  │ In any other case, please file an issue.
│  └ @ CUDA ~/.julia/packages/CUDA/FQwqy/src/initialization.jl:198
└  
┌ Warning: CUDA runtime library `libcublasLt.so.13` was loaded from a system path, `/usr/local/cuda/lib64/libcublasLt.so.13`.
│ This may cause errors.
│ 
│ If you're running under a profiler, this situation is expected. Otherwise,
│ ensure that your library path environment variable (e.g., `PATH` on Windows
│ or `LD_LIBRARY_PATH` on Linux) does not include CUDA library paths.
│ 
│ In any other case, please file an issue.
└ @ CUDA ~/.julia/packages/CUDA/FQwqy/src/initialization.jl:198
┌ Warning: CUDA runtime library `libnvJitLink.so.13` was loaded from a system path, `/usr/local/cuda/lib64/libnvJitLink.so.13`.
│ This may cause errors.
│ 
│ If you're running under a profiler, this situation is expected. Otherwise,
│ ensure that your library path environment variable (e.g., `PATH` on Windows
│ or `LD_LIBRARY_PATH` on Linux) does not include CUDA library paths.
│ 
│ In any other case, please file an issue.
└ @ CUDA ~/.julia/packages/CUDA/FQwqy/src/initialization.jl:198
┌ Warning: CUDA runtime library `libcusparse.so.12` was loaded from a system path, `/usr/local/cuda/lib64/libcusparse.so.12`.
│ This may cause errors.
│ 
│ If you're running under a profiler, this situation is expected. Otherwise,
│ ensure that your library path environment variable (e.g., `PATH` on Windows
│ or `LD_LIBRARY_PATH` on Linux) does not include CUDA library paths.
│ 
│ In any other case, please file an issue.
└ @ CUDA ~/.julia/packages/CUDA/FQwqy/src/initialization.jl:198
Status `~/calkit/clima-gpu-profiling/ClimaCoupler.jl-mod/experiments/AMIP/Project.toml`
  [c7e460c6] ArgParse v1.2.0
⌅ [052768ef] CUDA v5.11.3
  [159f3aea] Cairo v1.1.1
⌃ [13f3f980] CairoMakie v0.15.14
  [29b5916a] ClimaAnalysis v0.5.24
  [b2c96348] ClimaAtmos v0.42.13 `../../../ClimaAtmos.jl-mod`
  [4347a170] ClimaCalibrate v0.6.0
  [3a4d1b5c] ClimaComms v0.6.12
  [d414da3d] ClimaCore v1.0.3 `../../../ClimaCore.jl-mod`
  [4ade58fe] ClimaCoupler v0.2.3 `../..`
  [1ecacbb8] ClimaDiagnostics v0.3.11
  [08f4d4ce] ClimaLand v1.12.3
  [5c42b081] ClimaParams v1.3.0
  [595c0a79] ClimaTimeSteppers v1.0.1
  [b3f4f4ca] ClimaUtilities v0.1.33
  [aa8a2aa5] EnsembleKalmanProcesses v2.7.4
⌅ [61eb1bfa] GPUCompiler v1.17.1
  [db073c08] GeoMakie v0.7.17
  [e98cc03f] Insolation v1.2.1
⌅ [a98d9a8b] Interpolations v0.15.2
⌃ [033835bb] JLD2 v0.6.6
  [da04e1cc] MPI v0.20.27
⌅ [ee78f7c6] Makie v0.24.14
  [85f8d34a] NCDatasets v0.14.15
  [5da4648a] NVTX v1.0.3
⌅ [b946abbf] NaNStatistics v0.6.56
⌃ [08abe8d2] PrettyTables v3.4.8
  [a01a1ee8] RRTMGP v1.1.0 `../../../RRTMGP.jl-mod`
  [1bc83da4] SafeTestsets v0.1.0
⌃ [90137ffa] StaticArrays v1.9.20
⌃ [49b00bb7] SurfaceFluxes v1.2.1
  [b60c26fb] Thermodynamics v1.3.0
⌃ [ddb6d928] YAML v0.4.16
⌅ [9c32591e] Poppler_jll v24.6.0+0
  [de0858da] Printf v1.11.0
Info Packages marked with ⌃ and ⌅ have new versions available. Those with ⌃ may be upgradable, but those with ⌅ are restricted by compatibility constraints from upgrading. To see why use `status --outdated`
==PROF== Connected to process 4105492 (/clima/software/julia/julia-1.11.5/bin/julia)
==PROF== Profiling "gpu_getindex_kernel" - 0 (1/1500): 0%....50%....100% - 1 pass
==PROF== Profiling "dss__FILE_ClimaCore_jl_mod_sr..." - 1 (2/1500): 0%....50%....100% - 1 pass
==PROF== Profiling "dss__FILE_ClimaCore_jl_mod_sr..." - 2 (3/1500): 0%....50%....100% - 1 pass
==PROF== Profiling "dss__FILE_ClimaCore_jl_mod_sr..." - 3 (4/1500): 0%....50%....100% - 1 pass
==PROF== Profiling "compute_dss_weights_FILE_Clim..." - 4 (5/1500): 0%....50%....100% - 1 pass
==PROF== Profiling "copy_FILE_ClimaCore_jl_mod_sr..." - 5 (6/1500): 0%....50%....100% - 1 pass
==PROF== Profiling "copy_FILE_ClimaCore_jl_mod_sr..." - 6 (7/1500): 0%....50%....100% - 1 pass
==PROF== Profiling "dss_transform__FILE_ClimaCore..." - 7 (8/1500): 0%....50%....100% - 1 pass
==PROF== Profiling "dss__FILE_ClimaCore_jl_mod_sr..." - 8 (9/1500): 0%....50%....100% - 1 pass
==PROF== Profiling "dss_untransform__FILE_ClimaCo..." - 9 (10/1500): 0%....50%....100% - 1 pass
==PROF== Profiling "_diffuse_surface_elevation__F..." - 10 (11/1500): 0%....50%....100% - 1 pass
==PROF== Profiling "_diffuse_surface_elevation__F..." - 11 (12/1500): 0%....50%....100% - 1 pass
==PROF== Profiling "dss_transform__FILE_ClimaCore..." - 12 (13/1500): 0%....50%....100% - 1 pass
==PROF== Profiling "dss__FILE_ClimaCore_jl_mod_sr..." - 13 (14/1500): 0%....50%....100% - 1 pass
==PROF== Profiling "dss_untransform__FILE_ClimaCo..." - 14 (15/1500): 0%....50%....100% - 1 pass
==PROF== Profiling "_diffuse_surface_elevation__F..." - 15 (16/1500): 0%....50%....100% - 1 pass
==PROF== Profiling "_diffuse_surface_elevation__F..." - 16 (17/1500): 0%....50%....100% - 1 pass
==PROF== Profiling "dss_transform__FILE_ClimaCore..." - 17 (18/1500): 0%....50%....100% - 1 pass
==PROF== Profiling "dss__FILE_ClimaCore_jl_mod_sr..." - 18 (19/1500): 0%....50%....100% - 1 pass
==PROF== Profiling "dss_untransform__FILE_ClimaCo..." - 19 (20/1500): 0%....50%....100% - 1 pass
==PROF== Profiling "_diffuse_surface_elevation__F..." - 20 (21/1500): 0%....50%....100% - 1 pass
==PROF== Profiling "_diffuse_surface_elevation__F..." - 21 (22/1500): 0%....50%....100% - 1 pass
==PROF== Profiling "dss_transform__FILE_ClimaCore..." - 22 (23/1500): 0%....50%....100% - 1 pass
==PROF== Profiling "dss__FILE_ClimaCore_jl_mod_sr..." - 23 (24/1500): 0%....50%....100% - 1 pass
==PROF== Profiling "dss_untransform__FILE_ClimaCo..." - 24 (25/1500): 0%....50%....100% - 1 pass
==PROF== Profiling "_diffuse_surface_elevation__F..." - 25 (26/1500): 0%....50%....100% - 1 pass
==PROF== Profiling "_diffuse_surface_elevation__F..." - 26 (27/1500): 0%....50%....100% - 1 pass
==PROF== Profiling "dss_transform__FILE_ClimaCore..." - 27 (28/1500): 0%....50%....100% - 1 pass
==PROF== Profiling "dss__FILE_ClimaCore_jl_mod_sr..." - 28 (29/1500): 0%....50%....100% - 1 pass
==PROF== Profiling "dss_untransform__FILE_ClimaCo..." - 29 (30/1500): 0%....50%....100% - 1 pass
==PROF== Profiling "_diffuse_surface_elevation__F..." - 30 (31/1500): 0%....50%....100% - 1 pass
==PROF== Profiling "_diffuse_surface_elevation__F..." - 31 (32/1500): 0%....50%....100% - 1 pass
==PROF== Profiling "dss_transform__FILE_ClimaCore..." - 32 (33/1500): 0%....50%....100% - 1 pass
==PROF== Profiling "dss__FILE_ClimaCore_jl_mod_sr..." - 33 (34/1500): 0%....50%....100% - 1 pass
==PROF== Profiling "dss_untransform__FILE_ClimaCo..." - 34 (35/1500): 0%....50%....100% - 1 pass
==PROF== Profiling "_diffuse_surface_elevation__F..." - 35 (36/1500): 0%....50%....100% - 1 pass
==PROF== Profiling "_diffuse_surface_elevation__F..." - 36 (37/1500): 0%....50%....100% - 1 pass
==PROF== Profiling "dss_transform__FILE_ClimaCore..." - 37 (38/1500): 0%....50%....100% - 1 pass
==PROF== Profiling "dss__FILE_ClimaCore_jl_mod_sr..." - 38 (39/1500): 0%....50%....100% - 1 pass
==PROF== Profiling "dss_untransform__FILE_ClimaCo..." - 39 (40/1500): 0%....50%....100% - 1 pass
==PROF== Profiling "_diffuse_surface_elevation__F..." - 40 (41/1500): 0%....50%....100% - 1 pass
==PROF== Profiling "_diffuse_surface_elevation__F..." - 41 (42/1500): 0%....50%....100% - 1 pass
==PROF== Profiling "dss_transform__FILE_ClimaCore..." - 42 (43/1500): 0%....50%....100% - 1 pass
==PROF== Profiling "dss__FILE_ClimaCore_jl_mod_sr..." - 43 (44/1500): 0%....50%....100% - 1 pass
==PROF== Profiling "dss_untransform__FILE_ClimaCo..." - 44 (45/1500): 0%....50%....100% - 1 pass
==PROF== Profiling "_diffuse_surface_elevation__F..." - 45 (46/1500): 0%....50%....100% - 1 pass
==PROF== Profiling "_diffuse_surface_elevation__F..." - 46 (47/1500): 0%....50%....100% - 1 pass
==PROF== Profiling "dss_transform__FILE_ClimaCore..." - 47 (48/1500): 0%....50%....100% - 1 pass
==PROF== Profiling "dss__FILE_ClimaCore_jl_mod_sr..." - 48 (49/1500): 0%....50%....100% - 1 pass
==PROF== Profiling "dss_untransform__FILE_ClimaCo..." - 49 (50/1500): 0%....50%....100% - 1 pass
==PROF== Profiling "_diffuse_surface_elevation__F..." - 50 (51/1500): 0%....50%....100% - 1 pass
==PROF== Profiling "_diffuse_surface_elevation__F..." - 51 (52/1500): 0%....50%....100% - 1 pass
==PROF== Profiling "dss_transform__FILE_ClimaCore..." - 52 (53/1500): 0%....50%....100% - 1 pass
==PROF== Profiling "dss__FILE_ClimaCore_jl_mod_sr..." - 53 (54/1500): 0%....50%....100% - 1 pass
==PROF== Profiling "dss_untransform__FILE_ClimaCo..." - 54 (55/1500): 0%....50%....100% - 1 pass
==PROF== Profiling "_diffuse_surface_elevation__F..." - 55 (56/1500): 0%....50%....100% - 1 pass
==PROF== Profiling "_diffuse_surface_elevation__F..." - 56 (57/1500): 0%....50%....100% - 1 pass
==PROF== Profiling "dss_transform__FILE_ClimaCore..." - 57 (58/1500): 0%....50%....100% - 1 pass
==PROF== Profiling "dss__FILE_ClimaCore_jl_mod_sr..." - 58 (59/1500): 0%....50%....100% - 1 pass
==PROF== Profiling "dss_untransform__FILE_ClimaCo..." - 59 (60/1500): 0%....50%....100% - 1 pass
==PROF== Profiling "_diffuse_surface_elevation__F..." - 60 (61/1500): 0%....50%....100% - 1 pass
==PROF== Profiling "_diffuse_surface_elevation__F..." - 61 (62/1500): 0%....50%....100% - 1 pass
==PROF== Profiling "dss_transform__FILE_ClimaCore..." - 62 (63/1500): 0%....50%....100% - 1 pass
==PROF== Profiling "dss__FILE_ClimaCore_jl_mod_sr..." - 63 (64/1500): 0%....50%....100% - 1 pass
==PROF== Profiling "dss_untransform__FILE_ClimaCo..." - 64 (65/1500): 0%....50%....100% - 1 pass
==PROF== Profiling "_diffuse_surface_elevation__F..." - 65 (66/1500): 0%....50%....100% - 1 pass
==PROF== Profiling "_diffuse_surface_elevation__F..." - 66 (67/1500): 0%....50%....100% - 1 pass
==PROF== Profiling "dss_transform__FILE_ClimaCore..." - 67 (68/1500): 0%....50%....100% - 1 pass
==PROF== Profiling "dss__FILE_ClimaCore_jl_mod_sr..." - 68 (69/1500): 0%....50%....100% - 1 pass
==PROF== Profiling "dss_untransform__FILE_ClimaCo..." - 69 (70/1500): 0%....50%....100% - 1 pass
==PROF== Profiling "_diffuse_surface_elevation__F..." - 70 (71/1500): 0%....50%....100% - 1 pass
==PROF== Profiling "_diffuse_surface_elevation__F..." - 71 (72/1500): 0%....50%....100% - 1 pass
==PROF== Profiling "dss_transform__FILE_ClimaCore..." - 72 (73/1500): 0%....50%....100% - 1 pass
==PROF== Profiling "dss__FILE_ClimaCore_jl_mod_sr..." - 73 (74/1500): 0%....50%....100% - 1 pass
==PROF== Profiling "dss_untransform__FILE_ClimaCo..." - 74 (75/1500): 0%....50%....100% - 1 pass
==PROF== Profiling "_diffuse_surface_elevation__F..." - 75 (76/1500): 0%....50%....100% - 1 pass
==PROF== Profiling "_diffuse_surface_elevation__F..." - 76 (77/1500): 0%....50%....100% - 1 pass
==PROF== Profiling "dss_transform__FILE_ClimaCore..." - 77 (78/1500): 0%....50%....100% - 1 pass
==PROF== Profiling "dss__FILE_ClimaCore_jl_mod_sr..." - 78 (79/1500): 0%....50%....100% - 1 pass
==PROF== Profiling "dss_untransform__FILE_ClimaCo..." - 79 (80/1500): 0%....50%....100% - 1 pass
==PROF== Profiling "_diffuse_surface_elevation__F..." - 80 (81/1500): 0%....50%....100% - 1 pass
==PROF== Profiling "_diffuse_surface_elevation__F..." - 81 (82/1500): 0%....50%....100% - 1 pass
==PROF== Profiling "dss_transform__FILE_ClimaCore..." - 82 (83/1500): 0%....50%....100% - 1 pass
==PROF== Profiling "dss__FILE_ClimaCore_jl_mod_sr..." - 83 (84/1500): 0%....50%....100% - 1 pass
==PROF== Profiling "dss_untransform__FILE_ClimaCo..." - 84 (85/1500): 0%....50%....100% - 1 pass
==PROF== Profiling "_diffuse_surface_elevation__F..." - 85 (86/1500): 0%....50%....100% - 1 pass
==PROF== Profiling "_diffuse_surface_elevation__F..." - 86 (87/1500): 0%....50%....100% - 1 pass
==PROF== Profiling "dss_transform__FILE_ClimaCore..." - 87 (88/1500): 0%....50%....100% - 1 pass
==PROF== Profiling "dss__FILE_ClimaCore_jl_mod_sr..." - 88 (89/1500): 0%....50%....100% - 1 pass
==PROF== Profiling "dss_untransform__FILE_ClimaCo..." - 89 (90/1500): 0%....50%....100% - 1 pass
==PROF== Profiling "_diffuse_surface_elevation__F..." - 90 (91/1500): 0%....50%....100% - 1 pass
==PROF== Profiling "_diffuse_surface_elevation__F..." - 91 (92/1500): 0%....50%....100% - 1 pass
==PROF== Profiling "dss_transform__FILE_ClimaCore..." - 92 (93/1500): 0%....50%....100% - 1 pass
==PROF== Profiling "dss__FILE_ClimaCore_jl_mod_sr..." - 93 (94/1500): 0%....50%....100% - 1 pass
==PROF== Profiling "dss_untransform__FILE_ClimaCo..." - 94 (95/1500): 0%....50%....100% - 1 pass
==PROF== Profiling "_diffuse_surface_elevation__F..." - 95 (96/1500): 0%....50%....100% - 1 pass
==PROF== Profiling "_diffuse_surface_elevation__F..." - 96 (97/1500): 0%....50%....100% - 1 pass
==PROF== Profiling "dss_transform__FILE_ClimaCore..." - 97 (98/1500): 0%....50%....100% - 1 pass
==PROF== Profiling "dss__FILE_ClimaCore_jl_mod_sr..." - 98 (99/1500): 0%....50%....100% - 1 pass
==PROF== Profiling "dss_untransform__FILE_ClimaCo..." - 99 (100/1500): 0%....50%....100% - 1 pass
==PROF== Profiling "_diffuse_surface_elevation__F..." - 100 (101/1500): 0%....50%....100% - 1 pass
==PROF== Profiling "_diffuse_surface_elevation__F..." - 101 (102/1500): 0%....50%....100% - 1 pass
==PROF== Profiling "dss_transform__FILE_ClimaCore..." - 102 (103/1500): 0%....50%....100% - 1 pass
==PROF== Profiling "dss__FILE_ClimaCore_jl_mod_sr..." - 103 (104/1500): 0%....50%....100% - 1 pass
==PROF== Profiling "dss_untransform__FILE_ClimaCo..." - 104 (105/1500): 0%....50%....100% - 1 pass
==PROF== Profiling "_diffuse_surface_elevation__F..." - 105 (106/1500): 0%....50%....100% - 1 pass
==PROF== Profiling "_diffuse_surface_elevation__F..." - 106 (107/1500): 0%....50%....100% - 1 pass
==PROF== Profiling "dss_transform__FILE_ClimaCore..." - 107 (108/1500): 0%....50%....100% - 1 pass
==PROF== Profiling "dss__FILE_ClimaCore_jl_mod_sr..." - 108 (109/1500): 0%....50%....100% - 1 pass
==PROF== Profiling "dss_untransform__FILE_ClimaCo..." - 109 (110/1500): 0%....50%....100% - 1 pass
==PROF== Profiling "_diffuse_surface_elevation__F..." - 110 (111/1500): 0%....50%....100% - 1 pass
==PROF== Profiling "_diffuse_surface_elevation__F..." - 111 (112/1500): 0%....50%....100% - 1 pass
==PROF== Profiling "dss_transform__FILE_ClimaCore..." - 112 (113/1500): 0%....50%....100% - 1 pass
==PROF== Profiling "dss__FILE_ClimaCore_jl_mod_sr..." - 113 (114/1500): 0%....50%....100% - 1 pass
==PROF== Profiling "dss_untransform__FILE_ClimaCo..." - 114 (115/1500): 0%....50%....100% - 1 pass
==PROF== Profiling "_diffuse_surface_elevation__F..." - 115 (116/1500): 0%....50%....100% - 1 pass
==PROF== Profiling "_diffuse_surface_elevation__F..." - 116 (117/1500): 0%....50%....100% - 1 pass
==PROF== Profiling "dss_transform__FILE_ClimaCore..." - 117 (118/1500): 0%....50%....100% - 1 pass
==PROF== Profiling "dss__FILE_ClimaCore_jl_mod_sr..." - 118 (119/1500): 0%....50%....100% - 1 pass
==PROF== Profiling "dss_untransform__FILE_ClimaCo..." - 119 (120/1500): 0%....50%....100% - 1 pass
==PROF== Profiling "_diffuse_surface_elevation__F..." - 120 (121/1500): 0%....50%....100% - 1 pass
==PROF== Profiling "_diffuse_surface_elevation__F..." - 121 (122/1500): 0%....50%....100% - 1 pass
==PROF== Profiling "dss_transform__FILE_ClimaCore..." - 122 (123/1500): 0%....50%....100% - 1 pass
==PROF== Profiling "dss__FILE_ClimaCore_jl_mod_sr..." - 123 (124/1500): 0%....50%....100% - 1 pass
==PROF== Profiling "dss_untransform__FILE_ClimaCo..." - 124 (125/1500): 0%....50%....100% - 1 pass
==PROF== Profiling "_diffuse_surface_elevation__F..." - 125 (126/1500): 0%....50%....100% - 1 pass
==PROF== Profiling "_diffuse_surface_elevation__F..." - 126 (127/1500): 0%....50%....100% - 1 pass
==PROF== Profiling "dss_transform__FILE_ClimaCore..." - 127 (128/1500): 0%....50%....100% - 1 pass
==PROF== Profiling "dss__FILE_ClimaCore_jl_mod_sr..." - 128 (129/1500): 0%....50%....100% - 1 pass
==PROF== Profiling "dss_untransform__FILE_ClimaCo..." - 129 (130/1500): 0%....50%....100% - 1 pass
==PROF== Profiling "_diffuse_surface_elevation__F..." - 130 (131/1500): 0%....50%....100% - 1 pass
==PROF== Profiling "_diffuse_surface_elevation__F..." - 131 (132/1500): 0%....50%....100% - 1 pass
==PROF== Profiling "dss_transform__FILE_ClimaCore..." - 132 (133/1500): 0%....50%....100% - 1 pass
==PROF== Profiling "dss__FILE_ClimaCore_jl_mod_sr..." - 133 (134/1500): 0%....50%....100% - 1 pass
==PROF== Profiling "dss_untransform__FILE_ClimaCo..." - 134 (135/1500): 0%....50%....100% - 1 pass
==PROF== Profiling "_diffuse_surface_elevation__F..." - 135 (136/1500): 0%....50%....100% - 1 pass
==PROF== Profiling "_diffuse_surface_elevation__F..." - 136 (137/1500): 0%....50%....100% - 1 pass
==PROF== Profiling "dss_transform__FILE_ClimaCore..." - 137 (138/1500): 0%....50%....100% - 1 pass
==PROF== Profiling "dss__FILE_ClimaCore_jl_mod_sr..." - 138 (139/1500): 0%....50%....100% - 1 pass
==PROF== Profiling "dss_untransform__FILE_ClimaCo..." - 139 (140/1500): 0%....50%....100% - 1 pass
==PROF== Profiling "_diffuse_surface_elevation__F..." - 140 (141/1500): 0%....50%....100% - 1 pass
==PROF== Profiling "_diffuse_surface_elevation__F..." - 141 (142/1500): 0%....50%....100% - 1 pass
==PROF== Profiling "dss_transform__FILE_ClimaCore..." - 142 (143/1500): 0%....50%....100% - 1 pass
==PROF== Profiling "dss__FILE_ClimaCore_jl_mod_sr..." - 143 (144/1500): 0%....50%....100% - 1 pass
==PROF== Profiling "dss_untransform__FILE_ClimaCo..." - 144 (145/1500): 0%....50%....100% - 1 pass
==PROF== Profiling "_diffuse_surface_elevation__F..." - 145 (146/1500): 0%....50%....100% - 1 pass
==PROF== Profiling "_diffuse_surface_elevation__F..." - 146 (147/1500): 0%....50%....100% - 1 pass
==PROF== Profiling "dss_transform__FILE_ClimaCore..." - 147 (148/1500): 0%....50%....100% - 1 pass
==PROF== Profiling "dss__FILE_ClimaCore_jl_mod_sr..." - 148 (149/1500): 0%....50%....100% - 1 pass
==PROF== Profiling "dss_untransform__FILE_ClimaCo..." - 149 (150/1500): 0%....50%....100% - 1 pass
==PROF== Profiling "_diffuse_surface_elevation__F..." - 150 (151/1500): 0%....50%....100% - 1 pass
==PROF== Profiling "_diffuse_surface_elevation__F..." - 151 (152/1500): 0%....50%....100% - 1 pass
==PROF== Profiling "dss_transform__FILE_ClimaCore..." - 152 (153/1500): 0%....50%....100% - 1 pass
==PROF== Profiling "dss__FILE_ClimaCore_jl_mod_sr..." - 153 (154/1500): 0%....50%....100% - 1 pass
==PROF== Profiling "dss_untransform__FILE_ClimaCo..." - 154 (155/1500): 0%....50%....100% - 1 pass
==PROF== Profiling "_diffuse_surface_elevation__F..." - 155 (156/1500): 0%....50%....100% - 1 pass
==PROF== Profiling "_diffuse_surface_elevation__F..." - 156 (157/1500): 0%....50%....100% - 1 pass
==PROF== Profiling "dss_transform__FILE_ClimaCore..." - 157 (158/1500): 0%....50%....100% - 1 pass
==PROF== Profiling "dss__FILE_ClimaCore_jl_mod_sr..." - 158 (159/1500): 0%....50%....100% - 1 pass
==PROF== Profiling "dss_untransform__FILE_ClimaCo..." - 159 (160/1500): 0%....50%....100% - 1 pass
==PROF== Profiling "_diffuse_surface_elevation__F..." - 160 (161/1500): 0%....50%....100% - 1 pass
==PROF== Profiling "_diffuse_surface_elevation__F..." - 161 (162/1500): 0%....50%....100% - 1 pass
==PROF== Profiling "dss_transform__FILE_ClimaCore..." - 162 (163/1500): 0%....50%....100% - 1 pass
==PROF== Profiling "dss__FILE_ClimaCore_jl_mod_sr..." - 163 (164/1500): 0%....50%....100% - 1 pass
==PROF== Profiling "dss_untransform__FILE_ClimaCo..." - 164 (165/1500): 0%....50%....100% - 1 pass
==PROF== Profiling "_diffuse_surface_elevation__F..." - 165 (166/1500): 0%....50%....100% - 1 pass
==PROF== Profiling "hypsography_FILE_ClimaAtmos_j..." - 166 (167/1500): 0%....50%....100% - 1 pass
==PROF== Profiling "copy_FILE_ClimaCore_jl_mod_sr..." - 167 (168/1500): 0%....50%....100% - 1 pass
==PROF== Profiling "_ExtrudedFiniteDifferenceGrid..." - 168 (169/1500): 0%....50%....100% - 1 pass
==PROF== Profiling "_ExtrudedFiniteDifferenceGrid..." - 169 (170/1500): 0%....50%....100% - 1 pass
==PROF== Profiling "_ExtrudedFiniteDifferenceGrid..." - 170 (171/1500): 0%....50%....100% - 1 pass
==PROF== Profiling "_ExtrudedFiniteDifferenceGrid..." - 171 (172/1500): 0%....50%....100% - 1 pass
==PROF== Profiling "copy_FILE_ClimaCore_jl_mod_sr..." - 172 (173/1500): 0%....50%....100% - 1 pass
==PROF== Profiling "copy_FILE_ClimaCore_jl_mod_sr..." - 173 (174/1500): 0%....50%....100% - 1 pass
==PROF== Profiling "_ExtrudedFiniteDifferenceGrid..." - 174 (175/1500): 0%....50%....100% - 1 pass
==PROF== Profiling "_ExtrudedFiniteDifferenceGrid..." - 175 (176/1500): 0%....50%....100% - 1 pass
==PROF== Profiling "copy_FILE_ClimaCore_jl_mod_sr..." - 176 (177/1500): 0%....50%....100% - 1 pass
==PROF== Profiling "copy_FILE_ClimaCore_jl_mod_sr..." - 177 (178/1500): 0%....50%....100% - 1 pass
==PROF== Profiling "gpu_linear_copy_kernel_" - 178 (179/1500): 0%....50%....100% - 1 pass
==PROF== Profiling "copy_FILE_ClimaCore_jl_mod_sr..." - 179 (180/1500): 0%....50%....100% - 1 pass
==PROF== Profiling "copy_FILE_ClimaCore_jl_mod_sr..." - 180 (181/1500): 0%....50%....100% - 1 pass
==PROF== Profiling "copy_FILE_ClimaCore_jl_mod_sr..." - 181 (182/1500): 0%....50%....100% - 1 pass
==PROF== Profiling "copy_FILE_ClimaCore_jl_mod_sr..." - 182 (183/1500): 0%....50%....100% - 1 pass
==PROF== Profiling "copy_FILE_ClimaCore_jl_mod_sr..." - 183 (184/1500): 0%....50%....100% - 1 pass
==PROF== Profiling "_FILE_ClimaAtmos_jl_mod_src_s..." - 184 (185/1500): 0%....50%....100% - 1 pass
==PROF== Profiling "_FILE_ClimaAtmos_jl_mod_src_s..." - 185 (186/1500): 0%....50%....100% - 1 pass
==PROF== Profiling "_FILE_ClimaAtmos_jl_mod_src_s..." - 186 (187/1500): 0%....50%....100% - 1 pass
==PROF== Profiling "copy_FILE_ClimaCore_jl_mod_sr..." - 187 (188/1500): 0%....50%....100% - 1 pass
==PROF== Profiling "_FILE_ClimaCore_jl_mod_src_Op..." - 188 (189/1500): 0%....50%....100% - 1 pass
==PROF== Profiling "copy_FILE_ClimaCore_jl_mod_sr..." - 189 (190/1500): 0%....50%....100% - 1 pass
==PROF== Profiling "_FILE_ClimaAtmos_jl_mod_src_s..." - 190 (191/1500): 0%....50%....100% - 1 pass
==PROF== Profiling "copy_FILE_ClimaCore_jl_mod_sr..." - 191 (192/1500): 0%....50%....100% - 1 pass
==PROF== Profiling "copy_FILE_ClimaCore_jl_mod_sr..." - 192 (193/1500): 0%....50%....100% - 1 pass
==PROF== Profiling "copy_FILE_ClimaCore_jl_mod_sr..." - 193 (194/1500): 0%....50%....100% - 1 pass
==PROF== Profiling "copy_FILE_ClimaCore_jl_mod_sr..." - 194 (195/1500): 0%....50%....100% - 1 pass
==PROF== Profiling "assign_velocity_energy__FILE_..." - 195 (196/1500): 0%....50%....100% - 1 pass
==PROF== Profiling "assign_velocity_energy__FILE_..." - 196 (197/1500): 0%....50%....100% - 1 pass
==PROF== Profiling "copy_FILE_ClimaCore_jl_mod_sr..." - 197 (198/1500): 0%....50%....100% - 1 pass
==PROF== Profiling "assign_velocity_energy__FILE_..." - 198 (199/1500): 0%....50%....100% - 1 pass
==PROF== Profiling "assign_moisture_edmf__FILE_Cl..." - 199 (200/1500): 0%....50%....100% - 1 pass
==PROF== Profiling "assign_moisture_edmf__FILE_Cl..." - 200 (201/1500): 0%....50%....100% - 1 pass
==PROF== Profiling "assign_moisture_edmf__FILE_Cl..." - 201 (202/1500): 0%....50%....100% - 1 pass
==PROF== Profiling "assign_moisture_edmf__FILE_Cl..." - 202 (203/1500): 0%....50%....100% - 1 pass
==PROF== Profiling "assign_moisture_edmf__FILE_Cl..." - 203 (204/1500): 0%....50%....100% - 1 pass
==PROF== Profiling "copy_FILE_ClimaCore_jl_mod_sr..." - 204 (205/1500): 0%....50%....100% - 1 pass
==PROF== Profiling "assign_moisture_edmf__FILE_Cl..." - 205 (206/1500): 0%....50%....100% - 1 pass
==PROF== Profiling "assign_moisture_edmf__FILE_Cl..." - 206 (207/1500): 0%....50%....100% - 1 pass
==PROF== Profiling "assign_moisture_edmf__FILE_Cl..." - 207 (208/1500): 0%....50%....100% - 1 pass
==PROF== Profiling "assign_moisture_edmf__FILE_Cl..." - 208 (209/1500): 0%....50%....100% - 1 pass
==PROF== Profiling "assign_moisture_edmf__FILE_Cl..." - 209 (210/1500): 0%....50%....100% - 1 pass
==PROF== Profiling "assign_moisture_edmf__FILE_Cl..." - 210 (211/1500): 0%....50%....100% - 1 pass
==PROF== Profiling "assign_moisture_edmf__FILE_Cl..." - 211 (212/1500): 0%....50%....100% - 1 pass
==PROF== Profiling "assign_moisture_edmf__FILE_Cl..." - 212 (213/1500): 0%....50%....100% - 1 pass
==PROF== Profiling "copy_FILE_ClimaCore_jl_mod_sr..." - 213 (214/1500): 0%....50%....100% - 1 pass
==PROF== Profiling "copy_FILE_ClimaCore_jl_mod_sr..." - 214 (215/1500): 0%....50%....100% - 1 pass
==PROF== Profiling "copy_FILE_ClimaCore_jl_mod_sr..." - 215 (216/1500): 0%....50%....100% - 1 pass
==PROF== Profiling "copy_FILE_ClimaCore_jl_mod_sr..." - 216 (217/1500): 0%....50%....100% - 1 pass
==PROF== Profiling "copy_FILE_ClimaCore_jl_mod_sr..." - 217 (218/1500): 0%....50%....100% - 1 pass
==PROF== Profiling "build_cache_FILE_ClimaAtmos_j..." - 218 (219/1500): 0%....50%....100% - 1 pass
==PROF== Profiling "build_cache_FILE_ClimaAtmos_j..." - 219 (220/1500): 0%....50%....100% - 1 pass
==PROF== Profiling "copy_FILE_ClimaCore_jl_mod_sr..." - 220 (221/1500): 0%....50%....100% - 1 pass
==PROF== Profiling "precomputed_quantities_FILE_C..." - 221 (222/1500): 0%....50%....100% - 1 pass
==PROF== Profiling "copy_FILE_ClimaCore_jl_mod_sr..." - 222 (223/1500): 0%....50%....100% - 1 pass
==PROF== Profiling "init_sfc_conditions_zero__FIL..." - 223 (224/1500): 0%....50%....100% - 1 pass
==PROF== Profiling "init_sfc_conditions_zero__FIL..." - 224 (225/1500): 0%....50%....100% - 1 pass
==PROF== Profiling "init_sfc_conditions_zero__FIL..." - 225 (226/1500): 0%....50%....100% - 1 pass
==PROF== Profiling "init_sfc_conditions_zero__FIL..." - 226 (227/1500): 0%....50%....100% - 1 pass
==PROF== Profiling "init_sfc_conditions_zero__FIL..." - 227 (228/1500): 0%....50%....100% - 1 pass
==PROF== Profiling "init_sfc_conditions_zero__FIL..." - 228 (229/1500): 0%....50%....100% - 1 pass
==PROF== Profiling "init_sfc_conditions_zero__FIL..." - 229 (230/1500): 0%....50%....100% - 1 pass
==PROF== Profiling "init_sfc_conditions_zero__FIL..." - 230 (231/1500): 0%....50%....100% - 1 pass
==PROF== Profiling "set_implicit_precomputed_quan..." - 231 (232/1500): 0%....50%....100% - 1 pass
==PROF== Profiling "set_velocity_at_surface__FILE..." - 232 (233/1500): 0%....50%....100% - 1 pass
==PROF== Profiling "set_velocity_at_surface__FILE..." - 233 (234/1500): 0%....50%....100% - 1 pass
==PROF== Profiling "set_velocity_at_surface__FILE..." - 234 (235/1500): 0%....50%....100% - 1 pass
==PROF== Profiling "set_velocity_at_surface__FILE..." - 235 (236/1500): 0%....50%....100% - 1 pass
==PROF== Profiling "set_velocity_quantities__FILE..." - 236 (237/1500): 0%....50%....100% - 1 pass
==PROF== Profiling "set_velocity_quantities__FILE..." - 237 (238/1500): 0%....50%....100% - 1 pass
==PROF== Profiling "set_velocity_quantities__FILE..." - 238 (239/1500): 0%....50%....100% - 1 pass
==PROF== Profiling "set_implicit_precomputed_quan..." - 239 (240/1500): 0%....50%....100% - 1 pass
==PROF== Profiling "set_implicit_precomputed_quan..." - 240 (241/1500): 0%....50%....100% - 1 pass
==PROF== Profiling "set_implicit_precomputed_quan..." - 241 (242/1500): 0%....50%....100% - 1 pass
==PROF== Profiling "set_implicit_precomputed_quan..." - 242 (243/1500): 0%....50%....100% - 1 pass
==PROF== Profiling "set_implicit_precomputed_quan..." - 243 (244/1500): 0%....50%....100% - 1 pass
==PROF== Profiling "set_implicit_precomputed_quan..." - 244 (245/1500): 0%....50%....100% - 1 pass
==PROF== Profiling "set_implicit_precomputed_quan..." - 245 (246/1500): 0%....50%....100% - 1 pass
==PROF== Profiling "set_velocity_quantities__FILE..." - 246 (247/1500): 0%....50%....100% - 1 pass
==PROF== Profiling "set_velocity_quantities__FILE..." - 247 (248/1500): 0%....50%....100% - 1 pass
==PROF== Profiling "set_velocity_quantities__FILE..." - 248 (249/1500): 0%....50%....100% - 1 pass
==PROF== Profiling "set_prognostic_edmf_precomput..." - 249 (250/1500): 0%....50%....100% - 1 pass
==PROF== Profiling "set_prognostic_edmf_precomput..." - 250 (251/1500): 0%....50%....100% - 1 pass
==PROF== Profiling "set_prognostic_edmf_precomput..." - 251 (252/1500): 0%....50%....100% - 1 pass
==PROF== Profiling "set_prognostic_edmf_precomput..." - 252 (253/1500): 0%....50%....100% - 1 pass
==PROF== Profiling "set_prognostic_edmf_precomput..." - 253 (254/1500): 0%....50%....100% - 1 pass
==PROF== Profiling "set_prognostic_edmf_precomput..." - 254 (255/1500): 0%....50%....100% - 1 pass
==PROF== Profiling "set_prognostic_edmf_precomput..." - 255 (256/1500): 0%....50%....100% - 1 pass
==PROF== Profiling "set_sgs__u___FILE_ClimaAtmos_..." - 256 (257/1500): 0%....50%....100% - 1 pass
==PROF== Profiling "set_velocity_quantities__FILE..." - 257 (258/1500): 0%....50%....100% - 1 pass
==PROF== Profiling "set_velocity_quantities__FILE..." - 258 (259/1500): 0%....50%....100% - 1 pass
==PROF== Profiling "set_velocity_quantities__FILE..." - 259 (260/1500): 0%....50%....100% - 1 pass
==PROF== Profiling "set_prognostic_edmf_precomput..." - 260 (261/1500): 0%....50%....100% - 1 pass
==PROF== Profiling "set_prognostic_edmf_precomput..." - 261 (262/1500): 0%....50%....100% - 1 pass
==PROF== Profiling "set_prognostic_edmf_precomput..." - 262 (263/1500): 0%....50%....100% - 1 pass
==PROF== Profiling "set_prognostic_edmf_precomput..." - 263 (264/1500): 0%....50%....100% - 1 pass
==PROF== Profiling "set_precipitation_velocities_..." - 264 (265/1500): 0%....50%....100% - 1 pass
==PROF== Profiling "_FILE_ClimaAtmos_jl_mod_src_c..." - 265 (266/1500): 0%....50%....100% - 1 pass
==PROF== Profiling "_FILE_ClimaAtmos_jl_mod_src_c..." - 266 (267/1500): 0%....50%....100% - 1 pass
==PROF== Profiling "set_precipitation_velocities_..." - 267 (268/1500): 0%....50%....100% - 1 pass
==PROF== Profiling "_FILE_ClimaAtmos_jl_mod_src_c..." - 268 (269/1500): 0%....50%....100% - 1 pass
==PROF== Profiling "_FILE_ClimaAtmos_jl_mod_src_c..." - 269 (270/1500): 0%....50%....100% - 1 pass
==PROF== Profiling "_FILE_ClimaAtmos_jl_mod_src_c..." - 270 (271/1500): 0%....50%....100% - 1 pass
==PROF== Profiling "_FILE_ClimaAtmos_jl_mod_src_c..." - 271 (272/1500): 0%....50%....100% - 1 pass
==PROF== Profiling "_FILE_ClimaAtmos_jl_mod_src_c..." - 272 (273/1500): 0%....50%....100% - 1 pass
==PROF== Profiling "_FILE_ClimaAtmos_jl_mod_src_c..." - 273 (274/1500): 0%....50%....100% - 1 pass
==PROF== Profiling "_FILE_ClimaAtmos_jl_mod_src_c..." - 274 (275/1500): 0%....50%....100% - 1 pass
==PROF== Profiling "_FILE_ClimaAtmos_jl_mod_src_c..." - 275 (276/1500): 0%....50%....100% - 1 pass
==PROF== Profiling "_FILE_ClimaAtmos_jl_mod_src_c..." - 276 (277/1500): 0%....50%....100% - 1 pass
==PROF== Profiling "_FILE_ClimaAtmos_jl_mod_src_c..." - 277 (278/1500): 0%....50%....100% - 1 pass
==PROF== Profiling "set_precipitation_velocities_..." - 278 (279/1500): 0%....50%....100% - 1 pass
==PROF== Profiling "_FILE_ClimaAtmos_jl_mod_src_c..." - 279 (280/1500): 0%....50%....100% - 1 pass
==PROF== Profiling "_FILE_ClimaAtmos_jl_mod_src_c..." - 280 (281/1500): 0%....50%....100% - 1 pass
==PROF== Profiling "_FILE_ClimaAtmos_jl_mod_src_c..." - 281 (282/1500): 0%....50%....100% - 1 pass
==PROF== Profiling "_FILE_ClimaAtmos_jl_mod_src_c..." - 282 (283/1500): 0%....50%....100% - 1 pass
==PROF== Profiling "_FILE_ClimaAtmos_jl_mod_src_c..." - 283 (284/1500): 0%....50%....100% - 1 pass
==PROF== Profiling "_FILE_ClimaAtmos_jl_mod_src_c..." - 284 (285/1500): 0%....50%....100% - 1 pass
==PROF== Profiling "_FILE_ClimaAtmos_jl_mod_src_c..." - 285 (286/1500): 0%....50%....100% - 1 pass
==PROF== Profiling "_FILE_ClimaAtmos_jl_mod_src_c..." - 286 (287/1500): 0%....50%....100% - 1 pass
==PROF== Profiling "_FILE_ClimaAtmos_jl_mod_src_c..." - 287 (288/1500): 0%....50%....100% - 1 pass
==PROF== Profiling "_FILE_ClimaAtmos_jl_mod_src_c..." - 288 (289/1500): 0%....50%....100% - 1 pass
==PROF== Profiling "set_precipitation_velocities_..." - 289 (290/1500): 0%....50%....100% - 1 pass
==PROF== Profiling "_FILE_ClimaAtmos_jl_mod_src_c..." - 290 (291/1500): 0%....50%....100% - 1 pass
==PROF== Profiling "_FILE_ClimaAtmos_jl_mod_src_c..." - 291 (292/1500): 0%....50%....100% - 1 pass
==PROF== Profiling "_FILE_ClimaAtmos_jl_mod_src_c..." - 292 (293/1500): 0%....50%....100% - 1 pass
==PROF== Profiling "_FILE_ClimaAtmos_jl_mod_src_c..." - 293 (294/1500): 0%....50%....100% - 1 pass
==PROF== Profiling "_FILE_ClimaAtmos_jl_mod_src_c..." - 294 (295/1500): 0%....50%....100% - 1 pass
==PROF== Profiling "_FILE_ClimaAtmos_jl_mod_src_c..." - 295 (296/1500): 0%....50%....100% - 1 pass
==PROF== Profiling "_FILE_ClimaAtmos_jl_mod_src_c..." - 296 (297/1500): 0%....50%....100% - 1 pass
==PROF== Profiling "_FILE_ClimaAtmos_jl_mod_src_c..." - 297 (298/1500): 0%....50%....100% - 1 pass
==PROF== Profiling "_FILE_ClimaAtmos_jl_mod_src_c..." - 298 (299/1500): 0%....50%....100% - 1 pass
==PROF== Profiling "_FILE_ClimaAtmos_jl_mod_src_c..." - 299 (300/1500): 0%....50%....100% - 1 pass
==PROF== Profiling "set_precipitation_velocities_..." - 300 (301/1500): 0%....50%....100% - 1 pass
==PROF== Profiling "_FILE_ClimaAtmos_jl_mod_src_c..." - 301 (302/1500): 0%....50%....100% - 1 pass
==PROF== Profiling "_FILE_ClimaAtmos_jl_mod_src_c..." - 302 (303/1500): 0%....50%....100% - 1 pass
==PROF== Profiling "_FILE_ClimaAtmos_jl_mod_src_c..." - 303 (304/1500): 0%....50%....100% - 1 pass
==PROF== Profiling "_FILE_ClimaAtmos_jl_mod_src_c..." - 304 (305/1500): 0%....50%....100% - 1 pass
==PROF== Profiling "_FILE_ClimaAtmos_jl_mod_src_c..." - 305 (306/1500): 0%....50%....100% - 1 pass
==PROF== Profiling "_FILE_ClimaAtmos_jl_mod_src_c..." - 306 (307/1500): 0%....50%....100% - 1 pass
==PROF== Profiling "_FILE_ClimaAtmos_jl_mod_src_c..." - 307 (308/1500): 0%....50%....100% - 1 pass
==PROF== Profiling "_FILE_ClimaAtmos_jl_mod_src_c..." - 308 (309/1500): 0%....50%....100% - 1 pass
==PROF== Profiling "set_precipitation_velocities_..." - 309 (310/1500): 0%....50%....100% - 1 pass
==PROF== Profiling "set_precipitation_velocities_..." - 310 (311/1500): 0%....50%....100% - 1 pass
==PROF== Profiling "set_precipitation_surface_flu..." - 311 (312/1500): 0%....50%....100% - 1 pass
==PROF== Profiling "set_precipitation_surface_flu..." - 312 (313/1500): 0%....50%....100% - 1 pass
==PROF== Profiling "set_precipitation_surface_flu..." - 313 (314/1500): 0%....50%....100% - 1 pass
==PROF== Profiling "set_precipitation_surface_flu..." - 314 (315/1500): 0%....50%....100% - 1 pass
==PROF== Profiling "set_precipitation_surface_flu..." - 315 (316/1500): 0%....50%....100% - 1 pass
==PROF== Profiling "set_precipitation_surface_flu..." - 316 (317/1500): 0%....50%....100% - 1 pass
==PROF== Profiling "set_precipitation_surface_flu..." - 317 (318/1500): 0%....50%....100% - 1 pass
==PROF== Profiling "set_prognostic_edmf_precomput..." - 318 (319/1500): 0%....50%....100% - 1 pass
==PROF== Profiling "set_prognostic_edmf_precomput..." - 319 (320/1500): 0%....50%....100% - 1 pass
==PROF== Profiling "set_prognostic_edmf_precomput..." - 320 (321/1500): 0%....50%....100% - 1 pass
==PROF== Profiling "set_prognostic_edmf_precomput..." - 321 (322/1500): 0%....50%....100% - 1 pass
==PROF== Profiling "set_prognostic_edmf_precomput..." - 322 (323/1500): 0%....50%....100% - 1 pass
==PROF== Profiling "set_edmfx_surface_conditions_..." - 323 (324/1500): 0%....50%....100% - 1 pass
==PROF== Profiling "set_edmfx_surface_conditions_..." - 324 (325/1500): 0%....50%....100% - 1 pass
==PROF== Profiling "set_edmfx_surface_conditions_..." - 325 (326/1500): 0%....50%....100% - 1 pass
==PROF== Profiling "set_edmfx_surface_conditions_..." - 326 (327/1500): 0%....50%....100% - 1 pass
==PROF== Profiling "set_edmfx_surface_conditions_..." - 327 (328/1500): 0%....50%....100% - 1 pass
==PROF== Profiling "set_prognostic_edmf_precomput..." - 328 (329/1500): 0%....50%....100% - 1 pass
==PROF== Profiling "set_prognostic_edmf_precomput..." - 329 (330/1500): 0%....50%....100% - 1 pass
==PROF== Profiling "set_prognostic_edmf_precomput..." - 330 (331/1500): 0%....50%....100% - 1 pass
==PROF== Profiling "set_buoyancy_gradient_inputs_..." - 331 (332/1500): 0%....50%....100% - 1 pass
==PROF== Profiling "set_buoyancy_gradient_inputs_..." - 332 (333/1500): 0%....50%....100% - 1 pass
==PROF== Profiling "set_buoyancy_gradient_inputs_..." - 333 (334/1500): 0%....50%....100% - 1 pass
==PROF== Profiling "set_buoyancy_gradient_inputs_..." - 334 (335/1500): 0%....50%....100% - 1 pass
==PROF== Profiling "_VanLeer_gradient__FILE_Clima..." - 335 (336/1500): 0%....50%....100% - 1 pass
==PROF== Profiling "_VanLeer_gradient__FILE_Clima..." - 336 (337/1500): 0%....50%....100% - 1 pass
==PROF== Profiling "set_covariance_cache_and_clou..." - 337 (338/1500): 0%....50%....100% - 1 pass
==PROF== Profiling "picard_step__FILE_ClimaAtmos_..." - 338 (339/1500): 0%....50%....100% - 1 pass
==PROF== Profiling "_FILE_ClimaAtmos_jl_mod_src_p..." - 339 (340/1500): 0%....50%....100% - 1 pass
==PROF== Profiling "materialized_mixing_length__F..." - 340 (341/1500): 0%....50%....100% - 1 pass
==PROF== Profiling "set_covariance_cache__FILE_Cl..." - 341 (342/1500): 0%....50%....100% - 1 pass
==PROF== Profiling "set_covariance_cache__FILE_Cl..." - 342 (343/1500): 0%....50%....100% - 1 pass
==PROF== Profiling "set_buoyancy_gradient_inputs_..." - 343 (344/1500): 0%....50%....100% - 1 pass
==PROF== Profiling "hgrad_invariant__FILE_ClimaAt..." - 344 (345/1500): 0%....50%....100% - 1 pass
==PROF== Profiling "dss_transform__FILE_ClimaCore..." - 345 (346/1500): 0%....50%....100% - 1 pass
==PROF== Profiling "weighted_dss_internal__FILE_C..." - 346 (347/1500): 0%....50%....100% - 1 pass
==PROF== Profiling "dss_untransform__FILE_ClimaCo..." - 347 (348/1500): 0%....50%....100% - 1 pass
==PROF== Profiling "set_covariance_cache__FILE_Cl..." - 348 (349/1500): 0%....50%....100% - 1 pass
==PROF== Profiling "hgrad_invariant__FILE_ClimaAt..." - 349 (350/1500): 0%....50%....100% - 1 pass
==PROF== Profiling "dss_transform__FILE_ClimaCore..." - 350 (351/1500): 0%....50%....100% - 1 pass
==PROF== Profiling "weighted_dss_internal__FILE_C..." - 351 (352/1500): 0%....50%....100% - 1 pass
==PROF== Profiling "dss_untransform__FILE_ClimaCo..." - 352 (353/1500): 0%....50%....100% - 1 pass
==PROF== Profiling "set_covariance_cache__FILE_Cl..." - 353 (354/1500): 0%....50%....100% - 1 pass
==PROF== Profiling "set_covariance_cache__FILE_Cl..." - 354 (355/1500): 0%....50%....100% - 1 pass
==PROF== Profiling "set_covariance_cache__FILE_Cl..." - 355 (356/1500): 0%....50%....100% - 1 pass
==PROF== Profiling "compute__T_____FILE_ClimaAtmo..." - 356 (357/1500): 0%....50%....100% - 1 pass
==PROF== Profiling "set_covariance_cache__FILE_Cl..." - 357 (358/1500): 0%....50%....100% - 1 pass
==PROF== Profiling "set_covariance_cache__FILE_Cl..." - 358 (359/1500): 0%....50%....100% - 1 pass
==PROF== Profiling "set_precipitation_velocities_..." - 359 (360/1500): 0%....50%....100% - 1 pass
==PROF== Profiling "set_cloud_fraction__NVTX" - 360 (361/1500): 0%....50%....100% - 1 pass
==PROF== Profiling "set_cloud_fraction__NVTX" - 361 (362/1500): 0%....50%....100% - 1 pass
==PROF== Profiling "set_cloud_fraction__NVTX" - 362 (363/1500): 0%....50%....100% - 1 pass
==PROF== Profiling "set_cloud_fraction__NVTX" - 363 (364/1500): 0%....50%....100% - 1 pass
==PROF== Profiling "set_covariance_cache_and_clou..." - 364 (365/1500): 0%....50%....100% - 1 pass
==PROF== Profiling "picard_step__FILE_ClimaAtmos_..." - 365 (366/1500): 0%....50%....100% - 1 pass
==PROF== Profiling "_FILE_ClimaAtmos_jl_mod_src_p..." - 366 (367/1500): 0%....50%....100% - 1 pass
==PROF== Profiling "materialized_mixing_length__F..." - 367 (368/1500): 0%....50%....100% - 1 pass
==PROF== Profiling "set_covariance_cache__FILE_Cl..." - 368 (369/1500): 0%....50%....100% - 1 pass
==PROF== Profiling "set_covariance_cache__FILE_Cl..." - 369 (370/1500): 0%....50%....100% - 1 pass
==PROF== Profiling "set_buoyancy_gradient_inputs_..." - 370 (371/1500): 0%....50%....100% - 1 pass
==PROF== Profiling "hgrad_invariant__FILE_ClimaAt..." - 371 (372/1500): 0%....50%....100% - 1 pass
==PROF== Profiling "dss_transform__FILE_ClimaCore..." - 372 (373/1500): 0%....50%....100% - 1 pass
==PROF== Profiling "weighted_dss_internal__FILE_C..." - 373 (374/1500): 0%....50%....100% - 1 pass
==PROF== Profiling "dss_untransform__FILE_ClimaCo..." - 374 (375/1500): 0%....50%....100% - 1 pass
==PROF== Profiling "set_covariance_cache__FILE_Cl..." - 375 (376/1500): 0%....50%....100% - 1 pass
==PROF== Profiling "hgrad_invariant__FILE_ClimaAt..." - 376 (377/1500): 0%....50%....100% - 1 pass
==PROF== Profiling "dss_transform__FILE_ClimaCore..." - 377 (378/1500): 0%....50%....100% - 1 pass
==PROF== Profiling "weighted_dss_internal__FILE_C..." - 378 (379/1500): 0%....50%....100% - 1 pass
==PROF== Profiling "dss_untransform__FILE_ClimaCo..." - 379 (380/1500): 0%....50%....100% - 1 pass
==PROF== Profiling "set_covariance_cache__FILE_Cl..." - 380 (381/1500): 0%....50%....100% - 1 pass
==PROF== Profiling "set_covariance_cache__FILE_Cl..." - 381 (382/1500): 0%....50%....100% - 1 pass
==PROF== Profiling "set_covariance_cache__FILE_Cl..." - 382 (383/1500): 0%....50%....100% - 1 pass
==PROF== Profiling "compute__T_____FILE_ClimaAtmo..." - 383 (384/1500): 0%....50%....100% - 1 pass
==PROF== Profiling "set_covariance_cache__FILE_Cl..." - 384 (385/1500): 0%....50%....100% - 1 pass
==PROF== Profiling "set_covariance_cache__FILE_Cl..." - 385 (386/1500): 0%....50%....100% - 1 pass
==PROF== Profiling "set_precipitation_velocities_..." - 386 (387/1500): 0%....50%....100% - 1 pass
==PROF== Profiling "set_cloud_fraction__NVTX" - 387 (388/1500): 0%....50%....100% - 1 pass
==PROF== Profiling "set_cloud_fraction__NVTX" - 388 (389/1500): 0%....50%....100% - 1 pass
==PROF== Profiling "set_cloud_fraction__NVTX" - 389 (390/1500): 0%....50%....100% - 1 pass
==PROF== Profiling "set_cloud_fraction__NVTX" - 390 (391/1500): 0%....50%....100% - 1 pass
==PROF== Profiling "set_covariance_cache_and_clou..." - 391 (392/1500): 0%....50%....100% - 1 pass
==PROF== Profiling "set_covariance_cache_and_clou..." - 392 (393/1500): 0%....50%....100% - 1 pass
==PROF== Profiling "picard_step__FILE_ClimaAtmos_..." - 393 (394/1500): 0%....50%....100% - 1 pass
==PROF== Profiling "_FILE_ClimaAtmos_jl_mod_src_p..." - 394 (395/1500): 0%....50%....100% - 1 pass
==PROF== Profiling "materialized_mixing_length__F..." - 395 (396/1500): 0%....50%....100% - 1 pass
==PROF== Profiling "set_covariance_cache__FILE_Cl..." - 396 (397/1500): 0%....50%....100% - 1 pass
==PROF== Profiling "set_covariance_cache__FILE_Cl..." - 397 (398/1500): 0%....50%....100% - 1 pass
==PROF== Profiling "set_buoyancy_gradient_inputs_..." - 398 (399/1500): 0%....50%....100% - 1 pass
==PROF== Profiling "hgrad_invariant__FILE_ClimaAt..." - 399 (400/1500): 0%....50%....100% - 1 pass
==PROF== Profiling "dss_transform__FILE_ClimaCore..." - 400 (401/1500): 0%....50%....100% - 1 pass
==PROF== Profiling "weighted_dss_internal__FILE_C..." - 401 (402/1500): 0%....50%....100% - 1 pass
==PROF== Profiling "dss_untransform__FILE_ClimaCo..." - 402 (403/1500): 0%....50%....100% - 1 pass
==PROF== Profiling "set_covariance_cache__FILE_Cl..." - 403 (404/1500): 0%....50%....100% - 1 pass
==PROF== Profiling "hgrad_invariant__FILE_ClimaAt..." - 404 (405/1500): 0%....50%....100% - 1 pass
==PROF== Profiling "dss_transform__FILE_ClimaCore..." - 405 (406/1500): 0%....50%....100% - 1 pass
==PROF== Profiling "weighted_dss_internal__FILE_C..." - 406 (407/1500): 0%....50%....100% - 1 pass
==PROF== Profiling "dss_untransform__FILE_ClimaCo..." - 407 (408/1500): 0%....50%....100% - 1 pass
==PROF== Profiling "set_covariance_cache__FILE_Cl..." - 408 (409/1500): 0%....50%....100% - 1 pass
==PROF== Profiling "set_covariance_cache__FILE_Cl..." - 409 (410/1500): 0%....50%....100% - 1 pass
==PROF== Profiling "set_covariance_cache__FILE_Cl..." - 410 (411/1500): 0%....50%....100% - 1 pass
==PROF== Profiling "compute__T_____FILE_ClimaAtmo..." - 411 (412/1500): 0%....50%....100% - 1 pass
==PROF== Profiling "set_covariance_cache__FILE_Cl..." - 412 (413/1500): 0%....50%....100% - 1 pass
==PROF== Profiling "set_covariance_cache__FILE_Cl..." - 413 (414/1500): 0%....50%....100% - 1 pass
==PROF== Profiling "set_precipitation_velocities_..." - 414 (415/1500): 0%....50%....100% - 1 pass
==PROF== Profiling "set_cloud_fraction__NVTX" - 415 (416/1500): 0%....50%....100% - 1 pass
==PROF== Profiling "set_sgs_moments_and_cloud_fra..." - 416 (417/1500): 0%....50%....100% - 1 pass
==PROF== Profiling "set_sgs_moments_and_cloud_fra..." - 417 (418/1500): 0%....50%....100% - 1 pass
==PROF== Profiling "set_cloud_fraction__NVTX" - 418 (419/1500): 0%....50%....100% - 1 pass
==PROF== Profiling "set_cloud_fraction__NVTX" - 419 (420/1500): 0%....50%....100% - 1 pass
==PROF== Profiling "set_sgs_moments_and_cloud_fra..." - 420 (421/1500): 0%....50%....100% - 1 pass
==PROF== Profiling "set_face_diffusivities__NVTX" - 421 (422/1500): 0%....50%....100% - 1 pass
==PROF== Profiling "set_face_diffusivities__NVTX" - 422 (423/1500): 0%....50%....100% - 1 pass
==PROF== Profiling "_FILE_ClimaAtmos_jl_mod_src_s..." - 423 (424/1500): 0%....50%....100% - 1 pass
==PROF== Profiling "set_face_diffusivities__NVTX" - 424 (425/1500): 0%....50%....100% - 1 pass
==PROF== Profiling "set_face_diffusivities__NVTX" - 425 (426/1500): 0%....50%....100% - 1 pass
==PROF== Profiling "set_face_diffusivities__NVTX" - 426 (427/1500): 0%....50%....100% - 1 pass
==PROF== Profiling "set_precipitation_velocities_..." - 427 (428/1500): 0%....50%....100% - 1 pass
==PROF== Profiling "_FILE_ClimaAtmos_jl_mod_src_c..." - 428 (429/1500): 0%....50%....100% - 1 pass
==PROF== Profiling "_FILE_ClimaAtmos_jl_mod_src_c..." - 429 (430/1500): 0%....50%....100% - 1 pass
==PROF== Profiling "set_precipitation_velocities_..." - 430 (431/1500): 0%....50%....100% - 1 pass
==PROF== Profiling "_FILE_ClimaAtmos_jl_mod_src_c..." - 431 (432/1500): 0%....50%....100% - 1 pass
==PROF== Profiling "_FILE_ClimaAtmos_jl_mod_src_c..." - 432 (433/1500): 0%....50%....100% - 1 pass
==PROF== Profiling "_FILE_ClimaAtmos_jl_mod_src_c..." - 433 (434/1500): 0%....50%....100% - 1 pass
==PROF== Profiling "_FILE_ClimaAtmos_jl_mod_src_c..." - 434 (435/1500): 0%....50%....100% - 1 pass
==PROF== Profiling "_FILE_ClimaAtmos_jl_mod_src_c..." - 435 (436/1500): 0%....50%....100% - 1 pass
==PROF== Profiling "_FILE_ClimaAtmos_jl_mod_src_c..." - 436 (437/1500): 0%....50%....100% - 1 pass
==PROF== Profiling "_FILE_ClimaAtmos_jl_mod_src_c..." - 437 (438/1500): 0%....50%....100% - 1 pass
==PROF== Profiling "_FILE_ClimaAtmos_jl_mod_src_c..." - 438 (439/1500): 0%....50%....100% - 1 pass
==PROF== Profiling "_FILE_ClimaAtmos_jl_mod_src_c..." - 439 (440/1500): 0%....50%....100% - 1 pass
==PROF== Profiling "_FILE_ClimaAtmos_jl_mod_src_c..." - 440 (441/1500): 0%....50%....100% - 1 pass
==PROF== Profiling "set_precipitation_velocities_..." - 441 (442/1500): 0%....50%....100% - 1 pass
==PROF== Profiling "_FILE_ClimaAtmos_jl_mod_src_c..." - 442 (443/1500): 0%....50%....100% - 1 pass
==PROF== Profiling "_FILE_ClimaAtmos_jl_mod_src_c..." - 443 (444/1500): 0%....50%....100% - 1 pass
==PROF== Profiling "_FILE_ClimaAtmos_jl_mod_src_c..." - 444 (445/1500): 0%....50%....100% - 1 pass
==PROF== Profiling "_FILE_ClimaAtmos_jl_mod_src_c..." - 445 (446/1500): 0%....50%....100% - 1 pass
==PROF== Profiling "_FILE_ClimaAtmos_jl_mod_src_c..." - 446 (447/1500): 0%....50%....100% - 1 pass
==PROF== Profiling "_FILE_ClimaAtmos_jl_mod_src_c..." - 447 (448/1500): 0%....50%....100% - 1 pass
==PROF== Profiling "_FILE_ClimaAtmos_jl_mod_src_c..." - 448 (449/1500): 0%....50%....100% - 1 pass
==PROF== Profiling "_FILE_ClimaAtmos_jl_mod_src_c..." - 449 (450/1500): 0%....50%....100% - 1 pass
==PROF== Profiling "_FILE_ClimaAtmos_jl_mod_src_c..." - 450 (451/1500): 0%....50%....100% - 1 pass
==PROF== Profiling "_FILE_ClimaAtmos_jl_mod_src_c..." - 451 (452/1500): 0%....50%....100% - 1 pass
==PROF== Profiling "set_precipitation_velocities_..." - 452 (453/1500): 0%....50%....100% - 1 pass
==PROF== Profiling "_FILE_ClimaAtmos_jl_mod_src_c..." - 453 (454/1500): 0%....50%....100% - 1 pass
==PROF== Profiling "_FILE_ClimaAtmos_jl_mod_src_c..." - 454 (455/1500): 0%....50%....100% - 1 pass
==PROF== Profiling "_FILE_ClimaAtmos_jl_mod_src_c..." - 455 (456/1500): 0%....50%....100% - 1 pass
==PROF== Profiling "_FILE_ClimaAtmos_jl_mod_src_c..." - 456 (457/1500): 0%....50%....100% - 1 pass
==PROF== Profiling "_FILE_ClimaAtmos_jl_mod_src_c..." - 457 (458/1500): 0%....50%....100% - 1 pass
==PROF== Profiling "_FILE_ClimaAtmos_jl_mod_src_c..." - 458 (459/1500): 0%....50%....100% - 1 pass
==PROF== Profiling "_FILE_ClimaAtmos_jl_mod_src_c..." - 459 (460/1500): 0%....50%....100% - 1 pass
==PROF== Profiling "_FILE_ClimaAtmos_jl_mod_src_c..." - 460 (461/1500): 0%....50%....100% - 1 pass
==PROF== Profiling "_FILE_ClimaAtmos_jl_mod_src_c..." - 461 (462/1500): 0%....50%....100% - 1 pass
==PROF== Profiling "_FILE_ClimaAtmos_jl_mod_src_c..." - 462 (463/1500): 0%....50%....100% - 1 pass
==PROF== Profiling "set_precipitation_velocities_..." - 463 (464/1500): 0%....50%....100% - 1 pass
==PROF== Profiling "_FILE_ClimaAtmos_jl_mod_src_c..." - 464 (465/1500): 0%....50%....100% - 1 pass
==PROF== Profiling "_FILE_ClimaAtmos_jl_mod_src_c..." - 465 (466/1500): 0%....50%....100% - 1 pass
==PROF== Profiling "_FILE_ClimaAtmos_jl_mod_src_c..." - 466 (467/1500): 0%....50%....100% - 1 pass
==PROF== Profiling "_FILE_ClimaAtmos_jl_mod_src_c..." - 467 (468/1500): 0%....50%....100% - 1 pass
==PROF== Profiling "_FILE_ClimaAtmos_jl_mod_src_c..." - 468 (469/1500): 0%....50%....100% - 1 pass
==PROF== Profiling "_FILE_ClimaAtmos_jl_mod_src_c..." - 469 (470/1500): 0%....50%....100% - 1 pass
==PROF== Profiling "_FILE_ClimaAtmos_jl_mod_src_c..." - 470 (471/1500): 0%....50%....100% - 1 pass
==PROF== Profiling "_FILE_ClimaAtmos_jl_mod_src_c..." - 471 (472/1500): 0%....50%....100% - 1 pass
==PROF== Profiling "set_precipitation_velocities_..." - 472 (473/1500): 0%....50%....100% - 1 pass
==PROF== Profiling "set_precipitation_velocities_..." - 473 (474/1500): 0%....50%....100% - 1 pass
==PROF== Profiling "set_microphysics_tendency_cac..." - 474 (475/1500): 0%....50%....100% - 1 pass
==PROF== Profiling "set_microphysics_tendency_cac..." - 475 (476/1500): 0%....50%....100% - 1 pass
==PROF== Profiling "set_microphysics_tendency_cac..." - 476 (477/1500): 0%....50%....100% - 1 pass
==PROF== Profiling "set_microphysics_tendency_cac..." - 477 (478/1500): 0%....50%....100% - 1 pass
==PROF== Profiling "set_microphysics_tendency_cac..." - 478 (479/1500): 0%....50%....100% - 1 pass
==PROF== Profiling "set_microphysics_tendency_cac..." - 479 (480/1500): 0%....50%....100% - 1 pass
==PROF== Profiling "set_microphysics_tendency_cac..." - 480 (481/1500): 0%....50%....100% - 1 pass
==PROF== Profiling "set_microphysics_tendency_cac..." - 481 (482/1500): 0%....50%....100% - 1 pass
==PROF== Profiling "set_microphysics_tendency_cac..." - 482 (483/1500): 0%....50%....100% - 1 pass
==PROF== Profiling "set_precipitation_surface_flu..." - 483 (484/1500): 0%....50%....100% - 1 pass
==PROF== Profiling "set_precipitation_surface_flu..." - 484 (485/1500): 0%....50%....100% - 1 pass
==PROF== Profiling "set_precipitation_surface_flu..." - 485 (486/1500): 0%....50%....100% - 1 pass
==PROF== Profiling "set_precipitation_surface_flu..." - 486 (487/1500): 0%....50%....100% - 1 pass
==PROF== Profiling "set_precipitation_surface_flu..." - 487 (488/1500): 0%....50%....100% - 1 pass
==PROF== Profiling "set_precipitation_surface_flu..." - 488 (489/1500): 0%....50%....100% - 1 pass
==PROF== Profiling "set_precipitation_surface_flu..." - 489 (490/1500): 0%....50%....100% - 1 pass
==PROF== Profiling "copy_FILE_ClimaCore_jl_mod_sr..." - 490 (491/1500): 0%....50%....100% - 1 pass
==PROF== Profiling "copy_FILE_ClimaCore_jl_mod_sr..." - 491 (492/1500): 0%....50%....100% - 1 pass
==PROF== Profiling "copy_FILE_ClimaCore_jl_mod_sr..." - 492 (493/1500): 0%....50%....100% - 1 pass
==PROF== Profiling "copy_FILE_ClimaCore_jl_mod_sr..." - 493 (494/1500): 0%....50%....100% - 1 pass
==PROF== Profiling "copy_FILE_ClimaCore_jl_mod_sr..." - 494 (495/1500): 0%....50%....100% - 1 pass
==PROF== Profiling "copy_FILE_ClimaCore_jl_mod_sr..." - 495 (496/1500): 0%....50%....100% - 1 pass
==PROF== Profiling "fill__FILE_ClimaCore_jl_mod_s..." - 496 (497/1500): 0%....50%....100% - 1 pass
==PROF== Profiling "fill__FILE_ClimaCore_jl_mod_s..." - 497 (498/1500): 0%....50%....100% - 1 pass
==PROF== Profiling "fill__FILE_ClimaCore_jl_mod_s..." - 498 (499/1500): 0%....50%....100% - 1 pass
==PROF== Profiling "fill__FILE_ClimaCore_jl_mod_s..." - 499 (500/1500): 0%....50%....100% - 1 pass
==PROF== Profiling "fill__FILE_ClimaCore_jl_mod_s..." - 500 (501/1500): 0%....50%....100% - 1 pass
==PROF== Profiling "fill__FILE_ClimaCore_jl_mod_s..." - 501 (502/1500): 0%....50%....100% - 1 pass
==PROF== Profiling "fill__FILE_ClimaCore_jl_mod_s..." - 502 (503/1500): 0%....50%....100% - 1 pass
==PROF== Profiling "fill__FILE_ClimaCore_jl_mod_s..." - 503 (504/1500): 0%....50%....100% - 1 pass
==PROF== Profiling "fill__FILE_ClimaCore_jl_mod_s..." - 504 (505/1500): 0%....50%....100% - 1 pass
==PROF== Profiling "fill__FILE_ClimaCore_jl_mod_s..." - 505 (506/1500): 0%....50%....100% - 1 pass
==PROF== Profiling "fill__FILE_ClimaCore_jl_mod_s..." - 506 (507/1500): 0%....50%....100% - 1 pass
==PROF== Profiling "fill__FILE_ClimaCore_jl_mod_s..." - 507 (508/1500): 0%....50%....100% - 1 pass
==PROF== Profiling "fill__FILE_ClimaCore_jl_mod_s..." - 508 (509/1500): 0%....50%....100% - 1 pass
==PROF== Profiling "fill__FILE_ClimaCore_jl_mod_s..." - 509 (510/1500): 0%....50%....100% - 1 pass
==PROF== Profiling "fill__FILE_ClimaCore_jl_mod_s..." - 510 (511/1500): 0%....50%....100% - 1 pass
==PROF== Profiling "fill__FILE_ClimaCore_jl_mod_s..." - 511 (512/1500): 0%....50%....100% - 1 pass
==PROF== Profiling "fill__FILE_ClimaCore_jl_mod_s..." - 512 (513/1500): 0%....50%....100% - 1 pass
==PROF== Profiling "fill__FILE_ClimaCore_jl_mod_s..." - 513 (514/1500): 0%....50%....100% - 1 pass
==PROF== Profiling "fill__FILE_ClimaCore_jl_mod_s..." - 514 (515/1500): 0%....50%....100% - 1 pass
==PROF== Profiling "fill__FILE_ClimaCore_jl_mod_s..." - 515 (516/1500): 0%....50%....100% - 1 pass
==PROF== Profiling "fill__FILE_ClimaCore_jl_mod_s..." - 516 (517/1500): 0%....50%....100% - 1 pass
==PROF== Profiling "fill__FILE_ClimaCore_jl_mod_s..." - 517 (518/1500): 0%....50%....100% - 1 pass
==PROF== Profiling "fill__FILE_ClimaCore_jl_mod_s..." - 518 (519/1500): 0%....50%....100% - 1 pass
==PROF== Profiling "fill__FILE_ClimaCore_jl_mod_s..." - 519 (520/1500): 0%....50%....100% - 1 pass
==PROF== Profiling "fill__FILE_ClimaCore_jl_mod_s..." - 520 (521/1500): 0%....50%....100% - 1 pass
==PROF== Profiling "fill__FILE_ClimaCore_jl_mod_s..." - 521 (522/1500): 0%....50%....100% - 1 pass
==PROF== Profiling "fill__FILE_ClimaCore_jl_mod_s..." - 522 (523/1500): 0%....50%....100% - 1 pass
==PROF== Profiling "fill__FILE_ClimaCore_jl_mod_s..." - 523 (524/1500): 0%....50%....100% - 1 pass
==PROF== Profiling "fill__FILE_ClimaCore_jl_mod_s..." - 524 (525/1500): 0%....50%....100% - 1 pass
==PROF== Profiling "fill__FILE_ClimaCore_jl_mod_s..." - 525 (526/1500): 0%....50%....100% - 1 pass
==PROF== Profiling "fill__FILE_ClimaCore_jl_mod_s..." - 526 (527/1500): 0%....50%....100% - 1 pass
==PROF== Profiling "fill__FILE_ClimaCore_jl_mod_s..." - 527 (528/1500): 0%....50%....100% - 1 pass
==PROF== Profiling "fill__FILE_ClimaCore_jl_mod_s..." - 528 (529/1500): 0%....50%....100% - 1 pass
==PROF== Profiling "fill__FILE_ClimaCore_jl_mod_s..." - 529 (530/1500): 0%....50%....100% - 1 pass
==PROF== Profiling "fill__FILE_ClimaCore_jl_mod_s..." - 530 (531/1500): 0%....50%....100% - 1 pass
==PROF== Profiling "fill__FILE_ClimaCore_jl_mod_s..." - 531 (532/1500): 0%....50%....100% - 1 pass
==PROF== Profiling "fill__FILE_ClimaCore_jl_mod_s..." - 532 (533/1500): 0%....50%....100% - 1 pass
==PROF== Profiling "fill__FILE_ClimaCore_jl_mod_s..." - 533 (534/1500): 0%....50%....100% - 1 pass
==PROF== Profiling "fill__FILE_ClimaCore_jl_mod_s..." - 534 (535/1500): 0%....50%....100% - 1 pass
==PROF== Profiling "fill__FILE_ClimaCore_jl_mod_s..." - 535 (536/1500): 0%....50%....100% - 1 pass
==PROF== Profiling "fill__FILE_ClimaCore_jl_mod_s..." - 536 (537/1500): 0%....50%....100% - 1 pass
==PROF== Profiling "fill__FILE_ClimaCore_jl_mod_s..." - 537 (538/1500): 0%....50%....100% - 1 pass
==PROF== Profiling "fill__FILE_ClimaCore_jl_mod_s..." - 538 (539/1500): 0%....50%....100% - 1 pass
==PROF== Profiling "fill__FILE_ClimaCore_jl_mod_s..." - 539 (540/1500): 0%....50%....100% - 1 pass
==PROF== Profiling "fill__FILE_ClimaCore_jl_mod_s..." - 540 (541/1500): 0%....50%....100% - 1 pass
==PROF== Profiling "fill__FILE_ClimaCore_jl_mod_s..." - 541 (542/1500): 0%....50%....100% - 1 pass
==PROF== Profiling "fill__FILE_ClimaCore_jl_mod_s..." - 542 (543/1500): 0%....50%....100% - 1 pass
==PROF== Profiling "fill__FILE_ClimaCore_jl_mod_s..." - 543 (544/1500): 0%....50%....100% - 1 pass
==PROF== Profiling "fill__FILE_ClimaCore_jl_mod_s..." - 544 (545/1500): 0%....50%....100% - 1 pass
==PROF== Profiling "fill__FILE_ClimaCore_jl_mod_s..." - 545 (546/1500): 0%....50%....100% - 1 pass
==PROF== Profiling "fill__FILE_ClimaCore_jl_mod_s..." - 546 (547/1500): 0%....50%....100% - 1 pass
==PROF== Profiling "fill__FILE_ClimaCore_jl_mod_s..." - 547 (548/1500): 0%....50%....100% - 1 pass
==PROF== Profiling "fill__FILE_ClimaCore_jl_mod_s..." - 548 (549/1500): 0%....50%....100% - 1 pass
==PROF== Profiling "fill__FILE_ClimaCore_jl_mod_s..." - 549 (550/1500): 0%....50%....100% - 1 pass
==PROF== Profiling "fill__FILE_ClimaCore_jl_mod_s..." - 550 (551/1500): 0%....50%....100% - 1 pass
==PROF== Profiling "fill__FILE_ClimaCore_jl_mod_s..." - 551 (552/1500): 0%....50%....100% - 1 pass
==PROF== Profiling "fill__FILE_ClimaCore_jl_mod_s..." - 552 (553/1500): 0%....50%....100% - 1 pass
==PROF== Profiling "fill__FILE_ClimaCore_jl_mod_s..." - 553 (554/1500): 0%....50%....100% - 1 pass
==PROF== Profiling "fill__FILE_ClimaCore_jl_mod_s..." - 554 (555/1500): 0%....50%....100% - 1 pass
==PROF== Profiling "fill__FILE_ClimaCore_jl_mod_s..." - 555 (556/1500): 0%....50%....100% - 1 pass
==PROF== Profiling "fill__FILE_ClimaCore_jl_mod_s..." - 556 (557/1500): 0%....50%....100% - 1 pass
==PROF== Profiling "fill__FILE_ClimaCore_jl_mod_s..." - 557 (558/1500): 0%....50%....100% - 1 pass
==PROF== Profiling "fill__FILE_ClimaCore_jl_mod_s..." - 558 (559/1500): 0%....50%....100% - 1 pass
==PROF== Profiling "copy_FILE_ClimaCore_jl_mod_sr..." - 559 (560/1500): 0%....50%....100% - 1 pass
==PROF== Profiling "fill_FILE_ClimaCore_jl_mod_sr..." - 560 (561/1500): 0%....50%....100% - 1 pass
==PROF== Profiling "fill_FILE_ClimaCore_jl_mod_sr..." - 561 (562/1500): 0%....50%....100% - 1 pass
==PROF== Profiling "copy_FILE_ClimaCore_jl_mod_sr..." - 562 (563/1500): 0%....50%....100% - 1 pass
==PROF== Profiling "copy_FILE_ClimaCore_jl_mod_sr..." - 563 (564/1500): 0%....50%....100% - 1 pass
==PROF== Profiling "copy_FILE_ClimaCore_jl_mod_sr..." - 564 (565/1500): 0%....50%....100% - 1 pass
==PROF== Profiling "copy_FILE_ClimaCore_jl_mod_sr..." - 565 (566/1500): 0%....50%....100% - 1 pass
==PROF== Profiling "copy_FILE_ClimaCore_jl_mod_sr..." - 566 (567/1500): 0%....50%....100% - 1 pass
==PROF== Profiling "copy_FILE_ClimaCore_jl_mod_sr..." - 567 (568/1500): 0%....50%....100% - 1 pass
==PROF== Profiling "copy_FILE_ClimaCore_jl_mod_sr..." - 568 (569/1500): 0%....50%....100% - 1 pass
==PROF== Profiling "copy_FILE_ClimaCore_jl_mod_sr..." - 569 (570/1500): 0%....50%....100% - 1 pass
==PROF== Profiling "copy_FILE_ClimaCore_jl_mod_sr..." - 570 (571/1500): 0%....50%....100% - 1 pass
==PROF== Profiling "copy_FILE_ClimaCore_jl_mod_sr..." - 571 (572/1500): 0%....50%....100% - 1 pass
==PROF== Profiling "copy_FILE_ClimaCore_jl_mod_sr..." - 572 (573/1500): 0%....50%....100% - 1 pass
==PROF== Profiling "copy_FILE_ClimaCore_jl_mod_sr..." - 573 (574/1500): 0%....50%....100% - 1 pass
==PROF== Profiling "regrid_OGW_info_FILE_ClimaAtm..." - 574 (575/1500): 0%....50%....100% - 1 pass
==PROF== Profiling "regrid_OGW_info_FILE_ClimaAtm..." - 575 (576/1500): 0%....50%....100% - 1 pass
==PROF== Profiling "regrid_OGW_info_FILE_ClimaAtm..." - 576 (577/1500): 0%....50%....100% - 1 pass
==PROF== Profiling "regrid_OGW_info_FILE_ClimaAtm..." - 577 (578/1500): 0%....50%....100% - 1 pass
==PROF== Profiling "regrid_OGW_info_FILE_ClimaAtm..." - 578 (579/1500): 0%....50%....100% - 1 pass
==PROF== Profiling "regrid_OGW_info_FILE_ClimaAtm..." - 579 (580/1500): 0%....50%....100% - 1 pass
==PROF== Profiling "gpu_linear_copy_kernel_" - 580 (581/1500): 0%....50%....100% - 1 pass
==PROF== Profiling "gpu_fill_kernel_" - 581 (582/1500): 0%....50%....100% - 1 pass
==PROF== Profiling "gpu_fill_kernel_" - 582 (583/1500): 0%....50%....100% - 1 pass
==PROF== Profiling "gpu_fill_kernel_" - 583 (584/1500): 0%....50%....100% - 1 pass
==PROF== Profiling "gpu_broadcast_kernel_linear" - 584 (585/1500): 0%....50%....100% - 1 pass
==PROF== Profiling "gpu_fill_kernel_" - 585 (586/1500): 0%....50%....100% - 1 pass
==PROF== Profiling "gpu_fill_kernel_" - 586 (587/1500): 0%....50%....100% - 1 pass
==PROF== Profiling "gpu_fill_kernel_" - 587 (588/1500): 0%....50%....100% - 1 pass
==PROF== Profiling "gpu_fill_kernel_" - 588 (589/1500): 0%....50%....100% - 1 pass
==PROF== Profiling "gpu_fill_kernel_" - 589 (590/1500): 0%....50%....100% - 1 pass
==PROF== Profiling "gpu_fill_kernel_" - 590 (591/1500): 0%....50%....100% - 1 pass
==PROF== Profiling "gpu_fill_kernel_" - 591 (592/1500): 0%....50%....100% - 1 pass
==PROF== Profiling "gpu_fill_kernel_" - 592 (593/1500): 0%....50%....100% - 1 pass
==PROF== Profiling "gpu_fill_kernel_" - 593 (594/1500): 0%....50%....100% - 1 pass
==PROF== Profiling "gpu_fill_kernel_" - 594 (595/1500): 0%....50%....100% - 1 pass
==PROF== Profiling "gpu_fill_kernel_" - 595 (596/1500): 0%....50%....100% - 1 pass
==PROF== Profiling "gpu_fill_kernel_" - 596 (597/1500): 0%....50%....100% - 1 pass
==PROF== Profiling "gpu_fill_kernel_" - 597 (598/1500): 0%....50%....100% - 1 pass
==PROF== Profiling "gpu_fill_kernel_" - 598 (599/1500): 0%....50%....100% - 1 pass
==PROF== Profiling "gpu_fill_kernel_" - 599 (600/1500): 0%....50%....100% - 1 pass
==PROF== Profiling "gpu_fill_kernel_" - 600 (601/1500): 0%....50%....100% - 1 pass
==PROF== Profiling "gpu_fill_kernel_" - 601 (602/1500): 0%....50%....100% - 1 pass
==PROF== Profiling "gpu_fill_kernel_" - 602 (603/1500): 0%....50%....100% - 1 pass
==PROF== Profiling "gpu_fill_kernel_" - 603 (604/1500): 0%....50%....100% - 1 pass
==PROF== Profiling "gpu_fill_kernel_" - 604 (605/1500): 0%....50%....100% - 1 pass
==PROF== Profiling "gpu_fill_kernel_" - 605 (606/1500): 0%....50%....100% - 1 pass
==PROF== Profiling "gpu_fill_kernel_" - 606 (607/1500): 0%....50%....100% - 1 pass
==PROF== Profiling "gpu_fill_kernel_" - 607 (608/1500): 0%....50%....100% - 1 pass
==PROF== Profiling "gpu_fill_kernel_" - 608 (609/1500): 0%....50%....100% - 1 pass
==PROF== Profiling "gpu_fill_kernel_" - 609 (610/1500): 0%....50%....100% - 1 pass
==PROF== Profiling "gpu_fill_kernel_" - 610 (611/1500): 0%....50%....100% - 1 pass
==PROF== Profiling "gpu_fill_kernel_" - 611 (612/1500): 0%....50%....100% - 1 pass
==PROF== Profiling "gpu_fill_kernel_" - 612 (613/1500): 0%....50%....100% - 1 pass
==PROF== Profiling "gpu_fill_kernel_" - 613 (614/1500): 0%....50%....100% - 1 pass
==PROF== Profiling "gpu_fill_kernel_" - 614 (615/1500): 0%....50%....100% - 1 pass
==PROF== Profiling "gpu_fill_kernel_" - 615 (616/1500): 0%....50%....100% - 1 pass
==PROF== Profiling "gpu_fill_kernel_" - 616 (617/1500): 0%....50%....100% - 1 pass
==PROF== Profiling "gpu_linear_copy_kernel_" - 617 (618/1500): 0%....50%....100% - 1 pass
==PROF== Profiling "gpu_linear_copy_kernel_" - 618 (619/1500): 0%....50%....100% - 1 pass
==PROF== Profiling "gpu_broadcast_kernel_cartesian" - 619 (620/1500): 0%....50%....100% - 1 pass
==PROF== Profiling "gpu_broadcast_kernel_linear" - 620 (621/1500): 0%....50%....100% - 1 pass
==PROF== Profiling "gpu_broadcast_kernel_linear" - 621 (622/1500): 0%....50%....100% - 1 pass
==PROF== Profiling "gpu_broadcast_kernel_linear" - 622 (623/1500): 0%....50%....100% - 1 pass
==PROF== Profiling "set_implicit_precomputed_quan..." - 623 (624/1500): 0%....50%....100% - 1 pass
==PROF== Profiling "set_velocity_at_surface__FILE..." - 624 (625/1500): 0%....50%....100% - 1 pass
==PROF== Profiling "set_velocity_at_surface__FILE..." - 625 (626/1500): 0%....50%....100% - 1 pass
==PROF== Profiling "set_velocity_at_surface__FILE..." - 626 (627/1500): 0%....50%....100% - 1 pass
==PROF== Profiling "set_velocity_at_surface__FILE..." - 627 (628/1500): 0%....50%....100% - 1 pass
==PROF== Profiling "set_velocity_quantities__FILE..." - 628 (629/1500): 0%....50%....100% - 1 pass
==PROF== Profiling "set_velocity_quantities__FILE..." - 629 (630/1500): 0%....50%....100% - 1 pass
==PROF== Profiling "set_velocity_quantities__FILE..." - 630 (631/1500): 0%....50%....100% - 1 pass
==PROF== Profiling "set_implicit_precomputed_quan..." - 631 (632/1500): 0%....50%....100% - 1 pass
==PROF== Profiling "set_implicit_precomputed_quan..." - 632 (633/1500): 0%....50%....100% - 1 pass
==PROF== Profiling "set_implicit_precomputed_quan..." - 633 (634/1500): 0%....50%....100% - 1 pass
==PROF== Profiling "set_implicit_precomputed_quan..." - 634 (635/1500): 0%....50%....100% - 1 pass
==PROF== Profiling "set_implicit_precomputed_quan..." - 635 (636/1500): 0%....50%....100% - 1 pass
==PROF== Profiling "set_implicit_precomputed_quan..." - 636 (637/1500): 0%....50%....100% - 1 pass
==PROF== Profiling "set_implicit_precomputed_quan..." - 637 (638/1500): 0%....50%....100% - 1 pass
==PROF== Profiling "set_velocity_quantities__FILE..." - 638 (639/1500): 0%....50%....100% - 1 pass
==PROF== Profiling "set_velocity_quantities__FILE..." - 639 (640/1500): 0%....50%....100% - 1 pass
==PROF== Profiling "set_velocity_quantities__FILE..." - 640 (641/1500): 0%....50%....100% - 1 pass
==PROF== Profiling "set_prognostic_edmf_precomput..." - 641 (642/1500): 0%....50%....100% - 1 pass
==PROF== Profiling "set_prognostic_edmf_precomput..." - 642 (643/1500): 0%....50%....100% - 1 pass
==PROF== Profiling "set_prognostic_edmf_precomput..." - 643 (644/1500): 0%....50%....100% - 1 pass
==PROF== Profiling "set_prognostic_edmf_precomput..." - 644 (645/1500): 0%....50%....100% - 1 pass
==PROF== Profiling "set_prognostic_edmf_precomput..." - 645 (646/1500): 0%....50%....100% - 1 pass
==PROF== Profiling "set_prognostic_edmf_precomput..." - 646 (647/1500): 0%....50%....100% - 1 pass
==PROF== Profiling "set_prognostic_edmf_precomput..." - 647 (648/1500): 0%....50%....100% - 1 pass
==PROF== Profiling "set_sgs__u___FILE_ClimaAtmos_..." - 648 (649/1500): 0%....50%....100% - 1 pass
==PROF== Profiling "set_velocity_quantities__FILE..." - 649 (650/1500): 0%....50%....100% - 1 pass
==PROF== Profiling "set_velocity_quantities__FILE..." - 650 (651/1500): 0%....50%....100% - 1 pass
==PROF== Profiling "set_velocity_quantities__FILE..." - 651 (652/1500): 0%....50%....100% - 1 pass
==PROF== Profiling "set_prognostic_edmf_precomput..." - 652 (653/1500): 0%....50%....100% - 1 pass
==PROF== Profiling "set_prognostic_edmf_precomput..." - 653 (654/1500): 0%....50%....100% - 1 pass
==PROF== Profiling "set_prognostic_edmf_precomput..." - 654 (655/1500): 0%....50%....100% - 1 pass
==PROF== Profiling "set_prognostic_edmf_precomput..." - 655 (656/1500): 0%....50%....100% - 1 pass
==PROF== Profiling "set_precipitation_velocities_..." - 656 (657/1500): 0%....50%....100% - 1 pass
==PROF== Profiling "_FILE_ClimaAtmos_jl_mod_src_c..." - 657 (658/1500): 0%....50%....100% - 1 pass
==PROF== Profiling "_FILE_ClimaAtmos_jl_mod_src_c..." - 658 (659/1500): 0%....50%....100% - 1 pass
==PROF== Profiling "set_precipitation_velocities_..." - 659 (660/1500): 0%....50%....100% - 1 pass
==PROF== Profiling "_FILE_ClimaAtmos_jl_mod_src_c..." - 660 (661/1500): 0%....50%....100% - 1 pass
==PROF== Profiling "_FILE_ClimaAtmos_jl_mod_src_c..." - 661 (662/1500): 0%....50%....100% - 1 pass
==PROF== Profiling "_FILE_ClimaAtmos_jl_mod_src_c..." - 662 (663/1500): 0%....50%....100% - 1 pass
==PROF== Profiling "_FILE_ClimaAtmos_jl_mod_src_c..." - 663 (664/1500): 0%....50%....100% - 1 pass
==PROF== Profiling "_FILE_ClimaAtmos_jl_mod_src_c..." - 664 (665/1500): 0%....50%....100% - 1 pass
==PROF== Profiling "_FILE_ClimaAtmos_jl_mod_src_c..." - 665 (666/1500): 0%....50%....100% - 1 pass
==PROF== Profiling "_FILE_ClimaAtmos_jl_mod_src_c..." - 666 (667/1500): 0%....50%....100% - 1 pass
==PROF== Profiling "_FILE_ClimaAtmos_jl_mod_src_c..." - 667 (668/1500): 0%....50%....100% - 1 pass
==PROF== Profiling "_FILE_ClimaAtmos_jl_mod_src_c..." - 668 (669/1500): 0%....50%....100% - 1 pass
==PROF== Profiling "_FILE_ClimaAtmos_jl_mod_src_c..." - 669 (670/1500): 0%....50%....100% - 1 pass
==PROF== Profiling "set_precipitation_velocities_..." - 670 (671/1500): 0%....50%....100% - 1 pass
==PROF== Profiling "_FILE_ClimaAtmos_jl_mod_src_c..." - 671 (672/1500): 0%....50%....100% - 1 pass
==PROF== Profiling "_FILE_ClimaAtmos_jl_mod_src_c..." - 672 (673/1500): 0%....50%....100% - 1 pass
==PROF== Profiling "_FILE_ClimaAtmos_jl_mod_src_c..." - 673 (674/1500): 0%....50%....100% - 1 pass
==PROF== Profiling "_FILE_ClimaAtmos_jl_mod_src_c..." - 674 (675/1500): 0%....50%....100% - 1 pass
==PROF== Profiling "_FILE_ClimaAtmos_jl_mod_src_c..." - 675 (676/1500): 0%....50%....100% - 1 pass
==PROF== Profiling "_FILE_ClimaAtmos_jl_mod_src_c..." - 676 (677/1500): 0%....50%....100% - 1 pass
==PROF== Profiling "_FILE_ClimaAtmos_jl_mod_src_c..." - 677 (678/1500): 0%....50%....100% - 1 pass
==PROF== Profiling "_FILE_ClimaAtmos_jl_mod_src_c..." - 678 (679/1500): 0%....50%....100% - 1 pass
==PROF== Profiling "_FILE_ClimaAtmos_jl_mod_src_c..." - 679 (680/1500): 0%....50%....100% - 1 pass
==PROF== Profiling "_FILE_ClimaAtmos_jl_mod_src_c..." - 680 (681/1500): 0%....50%....100% - 1 pass
==PROF== Profiling "set_precipitation_velocities_..." - 681 (682/1500): 0%....50%....100% - 1 pass
==PROF== Profiling "_FILE_ClimaAtmos_jl_mod_src_c..." - 682 (683/1500): 0%....50%....100% - 1 pass
==PROF== Profiling "_FILE_ClimaAtmos_jl_mod_src_c..." - 683 (684/1500): 0%....50%....100% - 1 pass
==PROF== Profiling "_FILE_ClimaAtmos_jl_mod_src_c..." - 684 (685/1500): 0%....50%....100% - 1 pass
==PROF== Profiling "_FILE_ClimaAtmos_jl_mod_src_c..." - 685 (686/1500): 0%....50%....100% - 1 pass
==PROF== Profiling "_FILE_ClimaAtmos_jl_mod_src_c..." - 686 (687/1500): 0%....50%....100% - 1 pass
==PROF== Profiling "_FILE_ClimaAtmos_jl_mod_src_c..." - 687 (688/1500): 0%....50%....100% - 1 pass
==PROF== Profiling "_FILE_ClimaAtmos_jl_mod_src_c..." - 688 (689/1500): 0%....50%....100% - 1 pass
==PROF== Profiling "_FILE_ClimaAtmos_jl_mod_src_c..." - 689 (690/1500): 0%....50%....100% - 1 pass
==PROF== Profiling "_FILE_ClimaAtmos_jl_mod_src_c..." - 690 (691/1500): 0%....50%....100% - 1 pass
==PROF== Profiling "_FILE_ClimaAtmos_jl_mod_src_c..." - 691 (692/1500): 0%....50%....100% - 1 pass
==PROF== Profiling "set_precipitation_velocities_..." - 692 (693/1500): 0%....50%....100% - 1 pass
==PROF== Profiling "_FILE_ClimaAtmos_jl_mod_src_c..." - 693 (694/1500): 0%....50%....100% - 1 pass
==PROF== Profiling "_FILE_ClimaAtmos_jl_mod_src_c..." - 694 (695/1500): 0%....50%....100% - 1 pass
==PROF== Profiling "_FILE_ClimaAtmos_jl_mod_src_c..." - 695 (696/1500): 0%....50%....100% - 1 pass
==PROF== Profiling "_FILE_ClimaAtmos_jl_mod_src_c..." - 696 (697/1500): 0%....50%....100% - 1 pass
==PROF== Profiling "_FILE_ClimaAtmos_jl_mod_src_c..." - 697 (698/1500): 0%....50%....100% - 1 pass
==PROF== Profiling "_FILE_ClimaAtmos_jl_mod_src_c..." - 698 (699/1500): 0%....50%....100% - 1 pass
==PROF== Profiling "_FILE_ClimaAtmos_jl_mod_src_c..." - 699 (700/1500): 0%....50%....100% - 1 pass
==PROF== Profiling "_FILE_ClimaAtmos_jl_mod_src_c..." - 700 (701/1500): 0%....50%....100% - 1 pass
==PROF== Profiling "set_precipitation_velocities_..." - 701 (702/1500): 0%....50%....100% - 1 pass
==PROF== Profiling "set_precipitation_velocities_..." - 702 (703/1500): 0%....50%....100% - 1 pass
==PROF== Profiling "set_precipitation_surface_flu..." - 703 (704/1500): 0%....50%....100% - 1 pass
==PROF== Profiling "set_precipitation_surface_flu..." - 704 (705/1500): 0%....50%....100% - 1 pass
==PROF== Profiling "set_precipitation_surface_flu..." - 705 (706/1500): 0%....50%....100% - 1 pass
==PROF== Profiling "set_precipitation_surface_flu..." - 706 (707/1500): 0%....50%....100% - 1 pass
==PROF== Profiling "set_precipitation_surface_flu..." - 707 (708/1500): 0%....50%....100% - 1 pass
==PROF== Profiling "set_precipitation_surface_flu..." - 708 (709/1500): 0%....50%....100% - 1 pass
==PROF== Profiling "set_precipitation_surface_flu..." - 709 (710/1500): 0%....50%....100% - 1 pass
==PROF== Profiling "set_prognostic_edmf_precomput..." - 710 (711/1500): 0%....50%....100% - 1 pass
==PROF== Profiling "set_prognostic_edmf_precomput..." - 711 (712/1500): 0%....50%....100% - 1 pass
==PROF== Profiling "set_prognostic_edmf_precomput..." - 712 (713/1500): 0%....50%....100% - 1 pass
==PROF== Profiling "set_prognostic_edmf_precomput..." - 713 (714/1500): 0%....50%....100% - 1 pass
==PROF== Profiling "set_prognostic_edmf_precomput..." - 714 (715/1500): 0%....50%....100% - 1 pass
==PROF== Profiling "set_edmfx_surface_conditions_..." - 715 (716/1500): 0%....50%....100% - 1 pass
==PROF== Profiling "set_edmfx_surface_conditions_..." - 716 (717/1500): 0%....50%....100% - 1 pass
==PROF== Profiling "set_edmfx_surface_conditions_..." - 717 (718/1500): 0%....50%....100% - 1 pass
==PROF== Profiling "set_edmfx_surface_conditions_..." - 718 (719/1500): 0%....50%....100% - 1 pass
==PROF== Profiling "set_edmfx_surface_conditions_..." - 719 (720/1500): 0%....50%....100% - 1 pass
==PROF== Profiling "set_prognostic_edmf_precomput..." - 720 (721/1500): 0%....50%....100% - 1 pass
==PROF== Profiling "set_prognostic_edmf_precomput..." - 721 (722/1500): 0%....50%....100% - 1 pass
==PROF== Profiling "set_prognostic_edmf_precomput..." - 722 (723/1500): 0%....50%....100% - 1 pass
==PROF== Profiling "set_buoyancy_gradient_inputs_..." - 723 (724/1500): 0%....50%....100% - 1 pass
==PROF== Profiling "set_buoyancy_gradient_inputs_..." - 724 (725/1500): 0%....50%....100% - 1 pass
==PROF== Profiling "set_buoyancy_gradient_inputs_..." - 725 (726/1500): 0%....50%....100% - 1 pass
==PROF== Profiling "set_buoyancy_gradient_inputs_..." - 726 (727/1500): 0%....50%....100% - 1 pass
==PROF== Profiling "_VanLeer_gradient__FILE_Clima..." - 727 (728/1500): 0%....50%....100% - 1 pass
==PROF== Profiling "_VanLeer_gradient__FILE_Clima..." - 728 (729/1500): 0%....50%....100% - 1 pass
==PROF== Profiling "set_covariance_cache_and_clou..." - 729 (730/1500): 0%....50%....100% - 1 pass
==PROF== Profiling "picard_step__FILE_ClimaAtmos_..." - 730 (731/1500): 0%....50%....100% - 1 pass
==PROF== Profiling "_FILE_ClimaAtmos_jl_mod_src_p..." - 731 (732/1500): 0%....50%....100% - 1 pass
==PROF== Profiling "materialized_mixing_length__F..." - 732 (733/1500): 0%....50%....100% - 1 pass
==PROF== Profiling "set_covariance_cache__FILE_Cl..." - 733 (734/1500): 0%....50%....100% - 1 pass
==PROF== Profiling "set_covariance_cache__FILE_Cl..." - 734 (735/1500): 0%....50%....100% - 1 pass
==PROF== Profiling "set_buoyancy_gradient_inputs_..." - 735 (736/1500): 0%....50%....100% - 1 pass
==PROF== Profiling "hgrad_invariant__FILE_ClimaAt..." - 736 (737/1500): 0%....50%....100% - 1 pass
==PROF== Profiling "dss_transform__FILE_ClimaCore..." - 737 (738/1500): 0%....50%....100% - 1 pass
==PROF== Profiling "weighted_dss_internal__FILE_C..." - 738 (739/1500): 0%....50%....100% - 1 pass
==PROF== Profiling "dss_untransform__FILE_ClimaCo..." - 739 (740/1500): 0%....50%....100% - 1 pass
==PROF== Profiling "set_covariance_cache__FILE_Cl..." - 740 (741/1500): 0%....50%....100% - 1 pass
==PROF== Profiling "hgrad_invariant__FILE_ClimaAt..." - 741 (742/1500): 0%....50%....100% - 1 pass
==PROF== Profiling "dss_transform__FILE_ClimaCore..." - 742 (743/1500): 0%....50%....100% - 1 pass
==PROF== Profiling "weighted_dss_internal__FILE_C..." - 743 (744/1500): 0%....50%....100% - 1 pass
==PROF== Profiling "dss_untransform__FILE_ClimaCo..." - 744 (745/1500): 0%....50%....100% - 1 pass
==PROF== Profiling "set_covariance_cache__FILE_Cl..." - 745 (746/1500): 0%....50%....100% - 1 pass
==PROF== Profiling "set_covariance_cache__FILE_Cl..." - 746 (747/1500): 0%....50%....100% - 1 pass
==PROF== Profiling "set_covariance_cache__FILE_Cl..." - 747 (748/1500): 0%....50%....100% - 1 pass
==PROF== Profiling "compute__T_____FILE_ClimaAtmo..." - 748 (749/1500): 0%....50%....100% - 1 pass
==PROF== Profiling "set_covariance_cache__FILE_Cl..." - 749 (750/1500): 0%....50%....100% - 1 pass
==PROF== Profiling "set_covariance_cache__FILE_Cl..." - 750 (751/1500): 0%....50%....100% - 1 pass
==PROF== Profiling "set_precipitation_velocities_..." - 751 (752/1500): 0%....50%....100% - 1 pass
==PROF== Profiling "set_cloud_fraction__NVTX" - 752 (753/1500): 0%....50%....100% - 1 pass
==PROF== Profiling "set_cloud_fraction__NVTX" - 753 (754/1500): 0%....50%....100% - 1 pass
==PROF== Profiling "set_cloud_fraction__NVTX" - 754 (755/1500): 0%....50%....100% - 1 pass
==PROF== Profiling "set_cloud_fraction__NVTX" - 755 (756/1500): 0%....50%....100% - 1 pass
==PROF== Profiling "set_covariance_cache_and_clou..." - 756 (757/1500): 0%....50%....100% - 1 pass
==PROF== Profiling "picard_step__FILE_ClimaAtmos_..." - 757 (758/1500): 0%....50%....100% - 1 pass
==PROF== Profiling "_FILE_ClimaAtmos_jl_mod_src_p..." - 758 (759/1500): 0%....50%....100% - 1 pass
==PROF== Profiling "materialized_mixing_length__F..." - 759 (760/1500): 0%....50%....100% - 1 pass
==PROF== Profiling "set_covariance_cache__FILE_Cl..." - 760 (761/1500): 0%....50%....100% - 1 pass
==PROF== Profiling "set_covariance_cache__FILE_Cl..." - 761 (762/1500): 0%....50%....100% - 1 pass
==PROF== Profiling "set_buoyancy_gradient_inputs_..." - 762 (763/1500): 0%....50%....100% - 1 pass
==PROF== Profiling "hgrad_invariant__FILE_ClimaAt..." - 763 (764/1500): 0%....50%....100% - 1 pass
==PROF== Profiling "dss_transform__FILE_ClimaCore..." - 764 (765/1500): 0%....50%....100% - 1 pass
==PROF== Profiling "weighted_dss_internal__FILE_C..." - 765 (766/1500): 0%....50%....100% - 1 pass
==PROF== Profiling "dss_untransform__FILE_ClimaCo..." - 766 (767/1500): 0%....50%....100% - 1 pass
==PROF== Profiling "set_covariance_cache__FILE_Cl..." - 767 (768/1500): 0%....50%....100% - 1 pass
==PROF== Profiling "hgrad_invariant__FILE_ClimaAt..." - 768 (769/1500): 0%....50%....100% - 1 pass
==PROF== Profiling "dss_transform__FILE_ClimaCore..." - 769 (770/1500): 0%....50%....100% - 1 pass
==PROF== Profiling "weighted_dss_internal__FILE_C..." - 770 (771/1500): 0%....50%....100% - 1 pass
==PROF== Profiling "dss_untransform__FILE_ClimaCo..." - 771 (772/1500): 0%....50%....100% - 1 pass
==PROF== Profiling "set_covariance_cache__FILE_Cl..." - 772 (773/1500): 0%....50%....100% - 1 pass
==PROF== Profiling "set_covariance_cache__FILE_Cl..." - 773 (774/1500): 0%....50%....100% - 1 pass
==PROF== Profiling "set_covariance_cache__FILE_Cl..." - 774 (775/1500): 0%....50%....100% - 1 pass
==PROF== Profiling "compute__T_____FILE_ClimaAtmo..." - 775 (776/1500): 0%....50%....100% - 1 pass
==PROF== Profiling "set_covariance_cache__FILE_Cl..." - 776 (777/1500): 0%....50%....100% - 1 pass
==PROF== Profiling "set_covariance_cache__FILE_Cl..." - 777 (778/1500): 0%....50%....100% - 1 pass
==PROF== Profiling "set_precipitation_velocities_..." - 778 (779/1500): 0%....50%....100% - 1 pass
==PROF== Profiling "set_cloud_fraction__NVTX" - 779 (780/1500): 0%....50%....100% - 1 pass
==PROF== Profiling "set_cloud_fraction__NVTX" - 780 (781/1500): 0%....50%....100% - 1 pass
==PROF== Profiling "set_cloud_fraction__NVTX" - 781 (782/1500): 0%....50%....100% - 1 pass
==PROF== Profiling "set_cloud_fraction__NVTX" - 782 (783/1500): 0%....50%....100% - 1 pass
==PROF== Profiling "set_covariance_cache_and_clou..." - 783 (784/1500): 0%....50%....100% - 1 pass
==PROF== Profiling "set_covariance_cache_and_clou..." - 784 (785/1500): 0%....50%....100% - 1 pass
==PROF== Profiling "picard_step__FILE_ClimaAtmos_..." - 785 (786/1500): 0%....50%....100% - 1 pass
==PROF== Profiling "_FILE_ClimaAtmos_jl_mod_src_p..." - 786 (787/1500): 0%....50%....100% - 1 pass
==PROF== Profiling "materialized_mixing_length__F..." - 787 (788/1500): 0%....50%....100% - 1 pass
==PROF== Profiling "set_covariance_cache__FILE_Cl..." - 788 (789/1500): 0%....50%....100% - 1 pass
==PROF== Profiling "set_covariance_cache__FILE_Cl..." - 789 (790/1500): 0%....50%....100% - 1 pass
==PROF== Profiling "set_buoyancy_gradient_inputs_..." - 790 (791/1500): 0%....50%....100% - 1 pass
==PROF== Profiling "hgrad_invariant__FILE_ClimaAt..." - 791 (792/1500): 0%....50%....100% - 1 pass
==PROF== Profiling "dss_transform__FILE_ClimaCore..." - 792 (793/1500): 0%....50%....100% - 1 pass
==PROF== Profiling "weighted_dss_internal__FILE_C..." - 793 (794/1500): 0%....50%....100% - 1 pass
==PROF== Profiling "dss_untransform__FILE_ClimaCo..." - 794 (795/1500): 0%....50%....100% - 1 pass
==PROF== Profiling "set_covariance_cache__FILE_Cl..." - 795 (796/1500): 0%....50%....100% - 1 pass
==PROF== Profiling "hgrad_invariant__FILE_ClimaAt..." - 796 (797/1500): 0%....50%....100% - 1 pass
==PROF== Profiling "dss_transform__FILE_ClimaCore..." - 797 (798/1500): 0%....50%....100% - 1 pass
==PROF== Profiling "weighted_dss_internal__FILE_C..." - 798 (799/1500): 0%....50%....100% - 1 pass
==PROF== Profiling "dss_untransform__FILE_ClimaCo..." - 799 (800/1500): 0%....50%....100% - 1 pass
==PROF== Profiling "set_covariance_cache__FILE_Cl..." - 800 (801/1500): 0%....50%....100% - 1 pass
==PROF== Profiling "set_covariance_cache__FILE_Cl..." - 801 (802/1500): 0%....50%....100% - 1 pass
==PROF== Profiling "set_covariance_cache__FILE_Cl..." - 802 (803/1500): 0%....50%....100% - 1 pass
==PROF== Profiling "compute__T_____FILE_ClimaAtmo..." - 803 (804/1500): 0%....50%....100% - 1 pass
==PROF== Profiling "set_covariance_cache__FILE_Cl..." - 804 (805/1500): 0%....50%....100% - 1 pass
==PROF== Profiling "set_covariance_cache__FILE_Cl..." - 805 (806/1500): 0%....50%....100% - 1 pass
==PROF== Profiling "set_precipitation_velocities_..." - 806 (807/1500): 0%....50%....100% - 1 pass
==PROF== Profiling "set_cloud_fraction__NVTX" - 807 (808/1500): 0%....50%....100% - 1 pass
==PROF== Profiling "set_sgs_moments_and_cloud_fra..." - 808 (809/1500): 0%....50%....100% - 1 pass
==PROF== Profiling "set_sgs_moments_and_cloud_fra..." - 809 (810/1500): 0%....50%....100% - 1 pass
==PROF== Profiling "set_cloud_fraction__NVTX" - 810 (811/1500): 0%....50%....100% - 1 pass
==PROF== Profiling "set_cloud_fraction__NVTX" - 811 (812/1500): 0%....50%....100% - 1 pass
==PROF== Profiling "set_sgs_moments_and_cloud_fra..." - 812 (813/1500): 0%....50%....100% - 1 pass
==PROF== Profiling "set_face_diffusivities__NVTX" - 813 (814/1500): 0%....50%....100% - 1 pass
==PROF== Profiling "set_face_diffusivities__NVTX" - 814 (815/1500): 0%....50%....100% - 1 pass
==PROF== Profiling "_FILE_ClimaAtmos_jl_mod_src_s..." - 815 (816/1500): 0%....50%....100% - 1 pass
==PROF== Profiling "set_face_diffusivities__NVTX" - 816 (817/1500): 0%....50%....100% - 1 pass
==PROF== Profiling "set_face_diffusivities__NVTX" - 817 (818/1500): 0%....50%....100% - 1 pass
==PROF== Profiling "set_face_diffusivities__NVTX" - 818 (819/1500): 0%....50%....100% - 1 pass
==PROF== Profiling "set_precipitation_velocities_..." - 819 (820/1500): 0%....50%....100% - 1 pass
==PROF== Profiling "_FILE_ClimaAtmos_jl_mod_src_c..." - 820 (821/1500): 0%....50%....100% - 1 pass
==PROF== Profiling "_FILE_ClimaAtmos_jl_mod_src_c..." - 821 (822/1500): 0%....50%....100% - 1 pass
==PROF== Profiling "set_precipitation_velocities_..." - 822 (823/1500): 0%....50%....100% - 1 pass
==PROF== Profiling "_FILE_ClimaAtmos_jl_mod_src_c..." - 823 (824/1500): 0%....50%....100% - 1 pass
==PROF== Profiling "_FILE_ClimaAtmos_jl_mod_src_c..." - 824 (825/1500): 0%....50%....100% - 1 pass
==PROF== Profiling "_FILE_ClimaAtmos_jl_mod_src_c..." - 825 (826/1500): 0%....50%....100% - 1 pass
==PROF== Profiling "_FILE_ClimaAtmos_jl_mod_src_c..." - 826 (827/1500): 0%....50%....100% - 1 pass
==PROF== Profiling "_FILE_ClimaAtmos_jl_mod_src_c..." - 827 (828/1500): 0%....50%....100% - 1 pass
==PROF== Profiling "_FILE_ClimaAtmos_jl_mod_src_c..." - 828 (829/1500): 0%....50%....100% - 1 pass
==PROF== Profiling "_FILE_ClimaAtmos_jl_mod_src_c..." - 829 (830/1500): 0%....50%....100% - 1 pass
==PROF== Profiling "_FILE_ClimaAtmos_jl_mod_src_c..." - 830 (831/1500): 0%....50%....100% - 1 pass
==PROF== Profiling "_FILE_ClimaAtmos_jl_mod_src_c..." - 831 (832/1500): 0%....50%....100% - 1 pass
==PROF== Profiling "_FILE_ClimaAtmos_jl_mod_src_c..." - 832 (833/1500): 0%....50%....100% - 1 pass
==PROF== Profiling "set_precipitation_velocities_..." - 833 (834/1500): 0%....50%....100% - 1 pass
==PROF== Profiling "_FILE_ClimaAtmos_jl_mod_src_c..." - 834 (835/1500): 0%....50%....100% - 1 pass
==PROF== Profiling "_FILE_ClimaAtmos_jl_mod_src_c..." - 835 (836/1500): 0%....50%....100% - 1 pass
==PROF== Profiling "_FILE_ClimaAtmos_jl_mod_src_c..." - 836 (837/1500): 0%....50%....100% - 1 pass
==PROF== Profiling "_FILE_ClimaAtmos_jl_mod_src_c..." - 837 (838/1500): 0%....50%....100% - 1 pass
==PROF== Profiling "_FILE_ClimaAtmos_jl_mod_src_c..." - 838 (839/1500): 0%....50%....100% - 1 pass
==PROF== Profiling "_FILE_ClimaAtmos_jl_mod_src_c..." - 839 (840/1500): 0%....50%....100% - 1 pass
==PROF== Profiling "_FILE_ClimaAtmos_jl_mod_src_c..." - 840 (841/1500): 0%....50%....100% - 1 pass
==PROF== Profiling "_FILE_ClimaAtmos_jl_mod_src_c..." - 841 (842/1500): 0%....50%....100% - 1 pass
==PROF== Profiling "_FILE_ClimaAtmos_jl_mod_src_c..." - 842 (843/1500): 0%....50%....100% - 1 pass
==PROF== Profiling "_FILE_ClimaAtmos_jl_mod_src_c..." - 843 (844/1500): 0%....50%....100% - 1 pass
==PROF== Profiling "set_precipitation_velocities_..." - 844 (845/1500): 0%....50%....100% - 1 pass
==PROF== Profiling "_FILE_ClimaAtmos_jl_mod_src_c..." - 845 (846/1500): 0%....50%....100% - 1 pass
==PROF== Profiling "_FILE_ClimaAtmos_jl_mod_src_c..." - 846 (847/1500): 0%....50%....100% - 1 pass
==PROF== Profiling "_FILE_ClimaAtmos_jl_mod_src_c..." - 847 (848/1500): 0%....50%....100% - 1 pass
==PROF== Profiling "_FILE_ClimaAtmos_jl_mod_src_c..." - 848 (849/1500): 0%....50%....100% - 1 pass
==PROF== Profiling "_FILE_ClimaAtmos_jl_mod_src_c..." - 849 (850/1500): 0%....50%....100% - 1 pass
==PROF== Profiling "_FILE_ClimaAtmos_jl_mod_src_c..." - 850 (851/1500): 0%....50%....100% - 1 pass
==PROF== Profiling "_FILE_ClimaAtmos_jl_mod_src_c..." - 851 (852/1500): 0%....50%....100% - 1 pass
==PROF== Profiling "_FILE_ClimaAtmos_jl_mod_src_c..." - 852 (853/1500): 0%....50%....100% - 1 pass
==PROF== Profiling "_FILE_ClimaAtmos_jl_mod_src_c..." - 853 (854/1500): 0%....50%....100% - 1 pass
==PROF== Profiling "_FILE_ClimaAtmos_jl_mod_src_c..." - 854 (855/1500): 0%....50%....100% - 1 pass
==PROF== Profiling "set_precipitation_velocities_..." - 855 (856/1500): 0%....50%....100% - 1 pass
==PROF== Profiling "_FILE_ClimaAtmos_jl_mod_src_c..." - 856 (857/1500): 0%....50%....100% - 1 pass
==PROF== Profiling "_FILE_ClimaAtmos_jl_mod_src_c..." - 857 (858/1500): 0%....50%....100% - 1 pass
==PROF== Profiling "_FILE_ClimaAtmos_jl_mod_src_c..." - 858 (859/1500): 0%....50%....100% - 1 pass
==PROF== Profiling "_FILE_ClimaAtmos_jl_mod_src_c..." - 859 (860/1500): 0%....50%....100% - 1 pass
==PROF== Profiling "_FILE_ClimaAtmos_jl_mod_src_c..." - 860 (861/1500): 0%....50%....100% - 1 pass
==PROF== Profiling "_FILE_ClimaAtmos_jl_mod_src_c..." - 861 (862/1500): 0%....50%....100% - 1 pass
==PROF== Profiling "_FILE_ClimaAtmos_jl_mod_src_c..." - 862 (863/1500): 0%....50%....100% - 1 pass
==PROF== Profiling "_FILE_ClimaAtmos_jl_mod_src_c..." - 863 (864/1500): 0%....50%....100% - 1 pass
==PROF== Profiling "set_precipitation_velocities_..." - 864 (865/1500): 0%....50%....100% - 1 pass
==PROF== Profiling "set_precipitation_velocities_..." - 865 (866/1500): 0%....50%....100% - 1 pass
==PROF== Profiling "set_microphysics_tendency_cac..." - 866 (867/1500): 0%....50%....100% - 1 pass
==PROF== Profiling "set_microphysics_tendency_cac..." - 867 (868/1500): 0%....50%....100% - 1 pass
==PROF== Profiling "set_microphysics_tendency_cac..." - 868 (869/1500): 0%....50%....100% - 1 pass
==PROF== Profiling "set_microphysics_tendency_cac..." - 869 (870/1500): 0%....50%....100% - 1 pass
==PROF== Profiling "set_microphysics_tendency_cac..." - 870 (871/1500): 0%....50%....100% - 1 pass
==PROF== Profiling "set_microphysics_tendency_cac..." - 871 (872/1500): 0%....50%....100% - 1 pass
==PROF== Profiling "set_microphysics_tendency_cac..." - 872 (873/1500): 0%....50%....100% - 1 pass
==PROF== Profiling "set_microphysics_tendency_cac..." - 873 (874/1500): 0%....50%....100% - 1 pass
==PROF== Profiling "set_microphysics_tendency_cac..." - 874 (875/1500): 0%....50%....100% - 1 pass
==PROF== Profiling "set_precipitation_surface_flu..." - 875 (876/1500): 0%....50%....100% - 1 pass
==PROF== Profiling "set_precipitation_surface_flu..." - 876 (877/1500): 0%....50%....100% - 1 pass
==PROF== Profiling "set_precipitation_surface_flu..." - 877 (878/1500): 0%....50%....100% - 1 pass
==PROF== Profiling "set_precipitation_surface_flu..." - 878 (879/1500): 0%....50%....100% - 1 pass
==PROF== Profiling "set_precipitation_surface_flu..." - 879 (880/1500): 0%....50%....100% - 1 pass
==PROF== Profiling "set_precipitation_surface_flu..." - 880 (881/1500): 0%....50%....100% - 1 pass
==PROF== Profiling "set_precipitation_surface_flu..." - 881 (882/1500): 0%....50%....100% - 1 pass
==PROF== Profiling "gpu_broadcast_kernel_linear" - 882 (883/1500): 0%....50%....100% - 1 pass
==PROF== Profiling "gpu_broadcast_kernel_cartesian" - 883 (884/1500): 0%....50%....100% - 1 pass
==PROF== Profiling "gpu_broadcast_kernel_cartesian" - 884 (885/1500): 0%....50%....100% - 1 pass
==PROF== Profiling "update_relative_humidity__FIL..." - 885 (886/1500): 0%....50%....100% - 1 pass
==PROF== Profiling "update_relative_humidity__FIL..." - 886 (887/1500): 0%....50%....100% - 1 pass
==PROF== Profiling "copy_FILE_ClimaCore_jl_mod_sr..." - 887 (888/1500): 0%....50%....100% - 1 pass
==PROF== Profiling "set_covariance_cache_and_clou..." - 888 (889/1500): 0%....50%....100% - 1 pass
==PROF== Profiling "copy_FILE_ClimaCore_jl_mod_sr..." - 889 (890/1500): 0%....50%....100% - 1 pass
==PROF== Profiling "set_covariance_cache_and_clou..." - 890 (891/1500): 0%....50%....100% - 1 pass
==PROF== Profiling "_FILE_ClimaUtilities_2GLZR_ex..." - 891 (892/1500): 0%....50%....100% - 1 pass
==PROF== Profiling "update_volume_mixing_ratios__..." - 892 (893/1500): 0%....50%....100% - 1 pass
==PROF== Profiling "copy_FILE_ClimaCore_jl_mod_sr..." - 893 (894/1500): 0%....50%....100% - 1 pass
==PROF== Profiling "set_covariance_cache_and_clou..." - 894 (895/1500): 0%....50%....100% - 1 pass
==PROF== Profiling "copy_FILE_ClimaCore_jl_mod_sr..." - 895 (896/1500): 0%....50%....100% - 1 pass
==PROF== Profiling "set_covariance_cache_and_clou..." - 896 (897/1500): 0%....50%....100% - 1 pass
==PROF== Profiling "_FILE_ClimaUtilities_2GLZR_ex..." - 897 (898/1500): 0%....50%....100% - 1 pass
==PROF== Profiling "copy_FILE_ClimaCore_jl_mod_sr..." - 898 (899/1500): 0%....50%....100% - 1 pass
==PROF== Profiling "set_covariance_cache_and_clou..." - 899 (900/1500): 0%....50%....100% - 1 pass
==PROF== Profiling "copy_FILE_ClimaCore_jl_mod_sr..." - 900 (901/1500): 0%....50%....100% - 1 pass
==PROF== Profiling "set_covariance_cache_and_clou..." - 901 (902/1500): 0%....50%....100% - 1 pass
==PROF== Profiling "_FILE_ClimaUtilities_2GLZR_ex..." - 902 (903/1500): 0%....50%....100% - 1 pass
==PROF== Profiling "copy_FILE_ClimaCore_jl_mod_sr..." - 903 (904/1500): 0%....50%....100% - 1 pass
==PROF== Profiling "set_covariance_cache_and_clou..." - 904 (905/1500): 0%....50%....100% - 1 pass
==PROF== Profiling "copy_FILE_ClimaCore_jl_mod_sr..." - 905 (906/1500): 0%....50%....100% - 1 pass
==PROF== Profiling "set_covariance_cache_and_clou..." - 906 (907/1500): 0%....50%....100% - 1 pass
==PROF== Profiling "_FILE_ClimaUtilities_2GLZR_ex..." - 907 (908/1500): 0%....50%....100% - 1 pass
==PROF== Profiling "copy_FILE_ClimaCore_jl_mod_sr..." - 908 (909/1500): 0%....50%....100% - 1 pass
==PROF== Profiling "set_covariance_cache_and_clou..." - 909 (910/1500): 0%....50%....100% - 1 pass
==PROF== Profiling "copy_FILE_ClimaCore_jl_mod_sr..." - 910 (911/1500): 0%....50%....100% - 1 pass
==PROF== Profiling "set_covariance_cache_and_clou..." - 911 (912/1500): 0%....50%....100% - 1 pass
==PROF== Profiling "_FILE_ClimaUtilities_2GLZR_ex..." - 912 (913/1500): 0%....50%....100% - 1 pass
==PROF== Profiling "copy_FILE_ClimaCore_jl_mod_sr..." - 913 (914/1500): 0%....50%....100% - 1 pass
==PROF== Profiling "set_covariance_cache_and_clou..." - 914 (915/1500): 0%....50%....100% - 1 pass
==PROF== Profiling "copy_FILE_ClimaCore_jl_mod_sr..." - 915 (916/1500): 0%....50%....100% - 1 pass
==PROF== Profiling "set_covariance_cache_and_clou..." - 916 (917/1500): 0%....50%....100% - 1 pass
==PROF== Profiling "_FILE_ClimaUtilities_2GLZR_ex..." - 917 (918/1500): 0%....50%....100% - 1 pass
==PROF== Profiling "copy_FILE_ClimaCore_jl_mod_sr..." - 918 (919/1500): 0%....50%....100% - 1 pass
==PROF== Profiling "set_covariance_cache_and_clou..." - 919 (920/1500): 0%....50%....100% - 1 pass
==PROF== Profiling "copy_FILE_ClimaCore_jl_mod_sr..." - 920 (921/1500): 0%....50%....100% - 1 pass
==PROF== Profiling "set_covariance_cache_and_clou..." - 921 (922/1500): 0%....50%....100% - 1 pass
==PROF== Profiling "_FILE_ClimaUtilities_2GLZR_ex..." - 922 (923/1500): 0%....50%....100% - 1 pass
==PROF== Profiling "copy_FILE_ClimaCore_jl_mod_sr..." - 923 (924/1500): 0%....50%....100% - 1 pass
==PROF== Profiling "set_covariance_cache_and_clou..." - 924 (925/1500): 0%....50%....100% - 1 pass
==PROF== Profiling "copy_FILE_ClimaCore_jl_mod_sr..." - 925 (926/1500): 0%....50%....100% - 1 pass
==PROF== Profiling "set_covariance_cache_and_clou..." - 926 (927/1500): 0%....50%....100% - 1 pass
==PROF== Profiling "_FILE_ClimaUtilities_2GLZR_ex..." - 927 (928/1500): 0%....50%....100% - 1 pass
==PROF== Profiling "copy_FILE_ClimaCore_jl_mod_sr..." - 928 (929/1500): 0%....50%....100% - 1 pass
==PROF== Profiling "set_covariance_cache_and_clou..." - 929 (930/1500): 0%....50%....100% - 1 pass
==PROF== Profiling "copy_FILE_ClimaCore_jl_mod_sr..." - 930 (931/1500): 0%....50%....100% - 1 pass
==PROF== Profiling "set_covariance_cache_and_clou..." - 931 (932/1500): 0%....50%....100% - 1 pass
==PROF== Profiling "_FILE_ClimaUtilities_2GLZR_ex..." - 932 (933/1500): 0%....50%....100% - 1 pass
==PROF== Profiling "copy_FILE_ClimaCore_jl_mod_sr..." - 933 (934/1500): 0%....50%....100% - 1 pass
==PROF== Profiling "set_covariance_cache_and_clou..." - 934 (935/1500): 0%....50%....100% - 1 pass
==PROF== Profiling "copy_FILE_ClimaCore_jl_mod_sr..." - 935 (936/1500): 0%....50%....100% - 1 pass
==PROF== Profiling "set_covariance_cache_and_clou..." - 936 (937/1500): 0%....50%....100% - 1 pass
==PROF== Profiling "_FILE_ClimaUtilities_2GLZR_ex..." - 937 (938/1500): 0%....50%....100% - 1 pass
==PROF== Profiling "copy_FILE_ClimaCore_jl_mod_sr..." - 938 (939/1500): 0%....50%....100% - 1 pass
==PROF== Profiling "set_covariance_cache_and_clou..." - 939 (940/1500): 0%....50%....100% - 1 pass
==PROF== Profiling "copy_FILE_ClimaCore_jl_mod_sr..." - 940 (941/1500): 0%....50%....100% - 1 pass
==PROF== Profiling "set_covariance_cache_and_clou..." - 941 (942/1500): 0%....50%....100% - 1 pass
==PROF== Profiling "_FILE_ClimaUtilities_2GLZR_ex..." - 942 (943/1500): 0%....50%....100% - 1 pass
==PROF== Profiling "copy_FILE_ClimaCore_jl_mod_sr..." - 943 (944/1500): 0%....50%....100% - 1 pass
==PROF== Profiling "set_covariance_cache_and_clou..." - 944 (945/1500): 0%....50%....100% - 1 pass
==PROF== Profiling "copy_FILE_ClimaCore_jl_mod_sr..." - 945 (946/1500): 0%....50%....100% - 1 pass
==PROF== Profiling "set_covariance_cache_and_clou..." - 946 (947/1500): 0%....50%....100% - 1 pass
==PROF== Profiling "_FILE_ClimaUtilities_2GLZR_ex..." - 947 (948/1500): 0%....50%....100% - 1 pass
==PROF== Profiling "copy_FILE_ClimaCore_jl_mod_sr..." - 948 (949/1500): 0%....50%....100% - 1 pass
==PROF== Profiling "set_covariance_cache_and_clou..." - 949 (950/1500): 0%....50%....100% - 1 pass
==PROF== Profiling "copy_FILE_ClimaCore_jl_mod_sr..." - 950 (951/1500): 0%....50%....100% - 1 pass
==PROF== Profiling "set_covariance_cache_and_clou..." - 951 (952/1500): 0%....50%....100% - 1 pass
==PROF== Profiling "_FILE_ClimaUtilities_2GLZR_ex..." - 952 (953/1500): 0%....50%....100% - 1 pass
==PROF== Profiling "copy_FILE_ClimaCore_jl_mod_sr..." - 953 (954/1500): 0%....50%....100% - 1 pass
==PROF== Profiling "set_covariance_cache_and_clou..." - 954 (955/1500): 0%....50%....100% - 1 pass
==PROF== Profiling "copy_FILE_ClimaCore_jl_mod_sr..." - 955 (956/1500): 0%....50%....100% - 1 pass
==PROF== Profiling "set_covariance_cache_and_clou..." - 956 (957/1500): 0%....50%....100% - 1 pass
==PROF== Profiling "_FILE_ClimaUtilities_2GLZR_ex..." - 957 (958/1500): 0%....50%....100% - 1 pass
==PROF== Profiling "copy_FILE_ClimaCore_jl_mod_sr..." - 958 (959/1500): 0%....50%....100% - 1 pass
==PROF== Profiling "set_covariance_cache_and_clou..." - 959 (960/1500): 0%....50%....100% - 1 pass
==PROF== Profiling "copy_FILE_ClimaCore_jl_mod_sr..." - 960 (961/1500): 0%....50%....100% - 1 pass
==PROF== Profiling "set_covariance_cache_and_clou..." - 961 (962/1500): 0%....50%....100% - 1 pass
==PROF== Profiling "_FILE_ClimaUtilities_2GLZR_ex..." - 962 (963/1500): 0%....50%....100% - 1 pass
==PROF== Profiling "copy_FILE_ClimaCore_jl_mod_sr..." - 963 (964/1500): 0%....50%....100% - 1 pass
==PROF== Profiling "set_covariance_cache_and_clou..." - 964 (965/1500): 0%....50%....100% - 1 pass
==PROF== Profiling "copy_FILE_ClimaCore_jl_mod_sr..." - 965 (966/1500): 0%....50%....100% - 1 pass
==PROF== Profiling "set_covariance_cache_and_clou..." - 966 (967/1500): 0%....50%....100% - 1 pass
==PROF== Profiling "_FILE_ClimaUtilities_2GLZR_ex..." - 967 (968/1500): 0%....50%....100% - 1 pass
==PROF== Profiling "update_aerosol_concentrations..." - 968 (969/1500): 0%....50%....100% - 1 pass
==PROF== Profiling "update_aerosol_concentrations..." - 969 (970/1500): 0%....50%....100% - 1 pass
==PROF== Profiling "update_aerosol_concentrations..." - 970 (971/1500): 0%....50%....100% - 1 pass
==PROF== Profiling "update_aerosol_concentrations..." - 971 (972/1500): 0%....50%....100% - 1 pass
==PROF== Profiling "update_aerosol_concentrations..." - 972 (973/1500): 0%....50%....100% - 1 pass
==PROF== Profiling "update_aerosol_concentrations..." - 973 (974/1500): 0%....50%....100% - 1 pass
==PROF== Profiling "update_aerosol_concentrations..." - 974 (975/1500): 0%....50%....100% - 1 pass
==PROF== Profiling "update_aerosol_concentrations..." - 975 (976/1500): 0%....50%....100% - 1 pass
==PROF== Profiling "update_aerosol_concentrations..." - 976 (977/1500): 0%....50%....100% - 1 pass
==PROF== Profiling "update_aerosol_concentrations..." - 977 (978/1500): 0%....50%....100% - 1 pass
==PROF== Profiling "update_aerosol_concentrations..." - 978 (979/1500): 0%....50%....100% - 1 pass
==PROF== Profiling "update_aerosol_concentrations..." - 979 (980/1500): 0%....50%....100% - 1 pass
==PROF== Profiling "update_aerosol_concentrations..." - 980 (981/1500): 0%....50%....100% - 1 pass
==PROF== Profiling "update_aerosol_concentrations..." - 981 (982/1500): 0%....50%....100% - 1 pass
==PROF== Profiling "update_aerosol_concentrations..." - 982 (983/1500): 0%....50%....100% - 1 pass
==PROF== Profiling "update_cloud_properties__FILE..." - 983 (984/1500): 0%....50%....100% - 1 pass
==PROF== Profiling "update_cloud_properties__FILE..." - 984 (985/1500): 0%....50%....100% - 1 pass
==PROF== Profiling "update_volume_mixing_ratios__..." - 985 (986/1500): 0%....50%....100% - 1 pass
==PROF== Profiling "set_precipitation_velocities_..." - 986 (987/1500): 0%....50%....100% - 1 pass
==PROF== Profiling "set_precipitation_velocities_..." - 987 (988/1500): 0%....50%....100% - 1 pass
==PROF== Profiling "set_precipitation_velocities_..." - 988 (989/1500): 0%....50%....100% - 1 pass
==PROF== Profiling "update_cloud_properties__FILE..." - 989 (990/1500): 0%....50%....100% - 1 pass
==PROF== Profiling "update_cloud_properties__FILE..." - 990 (991/1500): 0%....50%....100% - 1 pass
==PROF== Profiling "update_cloud_properties__FILE..." - 991 (992/1500): 0%....50%....100% - 1 pass
==PROF== Profiling "update_cloud_properties__FILE..." - 992 (993/1500): 0%....50%....100% - 1 pass
==PROF== Profiling "update_cloud_properties__FILE..." - 993 (994/1500): 0%....50%....100% - 1 pass
==PROF== Profiling "update_cloud_properties__FILE..." - 994 (995/1500): 0%....50%....100% - 1 pass
==PROF== Profiling "update_cloud_properties__FILE..." - 995 (996/1500): 0%....50%....100% - 1 pass
==PROF== Profiling "update_cloud_properties__FILE..." - 996 (997/1500): 0%....50%....100% - 1 pass
==PROF== Profiling "update_cloud_properties__FILE..." - 997 (998/1500): 0%....50%....100% - 1 pass
==PROF== Profiling "update_cloud_properties__FILE..." - 998 (999/1500): 0%....50%....100% - 1 pass
==PROF== Profiling "update_cloud_properties__FILE..." - 999 (1000/1500): 0%....50%....100% - 1 pass
==PROF== Profiling "_FILE_ClimaCore_jl_mod_src_Op..." - 1000 (1001/1500): 0%....50%....100% - 1 pass
==PROF== Profiling "update_cloud_properties__FILE..." - 1001 (1002/1500): 0%....50%....100% - 1 pass
==PROF== Profiling "update_cloud_properties__FILE..." - 1002 (1003/1500): 0%....50%....100% - 1 pass
==PROF== Profiling "set_insolation_variables__FIL..." - 1003 (1004/1500): 0%....50%....100% - 1 pass
==PROF== Profiling "set_insolation_variables__FIL..." - 1004 (1005/1500): 0%....50%....100% - 1 pass
==PROF== Profiling "set_insolation_variables__FIL..." - 1005 (1006/1500): 0%....50%....100% - 1 pass
==PROF== Profiling "set_insolation_variables__FIL..." - 1006 (1007/1500): 0%....50%....100% - 1 pass
==PROF== Profiling "set_insolation_variables__FIL..." - 1007 (1008/1500): 0%....50%....100% - 1 pass
==PROF== Profiling "set_insolation_variables__FIL..." - 1008 (1009/1500): 0%....50%....100% - 1 pass
==PROF== Profiling "gpu_broadcast_kernel_cartesian" - 1009 (1010/1500): 0%....50%....100% - 1 pass
==PROF== Profiling "gpu_broadcast_kernel_cartesian" - 1010 (1011/1500): 0%....50%....100% - 1 pass
==PROF== Profiling "gpu_broadcast_kernel_linear" - 1011 (1012/1500): 0%....50%....100% - 1 pass
==PROF== Profiling "gpu_broadcast_kernel_linear" - 1012 (1013/1500): 0%....50%....100% - 1 pass
==PROF== Profiling "gpu_broadcast_kernel_linear" - 1013 (1014/1500): 0%....50%....100% - 1 pass
==PROF== Profiling "gpu_broadcast_kernel_linear" - 1014 (1015/1500): 0%....50%....100% - 1 pass
==PROF== Profiling "gpu_broadcast_kernel_linear" - 1015 (1016/1500): 0%....50%....100% - 1 pass
==PROF== Profiling "gpu_broadcast_kernel_linear" - 1016 (1017/1500): 0%....50%....100% - 1 pass
==PROF== Profiling "gpu_broadcast_kernel_linear" - 1017 (1018/1500): 0%....50%....100% - 1 pass
==PROF== Profiling "gpu_broadcast_kernel_linear" - 1018 (1019/1500): 0%....50%....100% - 1 pass
==PROF== Profiling "gpu_broadcast_kernel_linear" - 1019 (1020/1500): 0%....50%....100% - 1 pass
==PROF== Profiling "gpu_broadcast_kernel_linear" - 1020 (1021/1500): 0%....50%....100% - 1 pass
==PROF== Profiling "gpu_broadcast_kernel_linear" - 1021 (1022/1500): 0%....50%....100% - 1 pass
==PROF== Profiling "gpu_broadcast_kernel_linear" - 1022 (1023/1500): 0%....50%....100% - 1 pass
==PROF== Profiling "gpu_broadcast_kernel_linear" - 1023 (1024/1500): 0%....50%....100% - 1 pass
==PROF== Profiling "gpu_broadcast_kernel_linear" - 1024 (1025/1500): 0%....50%....100% - 1 pass
==PROF== Profiling "gpu_broadcast_kernel_linear" - 1025 (1026/1500): 0%....50%....100% - 1 pass
==PROF== Profiling "gpu_broadcast_kernel_linear" - 1026 (1027/1500): 0%....50%....100% - 1 pass
==PROF== Profiling "gpu_broadcast_kernel_cartesian" - 1027 (1028/1500): 0%....50%....100% - 1 pass
==PROF== Profiling "gpu_broadcast_kernel_cartesian" - 1028 (1029/1500): 0%....50%....100% - 1 pass
==PROF== Profiling "gpu_broadcast_kernel_cartesian" - 1029 (1030/1500): 0%....50%....100% - 1 pass
==PROF== Profiling "gpu_broadcast_kernel_cartesian" - 1030 (1031/1500): 0%....50%....100% - 1 pass
==PROF== Profiling "gpu_broadcast_kernel_cartesian" - 1031 (1032/1500): 0%....50%....100% - 1 pass
==PROF== Profiling "gpu_broadcast_kernel_cartesian" - 1032 (1033/1500): 0%....50%....100% - 1 pass
==PROF== Profiling "gpu_broadcast_kernel_cartesian" - 1033 (1034/1500): 0%....50%....100% - 1 pass
==PROF== Profiling "compute_col_gas_CUDA_" - 1034 (1035/1500): 0%....50%....100% - 1 pass
==PROF== Profiling "gpu_permutedims_kernel_" - 1035 (1036/1500): 0%....50%....100% - 1 pass
==PROF== Profiling "gpu_permutedims_kernel_" - 1036 (1037/1500): 0%....50%....100% - 1 pass
==PROF== Profiling "rte_lw_2stream_solve_both_ski..." - 1037 (1038/1500): 0%....50%....100% - 1 pass
==PROF== Profiling "gpu_broadcast_kernel_cartesian" - 1038 (1039/1500): 0%....50%....100% - 1 pass
==PROF== Profiling "gpu_broadcast_kernel_cartesian" - 1039 (1040/1500): 0%....50%....100% - 1 pass
==PROF== Profiling "gpu_broadcast_kernel_cartesian" - 1040 (1041/1500): 0%....50%....100% - 1 pass
==PROF== Profiling "gpu_broadcast_kernel_cartesian" - 1041 (1042/1500): 0%....50%....100% - 1 pass
==PROF== Profiling "gpu_broadcast_kernel_cartesian" - 1042 (1043/1500): 0%....50%....100% - 1 pass
==PROF== Profiling "gpu_broadcast_kernel_cartesian" - 1043 (1044/1500): 0%....50%....100% - 1 pass
==PROF== Profiling "gpu_broadcast_kernel_cartesian" - 1044 (1045/1500): 0%....50%....100% - 1 pass
==PROF== Profiling "gpu_broadcast_kernel_cartesian" - 1045 (1046/1500): 0%....50%....100% - 1 pass
==PROF== Profiling "gpu_broadcast_kernel_cartesian" - 1046 (1047/1500): 0%....50%....100% - 1 pass
==PROF== Profiling "gpu_broadcast_kernel_cartesian" - 1047 (1048/1500): 0%....50%....100% - 1 pass
==PROF== Profiling "gpu_broadcast_kernel_cartesian" - 1048 (1049/1500): 0%....50%....100% - 1 pass
==PROF== Profiling "gpu_broadcast_kernel_cartesian" - 1049 (1050/1500): 0%....50%....100% - 1 pass
==PROF== Profiling "gpu_permutedims_kernel_" - 1050 (1051/1500): 0%....50%....100% - 1 pass
==PROF== Profiling "gpu_permutedims_kernel_" - 1051 (1052/1500): 0%....50%....100% - 1 pass
==PROF== Profiling "rte_sw_2stream_solve_both_ski..." - 1052 (1053/1500): 0%....50%....100% - 1 pass
==PROF== Profiling "gpu_broadcast_kernel_cartesian" - 1053 (1054/1500): 0%....50%....100% - 1 pass
==PROF== Profiling "gpu_broadcast_kernel_cartesian" - 1054 (1055/1500): 0%....50%....100% - 1 pass
==PROF== Profiling "gpu_broadcast_kernel_cartesian" - 1055 (1056/1500): 0%....50%....100% - 1 pass
==PROF== Profiling "gpu_broadcast_kernel_cartesian" - 1056 (1057/1500): 0%....50%....100% - 1 pass
==PROF== Profiling "gpu_broadcast_kernel_cartesian" - 1057 (1058/1500): 0%....50%....100% - 1 pass
==PROF== Profiling "gpu_broadcast_kernel_cartesian" - 1058 (1059/1500): 0%....50%....100% - 1 pass
==PROF== Profiling "gpu_broadcast_kernel_cartesian" - 1059 (1060/1500): 0%....50%....100% - 1 pass
==PROF== Profiling "gpu_broadcast_kernel_cartesian" - 1060 (1061/1500): 0%....50%....100% - 1 pass
==PROF== Profiling "gpu_broadcast_kernel_cartesian" - 1061 (1062/1500): 0%....50%....100% - 1 pass
==PROF== Profiling "gpu_broadcast_kernel_cartesian" - 1062 (1063/1500): 0%....50%....100% - 1 pass
==PROF== Profiling "gpu_broadcast_kernel_cartesian" - 1063 (1064/1500): 0%....50%....100% - 1 pass
==PROF== Profiling "gpu_broadcast_kernel_cartesian" - 1064 (1065/1500): 0%....50%....100% - 1 pass
==PROF== Profiling "gpu_broadcast_kernel_cartesian" - 1065 (1066/1500): 0%....50%....100% - 1 pass
==PROF== Profiling "gpu_broadcast_kernel_cartesian" - 1066 (1067/1500): 0%....50%....100% - 1 pass
==PROF== Profiling "gpu_broadcast_kernel_cartesian" - 1067 (1068/1500): 0%....50%....100% - 1 pass
==PROF== Profiling "gpu_broadcast_kernel_cartesian" - 1068 (1069/1500): 0%....50%....100% - 1 pass
==PROF== Profiling "gpu_broadcast_kernel_cartesian" - 1069 (1070/1500): 0%....50%....100% - 1 pass
==PROF== Profiling "gpu_broadcast_kernel_cartesian" - 1070 (1071/1500): 0%....50%....100% - 1 pass
==PROF== Profiling "gpu_broadcast_kernel_cartesian" - 1071 (1072/1500): 0%....50%....100% - 1 pass
==PROF== Profiling "non_orographic_gravity_wave_c..." - 1072 (1073/1500): 0%....50%....100% - 1 pass
==PROF== Profiling "non_orographic_gravity_wave_c..." - 1073 (1074/1500): 0%....50%....100% - 1 pass
==PROF== Profiling "non_orographic_gravity_wave_c..." - 1074 (1075/1500): 0%....50%....100% - 1 pass
==PROF== Profiling "non_orographic_gravity_wave_c..." - 1075 (1076/1500): 0%....50%....100% - 1 pass
==PROF== Profiling "non_orographic_gravity_wave_c..." - 1076 (1077/1500): 0%....50%....100% - 1 pass
==PROF== Profiling "_FILE_ClimaCore_jl_mod_src_Op..." - 1077 (1078/1500): 0%....50%....100% - 1 pass
==PROF== Profiling "non_orographic_gravity_wave_c..." - 1078 (1079/1500): 0%....50%....100% - 1 pass
==PROF== Profiling "set_precipitation_velocities_..." - 1079 (1080/1500): 0%....50%....100% - 1 pass
==PROF== Profiling "set_precipitation_velocities_..." - 1080 (1081/1500): 0%....50%....100% - 1 pass
==PROF== Profiling "non_orographic_gravity_wave_f..." - 1081 (1082/1500): 0%....50%....100% - 1 pass
==PROF== Profiling "field_shiftlevel_up__FILE_Cli..." - 1082 (1083/1500): 0%....50%....100% - 1 pass
==PROF== Profiling "non_orographic_gravity_wave_f..." - 1083 (1084/1500): 0%....50%....100% - 1 pass
==PROF== Profiling "field_shiftlevel_up__FILE_Cli..." - 1084 (1085/1500): 0%....50%....100% - 1 pass
==PROF== Profiling "non_orographic_gravity_wave_f..." - 1085 (1086/1500): 0%....50%....100% - 1 pass
==PROF== Profiling "field_shiftlevel_up__FILE_Cli..." - 1086 (1087/1500): 0%....50%....100% - 1 pass
==PROF== Profiling "field_shiftlevel_up__FILE_Cli..." - 1087 (1088/1500): 0%....50%....100% - 1 pass
==PROF== Profiling "non_orographic_gravity_wave_f..." - 1088 (1089/1500): 0%....50%....100% - 1 pass
==PROF== Profiling "field_shiftlevel_up__FILE_Cli..." - 1089 (1090/1500): 0%....50%....100% - 1 pass
==PROF== Profiling "non_orographic_gravity_wave_f..." - 1090 (1091/1500): 0%....50%....100% - 1 pass
==PROF== Profiling "non_orographic_gravity_wave_f..." - 1091 (1092/1500): 0%....50%....100% - 1 pass
==PROF== Profiling "postprocess_and_accumulate__F..." - 1092 (1093/1500): 0%....50%....100% - 1 pass
==PROF== Profiling "fill__FILE_ClimaCore_jl_mod_s..." - 1093 (1094/1500): 0%....50%....100% - 1 pass
==PROF== Profiling "postprocess_and_accumulate__F..." - 1094 (1095/1500): 0%....50%....100% - 1 pass
==PROF== Profiling "fill__FILE_ClimaCore_jl_mod_s..." - 1095 (1096/1500): 0%....50%....100% - 1 pass
==PROF== Profiling "gw_average__FILE_ClimaAtmos_j..." - 1096 (1097/1500): 0%....50%....100% - 1 pass
==PROF== Profiling "gw_average__FILE_ClimaAtmos_j..." - 1097 (1098/1500): 0%....50%....100% - 1 pass
==PROF== Profiling "gw_average__FILE_ClimaAtmos_j..." - 1098 (1099/1500): 0%....50%....100% - 1 pass
==PROF== Profiling "gw_average__FILE_ClimaAtmos_j..." - 1099 (1100/1500): 0%....50%....100% - 1 pass
==PROF== Profiling "postprocess_and_accumulate__F..." - 1100 (1101/1500): 0%....50%....100% - 1 pass
==PROF== Profiling "postprocess_and_accumulate__F..." - 1101 (1102/1500): 0%....50%....100% - 1 pass
==PROF== Profiling "postprocess_and_accumulate__F..." - 1102 (1103/1500): 0%....50%....100% - 1 pass
==PROF== Profiling "postprocess_and_accumulate__F..." - 1103 (1104/1500): 0%....50%....100% - 1 pass
==PROF== Profiling "non_orographic_gravity_wave_c..." - 1104 (1105/1500): 0%....50%....100% - 1 pass
==PROF== Profiling "non_orographic_gravity_wave_c..." - 1105 (1106/1500): 0%....50%....100% - 1 pass
==PROF== Profiling "non_orographic_gravity_wave_c..." - 1106 (1107/1500): 0%....50%....100% - 1 pass
==PROF== Profiling "orographic_gravity_wave_compu..." - 1107 (1108/1500): 0%....50%....100% - 1 pass
==PROF== Profiling "_FILE_ClimaAtmos_jl_mod_src_s..." - 1108 (1109/1500): 0%....50%....100% - 1 pass
==PROF== Profiling "_FILE_ClimaAtmos_jl_mod_src_s..." - 1109 (1110/1500): 0%....50%....100% - 1 pass
==PROF== Profiling "orographic_gravity_wave_compu..." - 1110 (1111/1500): 0%....50%....100% - 1 pass
==PROF== Profiling "orographic_gravity_wave_compu..." - 1111 (1112/1500): 0%....50%....100% - 1 pass
==PROF== Profiling "orographic_gravity_wave_compu..." - 1112 (1113/1500): 0%....50%....100% - 1 pass
==PROF== Profiling "field_shiftface_down__FILE_Cl..." - 1113 (1114/1500): 0%....50%....100% - 1 pass
==PROF== Profiling "non_orographic_gravity_wave_c..." - 1114 (1115/1500): 0%....50%....100% - 1 pass
==PROF== Profiling "non_orographic_gravity_wave_c..." - 1115 (1116/1500): 0%....50%....100% - 1 pass
==PROF== Profiling "set_precipitation_velocities_..." - 1116 (1117/1500): 0%....50%....100% - 1 pass
==PROF== Profiling "set_precipitation_velocities_..." - 1117 (1118/1500): 0%....50%....100% - 1 pass
==PROF== Profiling "get_pbl_z__FILE_ClimaAtmos_jl..." - 1118 (1119/1500): 0%....50%....100% - 1 pass
==PROF== Profiling "orographic_gravity_wave_forci..." - 1119 (1120/1500): 0%....50%....100% - 1 pass
==PROF== Profiling "calc_base_flux__FILE_ClimaAtm..." - 1120 (1121/1500): 0%....50%....100% - 1 pass
==PROF== Profiling "calc_base_flux__FILE_ClimaAtm..." - 1121 (1122/1500): 0%....50%....100% - 1 pass
==PROF== Profiling "calc_base_flux__FILE_ClimaAtm..." - 1122 (1123/1500): 0%....50%....100% - 1 pass
==PROF== Profiling "calc_base_flux__FILE_ClimaAtm..." - 1123 (1124/1500): 0%....50%....100% - 1 pass
==PROF== Profiling "calc_base_flux__FILE_ClimaAtm..." - 1124 (1125/1500): 0%....50%....100% - 1 pass
==PROF== Profiling "calc_base_flux__FILE_ClimaAtm..." - 1125 (1126/1500): 0%....50%....100% - 1 pass
==PROF== Profiling "calc_base_flux__FILE_ClimaAtm..." - 1126 (1127/1500): 0%....50%....100% - 1 pass
==PROF== Profiling "calc_base_flux__FILE_ClimaAtm..." - 1127 (1128/1500): 0%....50%....100% - 1 pass
==PROF== Profiling "calc_base_flux__FILE_ClimaAtm..." - 1128 (1129/1500): 0%....50%....100% - 1 pass
==PROF== Profiling "calc_base_flux__FILE_ClimaAtm..." - 1129 (1130/1500): 0%....50%....100% - 1 pass
==PROF== Profiling "calc_base_flux__FILE_ClimaAtm..." - 1130 (1131/1500): 0%....50%....100% - 1 pass
==PROF== Profiling "calc_base_flux__FILE_ClimaAtm..." - 1131 (1132/1500): 0%....50%....100% - 1 pass
==PROF== Profiling "_ddz_FILE_ClimaAtmos_jl_mod_s..." - 1132 (1133/1500): 0%....50%....100% - 1 pass
==PROF== Profiling "_d2dz2_FILE_ClimaAtmos_jl_mod..." - 1133 (1134/1500): 0%....50%....100% - 1 pass
==PROF== Profiling "_ddz_FILE_ClimaAtmos_jl_mod_s..." - 1134 (1135/1500): 0%....50%....100% - 1 pass
==PROF== Profiling "_d2dz2_FILE_ClimaAtmos_jl_mod..." - 1135 (1136/1500): 0%....50%....100% - 1 pass
==PROF== Profiling "set_precipitation_velocities_..." - 1136 (1137/1500): 0%....50%....100% - 1 pass
==PROF== Profiling "calc_saturation_profile__FILE..." - 1137 (1138/1500): 0%....50%....100% - 1 pass
==PROF== Profiling "calc_saturation_profile__FILE..." - 1138 (1139/1500): 0%....50%....100% - 1 pass
==PROF== Profiling "_FILE_ClimaAtmos_jl_mod_src_s..." - 1139 (1140/1500): 0%....50%....100% - 1 pass
==PROF== Profiling "calc_saturation_profile__FILE..." - 1140 (1141/1500): 0%....50%....100% - 1 pass
==PROF== Profiling "calc_propagate_forcing__FILE_..." - 1141 (1142/1500): 0%....50%....100% - 1 pass
==PROF== Profiling "non_orographic_gravity_wave_c..." - 1142 (1143/1500): 0%....50%....100% - 1 pass
==PROF== Profiling "calc_propagate_forcing__FILE_..." - 1143 (1144/1500): 0%....50%....100% - 1 pass
==PROF== Profiling "calc_propagate_forcing__FILE_..." - 1144 (1145/1500): 0%....50%....100% - 1 pass
==PROF== Profiling "calc_nonpropagating_forcing__..." - 1145 (1146/1500): 0%....50%....100% - 1 pass
==PROF== Profiling "calc_nonpropagating_forcing__..." - 1146 (1147/1500): 0%....50%....100% - 1 pass
==PROF== Profiling "calc_nonpropagating_forcing__..." - 1147 (1148/1500): 0%....50%....100% - 1 pass
==PROF== Profiling "calc_nonpropagating_forcing__..." - 1148 (1149/1500): 0%....50%....100% - 1 pass
==PROF== Profiling "calc_nonpropagating_forcing__..." - 1149 (1150/1500): 0%....50%....100% - 1 pass
==PROF== Profiling "calc_nonpropagating_forcing__..." - 1150 (1151/1500): 0%....50%....100% - 1 pass
==PROF== Profiling "calc_nonpropagating_forcing__..." - 1151 (1152/1500): 0%....50%....100% - 1 pass
==PROF== Profiling "calc_nonpropagating_forcing__..." - 1152 (1153/1500): 0%....50%....100% - 1 pass
==PROF== Profiling "copy_FILE_ClimaCore_jl_mod_sr..." - 1153 (1154/1500): 0%....50%....100% - 1 pass
==PROF== Profiling "partial_mapreduce_grid" - 1154 (1155/1500): 0%....50%....100% - 1 pass
==PROF== Profiling "partial_mapreduce_grid" - 1155 (1156/1500): 0%....50%....100% - 1 pass
==PROF== Profiling "calc_nonpropagating_forcing__..." - 1156 (1157/1500): 0%....50%....100% - 1 pass
==PROF== Profiling "calc_nonpropagating_forcing__..." - 1157 (1158/1500): 0%....50%....100% - 1 pass
==PROF== Profiling "orographic_gravity_wave_forci..." - 1158 (1159/1500): 0%....50%....100% - 1 pass
==PROF== Profiling "orographic_gravity_wave_forci..." - 1159 (1160/1500): 0%....50%....100% - 1 pass
==PROF== Profiling "partial_mapreduce_grid" - 1160 (1161/1500): 0%....50%....100% - 1 pass
==PROF== Profiling "partial_mapreduce_grid" - 1161 (1162/1500): 0%....50%....100% - 1 pass
==PROF== Profiling "partial_mapreduce_grid" - 1162 (1163/1500): 0%....50%....100% - 1 pass
==PROF== Profiling "partial_mapreduce_grid" - 1163 (1164/1500): 0%....50%....100% - 1 pass
==PROF== Profiling "gpu_linear_copy_kernel_" - 1164 (1165/1500): 0%....50%....100% - 1 pass
==PROF== Profiling "interpolate__FILE_ClimaCore_j..." - 1165 (1166/1500): 0%....50%....100% - 1 pass
==PROF== Profiling "gpu_broadcast_kernel_cartesian" - 1166 (1167/1500): 0%....50%....100% - 1 pass
==PROF== Profiling "copy_FILE_ClimaCore_jl_mod_sr..." - 1167 (1168/1500): 0%....50%....100% - 1 pass
==PROF== Profiling "interpolate__FILE_ClimaCore_j..." - 1168 (1169/1500): 0%....50%....100% - 1 pass
==PROF== Profiling "gpu_broadcast_kernel_cartesian" - 1169 (1170/1500): 0%....50%....100% - 1 pass
==PROF== Profiling "gpu_getindex_kernel" - 1170 (1171/1500): 0%....50%....100% - 1 pass
==PROF== Profiling "_FILE_ClimaDiagnostics_Q9hyU_..." - 1171 (1172/1500): 0%....50%....100% - 1 pass
==PROF== Profiling "set_covariance_cache_and_clou..." - 1172 (1173/1500): 0%....50%....100% - 1 pass
==PROF== Profiling "gpu_getindex_kernel" - 1173 (1174/1500): 0%....50%....100% - 1 pass
==PROF== Profiling "_FILE_ClimaDiagnostics_Q9hyU_..." - 1174 (1175/1500): 0%....50%....100% - 1 pass
==PROF== Profiling "copy_FILE_ClimaCore_jl_mod_sr..." - 1175 (1176/1500): 0%....50%....100% - 1 pass
==PROF== Profiling "_FILE_ClimaDiagnostics_Q9hyU_..." - 1176 (1177/1500): 0%....50%....100% - 1 pass
==PROF== Profiling "copy_FILE_ClimaCore_jl_mod_sr..." - 1177 (1178/1500): 0%....50%....100% - 1 pass
==PROF== Profiling "_FILE_ClimaDiagnostics_Q9hyU_..." - 1178 (1179/1500): 0%....50%....100% - 1 pass
==PROF== Profiling "copy_FILE_ClimaCore_jl_mod_sr..." - 1179 (1180/1500): 0%....50%....100% - 1 pass
==PROF== Profiling "set_covariance_cache_and_clou..." - 1180 (1181/1500): 0%....50%....100% - 1 pass
==PROF== Profiling "copy_FILE_ClimaCore_jl_mod_sr..." - 1181 (1182/1500): 0%....50%....100% - 1 pass
==PROF== Profiling "set_covariance_cache_and_clou..." - 1182 (1183/1500): 0%....50%....100% - 1 pass
==PROF== Profiling "set_covariance_cache_and_clou..." - 1183 (1184/1500): 0%....50%....100% - 1 pass
==PROF== Profiling "copy_FILE_ClimaCore_jl_mod_sr..." - 1184 (1185/1500): 0%....50%....100% - 1 pass
==PROF== Profiling "set_covariance_cache_and_clou..." - 1185 (1186/1500): 0%....50%....100% - 1 pass
==PROF== Profiling "gpu_getindex_kernel" - 1186 (1187/1500): 0%....50%....100% - 1 pass
==PROF== Profiling "set_covariance_cache_and_clou..." - 1187 (1188/1500): 0%....50%....100% - 1 pass
==PROF== Profiling "copy_FILE_ClimaCore_jl_mod_sr..." - 1188 (1189/1500): 0%....50%....100% - 1 pass
==PROF== Profiling "set_covariance_cache_and_clou..." - 1189 (1190/1500): 0%....50%....100% - 1 pass
==PROF== Profiling "copy_FILE_ClimaCore_jl_mod_sr..." - 1190 (1191/1500): 0%....50%....100% - 1 pass
==PROF== Profiling "set_covariance_cache_and_clou..." - 1191 (1192/1500): 0%....50%....100% - 1 pass
==PROF== Profiling "copy_FILE_ClimaCore_jl_mod_sr..." - 1192 (1193/1500): 0%....50%....100% - 1 pass
==PROF== Profiling "_FILE_ClimaDiagnostics_Q9hyU_..." - 1193 (1194/1500): 0%....50%....100% - 1 pass
==PROF== Profiling "copy_FILE_ClimaCore_jl_mod_sr..." - 1194 (1195/1500): 0%....50%....100% - 1 pass
==PROF== Profiling "_FILE_ClimaDiagnostics_Q9hyU_..." - 1195 (1196/1500): 0%....50%....100% - 1 pass
==PROF== Profiling "copy_FILE_ClimaCore_jl_mod_sr..." - 1196 (1197/1500): 0%....50%....100% - 1 pass
==PROF== Profiling "_FILE_ClimaDiagnostics_Q9hyU_..." - 1197 (1198/1500): 0%....50%....100% - 1 pass
==PROF== Profiling "gpu_getindex_kernel" - 1198 (1199/1500): 0%....50%....100% - 1 pass
==PROF== Profiling "_FILE_ClimaDiagnostics_Q9hyU_..." - 1199 (1200/1500): 0%....50%....100% - 1 pass
==PROF== Profiling "gpu_getindex_kernel" - 1200 (1201/1500): 0%....50%....100% - 1 pass
==PROF== Profiling "_FILE_ClimaDiagnostics_Q9hyU_..." - 1201 (1202/1500): 0%....50%....100% - 1 pass
==PROF== Profiling "copy_FILE_ClimaCore_jl_mod_sr..." - 1202 (1203/1500): 0%....50%....100% - 1 pass
==PROF== Profiling "set_covariance_cache_and_clou..." - 1203 (1204/1500): 0%....50%....100% - 1 pass
==PROF== Profiling "set_precipitation_surface_flu..." - 1204 (1205/1500): 0%....50%....100% - 1 pass
==PROF== Profiling "set_covariance_cache_and_clou..." - 1205 (1206/1500): 0%....50%....100% - 1 pass
==PROF== Profiling "copy_FILE_ClimaCore_jl_mod_sr..." - 1206 (1207/1500): 0%....50%....100% - 1 pass
==PROF== Profiling "set_covariance_cache_and_clou..." - 1207 (1208/1500): 0%....50%....100% - 1 pass
==PROF== Profiling "set_precipitation_surface_flu..." - 1208 (1209/1500): 0%....50%....100% - 1 pass
==PROF== Profiling "set_covariance_cache_and_clou..." - 1209 (1210/1500): 0%....50%....100% - 1 pass
==PROF== Profiling "set_precipitation_surface_flu..." - 1210 (1211/1500): 0%....50%....100% - 1 pass
==PROF== Profiling "set_covariance_cache_and_clou..." - 1211 (1212/1500): 0%....50%....100% - 1 pass
==PROF== Profiling "gpu_getindex_kernel" - 1212 (1213/1500): 0%....50%....100% - 1 pass
==PROF== Profiling "_FILE_ClimaDiagnostics_Q9hyU_..." - 1213 (1214/1500): 0%....50%....100% - 1 pass
==PROF== Profiling "copy_FILE_ClimaCore_jl_mod_sr..." - 1214 (1215/1500): 0%....50%....100% - 1 pass
==PROF== Profiling "_FILE_ClimaDiagnostics_Q9hyU_..." - 1215 (1216/1500): 0%....50%....100% - 1 pass
==PROF== Profiling "copy_FILE_ClimaCore_jl_mod_sr..." - 1216 (1217/1500): 0%....50%....100% - 1 pass
==PROF== Profiling "_FILE_ClimaDiagnostics_Q9hyU_..." - 1217 (1218/1500): 0%....50%....100% - 1 pass
==PROF== Profiling "copy_FILE_ClimaCore_jl_mod_sr..." - 1218 (1219/1500): 0%....50%....100% - 1 pass
==PROF== Profiling "_FILE_ClimaDiagnostics_Q9hyU_..." - 1219 (1220/1500): 0%....50%....100% - 1 pass
==PROF== Profiling "_FILE_ClimaDiagnostics_Q9hyU_..." - 1220 (1221/1500): 0%....50%....100% - 1 pass
==PROF== Profiling "_FILE_ClimaDiagnostics_Q9hyU_..." - 1221 (1222/1500): 0%....50%....100% - 1 pass
==PROF== Profiling "_FILE_ClimaCore_jl_mod_src_Op..." - 1222 (1223/1500): 0%....50%....100% - 1 pass
==PROF== Profiling "gpu_getindex_kernel" - 1223 (1224/1500): 0%....50%....100% - 1 pass
==PROF== Profiling "_FILE_ClimaDiagnostics_Q9hyU_..." - 1224 (1225/1500): 0%....50%....100% - 1 pass
==PROF== Profiling "_FILE_ClimaCore_jl_mod_src_Op..." - 1225 (1226/1500): 0%....50%....100% - 1 pass
==PROF== Profiling "gpu_getindex_kernel" - 1226 (1227/1500): 0%....50%....100% - 1 pass
==PROF== Profiling "_FILE_ClimaDiagnostics_Q9hyU_..." - 1227 (1228/1500): 0%....50%....100% - 1 pass
==PROF== Profiling "_FILE_ClimaCore_jl_mod_src_Op..." - 1228 (1229/1500): 0%....50%....100% - 1 pass
==PROF== Profiling "gpu_getindex_kernel" - 1229 (1230/1500): 0%....50%....100% - 1 pass
==PROF== Profiling "_FILE_ClimaDiagnostics_Q9hyU_..." - 1230 (1231/1500): 0%....50%....100% - 1 pass
==PROF== Profiling "_FILE_ClimaCore_jl_mod_src_Op..." - 1231 (1232/1500): 0%....50%....100% - 1 pass
==PROF== Profiling "gpu_getindex_kernel" - 1232 (1233/1500): 0%....50%....100% - 1 pass
==PROF== Profiling "_FILE_ClimaDiagnostics_Q9hyU_..." - 1233 (1234/1500): 0%....50%....100% - 1 pass
==PROF== Profiling "_FILE_ClimaCore_jl_mod_src_Op..." - 1234 (1235/1500): 0%....50%....100% - 1 pass
==PROF== Profiling "gpu_getindex_kernel" - 1235 (1236/1500): 0%....50%....100% - 1 pass
==PROF== Profiling "_FILE_ClimaDiagnostics_Q9hyU_..." - 1236 (1237/1500): 0%....50%....100% - 1 pass
==PROF== Profiling "set_precipitation_surface_flu..." - 1237 (1238/1500): 0%....50%....100% - 1 pass
==PROF== Profiling "set_covariance_cache_and_clou..." - 1238 (1239/1500): 0%....50%....100% - 1 pass
==PROF== Profiling "set_precipitation_surface_flu..." - 1239 (1240/1500): 0%....50%....100% - 1 pass
==PROF== Profiling "set_covariance_cache_and_clou..." - 1240 (1241/1500): 0%....50%....100% - 1 pass
==PROF== Profiling "_FILE_ClimaCore_jl_mod_src_Op..." - 1241 (1242/1500): 0%....50%....100% - 1 pass
==PROF== Profiling "gpu_getindex_kernel" - 1242 (1243/1500): 0%....50%....100% - 1 pass
==PROF== Profiling "_FILE_ClimaDiagnostics_Q9hyU_..." - 1243 (1244/1500): 0%....50%....100% - 1 pass
==PROF== Profiling "_FILE_ClimaCore_jl_mod_src_Op..." - 1244 (1245/1500): 0%....50%....100% - 1 pass
==PROF== Profiling "gpu_getindex_kernel" - 1245 (1246/1500): 0%....50%....100% - 1 pass
==PROF== Profiling "_FILE_ClimaDiagnostics_Q9hyU_..." - 1246 (1247/1500): 0%....50%....100% - 1 pass
==PROF== Profiling "copy_FILE_ClimaCore_jl_mod_sr..." - 1247 (1248/1500): 0%....50%....100% - 1 pass
==PROF== Profiling "_FILE_ClimaDiagnostics_Q9hyU_..." - 1248 (1249/1500): 0%....50%....100% - 1 pass
==PROF== Profiling "gpu_getindex_kernel" - 1249 (1250/1500): 0%....50%....100% - 1 pass
==PROF== Profiling "_FILE_ClimaDiagnostics_Q9hyU_..." - 1250 (1251/1500): 0%....50%....100% - 1 pass
==PROF== Profiling "copy_FILE_ClimaCore_jl_mod_sr..." - 1251 (1252/1500): 0%....50%....100% - 1 pass
==PROF== Profiling "_FILE_ClimaDiagnostics_Q9hyU_..." - 1252 (1253/1500): 0%....50%....100% - 1 pass
==PROF== Profiling "gpu_getindex_kernel" - 1253 (1254/1500): 0%....50%....100% - 1 pass
==PROF== Profiling "_FILE_ClimaDiagnostics_Q9hyU_..." - 1254 (1255/1500): 0%....50%....100% - 1 pass
==PROF== Profiling "gpu_getindex_kernel" - 1255 (1256/1500): 0%....50%....100% - 1 pass
==PROF== Profiling "_FILE_ClimaDiagnostics_Q9hyU_..." - 1256 (1257/1500): 0%....50%....100% - 1 pass
==PROF== Profiling "copy_FILE_ClimaCore_jl_mod_sr..." - 1257 (1258/1500): 0%....50%....100% - 1 pass
==PROF== Profiling "_FILE_ClimaDiagnostics_Q9hyU_..." - 1258 (1259/1500): 0%....50%....100% - 1 pass
==PROF== Profiling "gpu_getindex_kernel" - 1259 (1260/1500): 0%....50%....100% - 1 pass
==PROF== Profiling "_FILE_ClimaDiagnostics_Q9hyU_..." - 1260 (1261/1500): 0%....50%....100% - 1 pass
==PROF== Profiling "copy_FILE_ClimaCore_jl_mod_sr..." - 1261 (1262/1500): 0%....50%....100% - 1 pass
==PROF== Profiling "_FILE_ClimaDiagnostics_Q9hyU_..." - 1262 (1263/1500): 0%....50%....100% - 1 pass
==PROF== Profiling "gpu_getindex_kernel" - 1263 (1264/1500): 0%....50%....100% - 1 pass
==PROF== Profiling "_FILE_ClimaDiagnostics_Q9hyU_..." - 1264 (1265/1500): 0%....50%....100% - 1 pass
==PROF== Profiling "copy_FILE_ClimaCore_jl_mod_sr..." - 1265 (1266/1500): 0%....50%....100% - 1 pass
==PROF== Profiling "_FILE_ClimaDiagnostics_Q9hyU_..." - 1266 (1267/1500): 0%....50%....100% - 1 pass
==PROF== Profiling "gpu_getindex_kernel" - 1267 (1268/1500): 0%....50%....100% - 1 pass
==PROF== Profiling "_FILE_ClimaDiagnostics_Q9hyU_..." - 1268 (1269/1500): 0%....50%....100% - 1 pass
==PROF== Profiling "gpu_getindex_kernel" - 1269 (1270/1500): 0%....50%....100% - 1 pass
==PROF== Profiling "_FILE_ClimaDiagnostics_Q9hyU_..." - 1270 (1271/1500): 0%....50%....100% - 1 pass
==PROF== Profiling "copy_FILE_ClimaCore_jl_mod_sr..." - 1271 (1272/1500): 0%....50%....100% - 1 pass
==PROF== Profiling "_FILE_ClimaDiagnostics_Q9hyU_..." - 1272 (1273/1500): 0%....50%....100% - 1 pass
==PROF== Profiling "copy_FILE_ClimaCore_jl_mod_sr..." - 1273 (1274/1500): 0%....50%....100% - 1 pass
==PROF== Profiling "set_covariance_cache_and_clou..." - 1274 (1275/1500): 0%....50%....100% - 1 pass
==PROF== Profiling "gpu_getindex_kernel" - 1275 (1276/1500): 0%....50%....100% - 1 pass
==PROF== Profiling "set_covariance_cache_and_clou..." - 1276 (1277/1500): 0%....50%....100% - 1 pass
==PROF== Profiling "copy_FILE_ClimaCore_jl_mod_sr..." - 1277 (1278/1500): 0%....50%....100% - 1 pass
==PROF== Profiling "set_covariance_cache_and_clou..." - 1278 (1279/1500): 0%....50%....100% - 1 pass
==PROF== Profiling "gpu_getindex_kernel" - 1279 (1280/1500): 0%....50%....100% - 1 pass
==PROF== Profiling "set_covariance_cache_and_clou..." - 1280 (1281/1500): 0%....50%....100% - 1 pass
==PROF== Profiling "copy_FILE_ClimaCore_jl_mod_sr..." - 1281 (1282/1500): 0%....50%....100% - 1 pass
==PROF== Profiling "set_covariance_cache_and_clou..." - 1282 (1283/1500): 0%....50%....100% - 1 pass
==PROF== Profiling "copy_FILE_ClimaCore_jl_mod_sr..." - 1283 (1284/1500): 0%....50%....100% - 1 pass
==PROF== Profiling "set_covariance_cache_and_clou..." - 1284 (1285/1500): 0%....50%....100% - 1 pass
==PROF== Profiling "gpu_getindex_kernel" - 1285 (1286/1500): 0%....50%....100% - 1 pass
==PROF== Profiling "set_covariance_cache_and_clou..." - 1286 (1287/1500): 0%....50%....100% - 1 pass
==PROF== Profiling "copy_FILE_ClimaCore_jl_mod_sr..." - 1287 (1288/1500): 0%....50%....100% - 1 pass
==PROF== Profiling "set_covariance_cache_and_clou..." - 1288 (1289/1500): 0%....50%....100% - 1 pass
==PROF== Profiling "gpu_getindex_kernel" - 1289 (1290/1500): 0%....50%....100% - 1 pass
==PROF== Profiling "set_covariance_cache_and_clou..." - 1290 (1291/1500): 0%....50%....100% - 1 pass
==PROF== Profiling "gpu_getindex_kernel" - 1291 (1292/1500): 0%....50%....100% - 1 pass
==PROF== Profiling "set_covariance_cache_and_clou..." - 1292 (1293/1500): 0%....50%....100% - 1 pass
==PROF== Profiling "copy_FILE_ClimaCore_jl_mod_sr..." - 1293 (1294/1500): 0%....50%....100% - 1 pass
==PROF== Profiling "set_covariance_cache_and_clou..." - 1294 (1295/1500): 0%....50%....100% - 1 pass
==PROF== Profiling "set_microphysics_tendency_cac..." - 1295 (1296/1500): 0%....50%....100% - 1 pass
==PROF== Profiling "set_covariance_cache_and_clou..." - 1296 (1297/1500): 0%....50%....100% - 1 pass
==PROF== Profiling "copy_FILE_ClimaCore_jl_mod_sr..." - 1297 (1298/1500): 0%....50%....100% - 1 pass
==PROF== Profiling "set_covariance_cache_and_clou..." - 1298 (1299/1500): 0%....50%....100% - 1 pass
==PROF== Profiling "set_covariance_cache_and_clou..." - 1299 (1300/1500): 0%....50%....100% - 1 pass
==PROF== Profiling "copy_FILE_ClimaCore_jl_mod_sr..." - 1300 (1301/1500): 0%....50%....100% - 1 pass
==PROF== Profiling "set_covariance_cache_and_clou..." - 1301 (1302/1500): 0%....50%....100% - 1 pass
==PROF== Profiling "copy_FILE_ClimaCore_jl_mod_sr..." - 1302 (1303/1500): 0%....50%....100% - 1 pass
==PROF== Profiling "set_covariance_cache_and_clou..." - 1303 (1304/1500): 0%....50%....100% - 1 pass
==PROF== Profiling "set_covariance_cache_and_clou..." - 1304 (1305/1500): 0%....50%....100% - 1 pass
==PROF== Profiling "copy_FILE_ClimaCore_jl_mod_sr..." - 1305 (1306/1500): 0%....50%....100% - 1 pass
==PROF== Profiling "set_covariance_cache_and_clou..." - 1306 (1307/1500): 0%....50%....100% - 1 pass
==PROF== Profiling "copy_FILE_ClimaCore_jl_mod_sr..." - 1307 (1308/1500): 0%....50%....100% - 1 pass
==PROF== Profiling "set_covariance_cache_and_clou..." - 1308 (1309/1500): 0%....50%....100% - 1 pass
==PROF== Profiling "copy_FILE_ClimaCore_jl_mod_sr..." - 1309 (1310/1500): 0%....50%....100% - 1 pass
==PROF== Profiling "set_covariance_cache_and_clou..." - 1310 (1311/1500): 0%....50%....100% - 1 pass
==PROF== Profiling "set_precipitation_surface_flu..." - 1311 (1312/1500): 0%....50%....100% - 1 pass
==PROF== Profiling "set_covariance_cache_and_clou..." - 1312 (1313/1500): 0%....50%....100% - 1 pass
==PROF== Profiling "set_covariance_cache_and_clou..." - 1313 (1314/1500): 0%....50%....100% - 1 pass
==PROF== Profiling "compute_field_FILE_ClimaDiagn..." - 1314 (1315/1500): 0%....50%....100% - 1 pass
==PROF== Profiling "set_covariance_cache_and_clou..." - 1315 (1316/1500): 0%....50%....100% - 1 pass
==PROF== Profiling "compute_field_FILE_ClimaDiagn..." - 1316 (1317/1500): 0%....50%....100% - 1 pass
==PROF== Profiling "set_covariance_cache_and_clou..." - 1317 (1318/1500): 0%....50%....100% - 1 pass
==PROF== Profiling "ClimaAtmosSimulation_FILE_Cli..." - 1318 (1319/1500): 0%....50%....100% - 1 pass
==PROF== Profiling "ClimaAtmosSimulation_FILE_Cli..." - 1319 (1320/1500): 0%....50%....100% - 1 pass
==PROF== Profiling "ClimaAtmosSimulation_FILE_Cli..." - 1320 (1321/1500): 0%....50%....100% - 1 pass
==PROF== Profiling "ClimaAtmosSimulation_FILE_Cli..." - 1321 (1322/1500): 0%....50%....100% - 1 pass
==PROF== Profiling "ClimaAtmosSimulation_FILE_Cli..." - 1322 (1323/1500): 0%....50%....100% - 1 pass
==PROF== Profiling "ClimaAtmosSimulation_FILE_Cli..." - 1323 (1324/1500): 0%....50%....100% - 1 pass
==PROF== Profiling "dss_transform__FILE_ClimaCore..." - 1324 (1325/1500): 0%....50%....100% - 1 pass
==PROF== Profiling "weighted_dss_internal__FILE_C..." - 1325 (1326/1500): 0%....50%....100% - 1 pass
==PROF== Profiling "dss_untransform__FILE_ClimaCo..." - 1326 (1327/1500): 0%....50%....100% - 1 pass
==PROF== Profiling "dss_transform__FILE_ClimaCore..." - 1327 (1328/1500): 0%....50%....100% - 1 pass
==PROF== Profiling "weighted_dss_internal__FILE_C..." - 1328 (1329/1500): 0%....50%....100% - 1 pass
==PROF== Profiling "dss_untransform__FILE_ClimaCo..." - 1329 (1330/1500): 0%....50%....100% - 1 pass
==PROF== Profiling "copy_FILE_ClimaCore_jl_mod_sr..." - 1330 (1331/1500): 0%....50%....100% - 1 pass
==PROF== Profiling "boundary_fields_FILE_ClimaCou..." - 1331 (1332/1500): 0%....50%....100% - 1 pass
==PROF== Profiling "copy_FILE_ClimaCore_jl_mod_sr..." - 1332 (1333/1500): 0%....50%....100% - 1 pass
==PROF== Profiling "copy_FILE_ClimaCore_jl_mod_sr..." - 1333 (1334/1500): 0%....50%....100% - 1 pass
==PROF== Profiling "copy_FILE_ClimaCore_jl_mod_sr..." - 1334 (1335/1500): 0%....50%....100% - 1 pass
==PROF== Profiling "copy_FILE_ClimaCore_jl_mod_sr..." - 1335 (1336/1500): 0%....50%....100% - 1 pass
==PROF== Profiling "_ExtrudedFiniteDifferenceGrid..." - 1336 (1337/1500): 0%....50%....100% - 1 pass
==PROF== Profiling "_ExtrudedFiniteDifferenceGrid..." - 1337 (1338/1500): 0%....50%....100% - 1 pass
==PROF== Profiling "copy_FILE_ClimaCore_jl_mod_sr..." - 1338 (1339/1500): 0%....50%....100% - 1 pass
==PROF== Profiling "copy_FILE_ClimaCore_jl_mod_sr..." - 1339 (1340/1500): 0%....50%....100% - 1 pass
==PROF== Profiling "minimum_FILE_ClimaCore_jl_mod..." - 1340 (1341/1500): 0%....50%....100% - 1 pass
==PROF== Profiling "maximum_FILE_ClimaCore_jl_mod..." - 1341 (1342/1500): 0%....50%....100% - 1 pass
==PROF== Profiling "minimum_FILE_ClimaCore_jl_mod..." - 1342 (1343/1500): 0%....50%....100% - 1 pass
==PROF== Profiling "copy_FILE_ClimaCore_jl_mod_sr..." - 1343 (1344/1500): 0%....50%....100% - 1 pass
==PROF== Profiling "copy_FILE_ClimaCore_jl_mod_sr..." - 1344 (1345/1500): 0%....50%....100% - 1 pass
==PROF== Profiling "copy_FILE_ClimaCore_jl_mod_sr..." - 1345 (1346/1500): 0%....50%....100% - 1 pass
==PROF== Profiling "copy_FILE_ClimaCore_jl_mod_sr..." - 1346 (1347/1500): 0%....50%....100% - 1 pass
==PROF== Profiling "copy_FILE_ClimaCore_jl_mod_sr..." - 1347 (1348/1500): 0%....50%....100% - 1 pass
==PROF== Profiling "copy_FILE_ClimaCore_jl_mod_sr..." - 1348 (1349/1500): 0%....50%....100% - 1 pass
==PROF== Profiling "copy_FILE_ClimaCore_jl_mod_sr..." - 1349 (1350/1500): 0%....50%....100% - 1 pass
==PROF== Profiling "copy_FILE_ClimaCore_jl_mod_sr..." - 1350 (1351/1500): 0%....50%....100% - 1 pass
==PROF== Profiling "copy_FILE_ClimaCore_jl_mod_sr..." - 1351 (1352/1500): 0%....50%....100% - 1 pass
==PROF== Profiling "_FILE_ClimaLand_olfEs_src_sta..." - 1352 (1353/1500): 0%....50%....100% - 1 pass
==PROF== Profiling "_FILE_ClimaLand_olfEs_src_sta..." - 1353 (1354/1500): 0%....50%....100% - 1 pass
==PROF== Profiling "copy_FILE_ClimaCore_jl_mod_sr..." - 1354 (1355/1500): 0%....50%....100% - 1 pass
==PROF== Profiling "copy_FILE_ClimaCore_jl_mod_sr..." - 1355 (1356/1500): 0%....50%....100% - 1 pass
==PROF== Profiling "copy_FILE_ClimaCore_jl_mod_sr..." - 1356 (1357/1500): 0%....50%....100% - 1 pass
==PROF== Profiling "copy_FILE_ClimaCore_jl_mod_sr..." - 1357 (1358/1500): 0%....50%....100% - 1 pass
==PROF== Profiling "_FILE_ClimaLand_olfEs_src_sta..." - 1358 (1359/1500): 0%....50%....100% - 1 pass
==PROF== Profiling "_FILE_ClimaLand_olfEs_src_sta..." - 1359 (1360/1500): 0%....50%....100% - 1 pass
==PROF== Profiling "_FILE_ClimaLand_olfEs_src_sta..." - 1360 (1361/1500): 0%....50%....100% - 1 pass
==PROF== Profiling "_FILE_ClimaLand_olfEs_src_sta..." - 1361 (1362/1500): 0%....50%....100% - 1 pass
==PROF== Profiling "_FILE_ClimaLand_olfEs_src_sta..." - 1362 (1363/1500): 0%....50%....100% - 1 pass
==PROF== Profiling "copy_FILE_ClimaCore_jl_mod_sr..." - 1363 (1364/1500): 0%....50%....100% - 1 pass
==PROF== Profiling "copy_FILE_ClimaCore_jl_mod_sr..." - 1364 (1365/1500): 0%....50%....100% - 1 pass
==PROF== Profiling "copy_FILE_ClimaCore_jl_mod_sr..." - 1365 (1366/1500): 0%....50%....100% - 1 pass
==PROF== Profiling "copy_FILE_ClimaCore_jl_mod_sr..." - 1366 (1367/1500): 0%....50%....100% - 1 pass
==PROF== Profiling "_FILE_ClimaLand_olfEs_src_sta..." - 1367 (1368/1500): 0%....50%....100% - 1 pass
==PROF== Profiling "_FILE_ClimaLand_olfEs_src_sta..." - 1368 (1369/1500): 0%....50%....100% - 1 pass
==PROF== Profiling "_FILE_ClimaLand_olfEs_src_sta..." - 1369 (1370/1500): 0%....50%....100% - 1 pass
==PROF== Profiling "copy_FILE_ClimaCore_jl_mod_sr..." - 1370 (1371/1500): 0%....50%....100% - 1 pass
==PROF== Profiling "copy_FILE_ClimaCore_jl_mod_sr..." - 1371 (1372/1500): 0%....50%....100% - 1 pass
==PROF== Profiling "copy_FILE_ClimaCore_jl_mod_sr..." - 1372 (1373/1500): 0%....50%....100% - 1 pass
==PROF== Profiling "copy_FILE_ClimaCore_jl_mod_sr..." - 1373 (1374/1500): 0%....50%....100% - 1 pass
==PROF== Profiling "copy_FILE_ClimaCore_jl_mod_sr..." - 1374 (1375/1500): 0%....50%....100% - 1 pass
==PROF== Profiling "copy_FILE_ClimaCore_jl_mod_sr..." - 1375 (1376/1500): 0%....50%....100% - 1 pass
==PROF== Profiling "copy_FILE_ClimaCore_jl_mod_sr..." - 1376 (1377/1500): 0%....50%....100% - 1 pass
==PROF== Profiling "copy_FILE_ClimaCore_jl_mod_sr..." - 1377 (1378/1500): 0%....50%....100% - 1 pass
==PROF== Profiling "copy_FILE_ClimaCore_jl_mod_sr..." - 1378 (1379/1500): 0%....50%....100% - 1 pass
==PROF== Profiling "copy_FILE_ClimaCore_jl_mod_sr..." - 1379 (1380/1500): 0%....50%....100% - 1 pass
==PROF== Profiling "copy_FILE_ClimaCore_jl_mod_sr..." - 1380 (1381/1500): 0%....50%....100% - 1 pass
==PROF== Profiling "copy_FILE_ClimaCore_jl_mod_sr..." - 1381 (1382/1500): 0%....50%....100% - 1 pass
==PROF== Profiling "_FILE_ClimaLand_olfEs_src_sta..." - 1382 (1383/1500): 0%....50%....100% - 1 pass
==PROF== Profiling "copy_FILE_ClimaCore_jl_mod_sr..." - 1383 (1384/1500): 0%....50%....100% - 1 pass
==PROF== Profiling "copy_FILE_ClimaCore_jl_mod_sr..." - 1384 (1385/1500): 0%....50%....100% - 1 pass
==PROF== Profiling "_FILE_ClimaLand_olfEs_src_sta..." - 1385 (1386/1500): 0%....50%....100% - 1 pass
==PROF== Profiling "copy_FILE_ClimaCore_jl_mod_sr..." - 1386 (1387/1500): 0%....50%....100% - 1 pass
==PROF== Profiling "_FILE_ClimaLand_olfEs_src_sta..." - 1387 (1388/1500): 0%....50%....100% - 1 pass
==PROF== Profiling "copy_FILE_ClimaCore_jl_mod_sr..." - 1388 (1389/1500): 0%....50%....100% - 1 pass
==PROF== Profiling "_FILE_ClimaLand_olfEs_src_sta..." - 1389 (1390/1500): 0%....50%....100% - 1 pass
==PROF== Profiling "copy_FILE_ClimaCore_jl_mod_sr..." - 1390 (1391/1500): 0%....50%....100% - 1 pass
==PROF== Profiling "_FILE_ClimaLand_olfEs_src_sta..." - 1391 (1392/1500): 0%....50%....100% - 1 pass
==PROF== Profiling "copy_FILE_ClimaCore_jl_mod_sr..." - 1392 (1393/1500): 0%....50%....100% - 1 pass
==PROF== Profiling "copy_FILE_ClimaCore_jl_mod_sr..." - 1393 (1394/1500): 0%....50%....100% - 1 pass
==PROF== Profiling "copy_FILE_ClimaCore_jl_mod_sr..." - 1394 (1395/1500): 0%....50%....100% - 1 pass
==PROF== Profiling "copy_FILE_ClimaCore_jl_mod_sr..." - 1395 (1396/1500): 0%....50%....100% - 1 pass
==PROF== Profiling "copy_FILE_ClimaCore_jl_mod_sr..." - 1396 (1397/1500): 0%....50%....100% - 1 pass
==PROF== Profiling "_FILE_ClimaLand_olfEs_src_sta..." - 1397 (1398/1500): 0%....50%....100% - 1 pass
==PROF== Profiling "copy_FILE_ClimaCore_jl_mod_sr..." - 1398 (1399/1500): 0%....50%....100% - 1 pass
==PROF== Profiling "copy_FILE_ClimaCore_jl_mod_sr..." - 1399 (1400/1500): 0%....50%....100% - 1 pass
==PROF== Profiling "check_land_equality_FILE_Clim..." - 1400 (1401/1500): 0%....50%....100% - 1 pass
==PROF== Profiling "check_land_equality_FILE_Clim..." - 1401 (1402/1500): 0%....50%....100% - 1 pass
==PROF== Profiling "check_land_equality_FILE_Clim..." - 1402 (1403/1500): 0%....50%....100% - 1 pass
==PROF== Profiling "check_land_equality_FILE_Clim..." - 1403 (1404/1500): 0%....50%....100% - 1 pass
==PROF== Profiling "partial_mapreduce_grid" - 1404 (1405/1500): 0%....50%....100% - 1 pass
==PROF== Profiling "partial_mapreduce_grid" - 1405 (1406/1500): 0%....50%....100% - 1 pass
==PROF== Profiling "check_land_equality_FILE_Clim..." - 1406 (1407/1500): 0%....50%....100% - 1 pass
==PROF== Profiling "check_land_equality_FILE_Clim..." - 1407 (1408/1500): 0%....50%....100% - 1 pass
==PROF== Profiling "check_land_equality_FILE_Clim..." - 1408 (1409/1500): 0%....50%....100% - 1 pass
==PROF== Profiling "check_land_equality_FILE_Clim..." - 1409 (1410/1500): 0%....50%....100% - 1 pass
==PROF== Profiling "partial_mapreduce_grid" - 1410 (1411/1500): 0%....50%....100% - 1 pass
==PROF== Profiling "partial_mapreduce_grid" - 1411 (1412/1500): 0%....50%....100% - 1 pass
==PROF== Profiling "copy_FILE_ClimaCore_jl_mod_sr..." - 1412 (1413/1500): 0%....50%....100% - 1 pass
==PROF== Profiling "copy_FILE_ClimaCore_jl_mod_sr..." - 1413 (1414/1500): 0%....50%....100% - 1 pass
==PROF== Profiling "check_land_equality_FILE_Clim..." - 1414 (1415/1500): 0%....50%....100% - 1 pass
==PROF== Profiling "check_land_equality_FILE_Clim..." - 1415 (1416/1500): 0%....50%....100% - 1 pass
==PROF== Profiling "check_land_equality_FILE_Clim..." - 1416 (1417/1500): 0%....50%....100% - 1 pass
==PROF== Profiling "check_land_equality_FILE_Clim..." - 1417 (1418/1500): 0%....50%....100% - 1 pass
==PROF== Profiling "partial_mapreduce_grid" - 1418 (1419/1500): 0%....50%....100% - 1 pass
==PROF== Profiling "partial_mapreduce_grid" - 1419 (1420/1500): 0%....50%....100% - 1 pass
==PROF== Profiling "check_land_equality_FILE_Clim..." - 1420 (1421/1500): 0%....50%....100% - 1 pass
==PROF== Profiling "check_land_equality_FILE_Clim..." - 1421 (1422/1500): 0%....50%....100% - 1 pass
==PROF== Profiling "check_land_equality_FILE_Clim..." - 1422 (1423/1500): 0%....50%....100% - 1 pass
==PROF== Profiling "check_land_equality_FILE_Clim..." - 1423 (1424/1500): 0%....50%....100% - 1 pass
==PROF== Profiling "partial_mapreduce_grid" - 1424 (1425/1500): 0%....50%....100% - 1 pass
==PROF== Profiling "partial_mapreduce_grid" - 1425 (1426/1500): 0%....50%....100% - 1 pass
==PROF== Profiling "check_land_equality_FILE_Clim..." - 1426 (1427/1500): 0%....50%....100% - 1 pass
==PROF== Profiling "check_land_equality_FILE_Clim..." - 1427 (1428/1500): 0%....50%....100% - 1 pass
==PROF== Profiling "check_land_equality_FILE_Clim..." - 1428 (1429/1500): 0%....50%....100% - 1 pass
==PROF== Profiling "check_land_equality_FILE_Clim..." - 1429 (1430/1500): 0%....50%....100% - 1 pass
==PROF== Profiling "partial_mapreduce_grid" - 1430 (1431/1500): 0%....50%....100% - 1 pass
==PROF== Profiling "partial_mapreduce_grid" - 1431 (1432/1500): 0%....50%....100% - 1 pass
==PROF== Profiling "gpu_linear_copy_kernel_" - 1432 (1433/1500): 0%....50%....100% - 1 pass
==PROF== Profiling "interpolate__FILE_ClimaCore_j..." - 1433 (1434/1500): 0%....50%....100% - 1 pass
==PROF== Profiling "gpu_broadcast_kernel_cartesian" - 1434 (1435/1500): 0%....50%....100% - 1 pass
==PROF== Profiling "_FILE_ClimaDiagnostics_Q9hyU_..." - 1435 (1436/1500): 0%....50%....100% - 1 pass
==PROF== Profiling "copy_FILE_ClimaCore_jl_mod_sr..." - 1436 (1437/1500): 0%....50%....100% - 1 pass
==PROF== Profiling "calc_base_flux__FILE_ClimaAtm..." - 1437 (1438/1500): 0%....50%....100% - 1 pass
==PROF== Profiling "copy_FILE_ClimaCore_jl_mod_sr..." - 1438 (1439/1500): 0%....50%....100% - 1 pass
==PROF== Profiling "_coupler_set_ic__FILE_ClimaCo..." - 1439 (1440/1500): 0%....50%....100% - 1 pass
==PROF== Profiling "ClimaAtmosSimulation_FILE_Cli..." - 1440 (1441/1500): 0%....50%....100% - 1 pass
==PROF== Profiling "set_ic__FILE_ClimaLand_olfEs_..." - 1441 (1442/1500): 0%....50%....100% - 1 pass
==PROF== Profiling "check_land_equality_FILE_Clim..." - 1442 (1443/1500): 0%....50%....100% - 1 pass
==PROF== Profiling "copy_FILE_ClimaCore_jl_mod_sr..." - 1443 (1444/1500): 0%....50%....100% - 1 pass
==PROF== Profiling "set_ic__FILE_ClimaLand_olfEs_..." - 1444 (1445/1500): 0%....50%....100% - 1 pass
==PROF== Profiling "check_land_equality_FILE_Clim..." - 1445 (1446/1500): 0%....50%....100% - 1 pass
==PROF== Profiling "check_land_equality_FILE_Clim..." - 1446 (1447/1500): 0%....50%....100% - 1 pass
==PROF== Profiling "copy_FILE_ClimaCore_jl_mod_sr..." - 1447 (1448/1500): 0%....50%....100% - 1 pass
==PROF== Profiling "check_land_equality_FILE_Clim..." - 1448 (1449/1500): 0%....50%....100% - 1 pass
==PROF== Profiling "set_soilco2_SOC_from_soilgrid..." - 1449 (1450/1500): 0%....50%....100% - 1 pass
==PROF== Profiling "ClimaAtmosSimulation_FILE_Cli..." - 1450 (1451/1500): 0%....50%....100% - 1 pass
==PROF== Profiling "ClimaAtmosSimulation_FILE_Cli..." - 1451 (1452/1500): 0%....50%....100% - 1 pass
==PROF== Profiling "ClimaAtmosSimulation_FILE_Cli..." - 1452 (1453/1500): 0%....50%....100% - 1 pass
==PROF== Profiling "ClimaAtmosSimulation_FILE_Cli..." - 1453 (1454/1500): 0%....50%....100% - 1 pass
==PROF== Profiling "ClimaAtmosSimulation_FILE_Cli..." - 1454 (1455/1500): 0%....50%....100% - 1 pass
==PROF== Profiling "_FILE_ClimaDiagnostics_Q9hyU_..." - 1455 (1456/1500): 0%....50%....100% - 1 pass
==PROF== Profiling "copy_FILE_ClimaCore_jl_mod_sr..." - 1456 (1457/1500): 0%....50%....100% - 1 pass
==PROF== Profiling "set_canopy_component_initial_..." - 1457 (1458/1500): 0%....50%....100% - 1 pass
==PROF== Profiling "ClimaAtmosSimulation_FILE_Cli..." - 1458 (1459/1500): 0%....50%....100% - 1 pass
==PROF== Profiling "_FILE_ClimaDiagnostics_Q9hyU_..." - 1459 (1460/1500): 0%....50%....100% - 1 pass
==PROF== Profiling "ClimaAtmosSimulation_FILE_Cli..." - 1460 (1461/1500): 0%....50%....100% - 1 pass
==PROF== Profiling "copy_FILE_ClimaCore_jl_mod_sr..." - 1461 (1462/1500): 0%....50%....100% - 1 pass
==PROF== Profiling "ClimaAtmosSimulation_FILE_Cli..." - 1462 (1463/1500): 0%....50%....100% - 1 pass
==PROF== Profiling "set_insolation_variables__FIL..." - 1463 (1464/1500): 0%....50%....100% - 1 pass
==PROF== Profiling "_FILE_ClimaDiagnostics_Q9hyU_..." - 1464 (1465/1500): 0%....50%....100% - 1 pass
==PROF== Profiling "ClimaAtmosSimulation_FILE_Cli..." - 1465 (1466/1500): 0%....50%....100% - 1 pass
==PROF== Profiling "set_insolation_variables__FIL..." - 1466 (1467/1500): 0%....50%....100% - 1 pass
==PROF== Profiling "_FILE_ClimaDiagnostics_Q9hyU_..." - 1467 (1468/1500): 0%....50%....100% - 1 pass
==PROF== Profiling "ClimaAtmosSimulation_FILE_Cli..." - 1468 (1469/1500): 0%....50%....100% - 1 pass
==PROF== Profiling "compute_canopy_transpiration_..." - 1469 (1470/1500): 0%....50%....100% - 1 pass
==PROF== Profiling "_FILE_ClimaDiagnostics_Q9hyU_..." - 1470 (1471/1500): 0%....50%....100% - 1 pass
==PROF== Profiling "ClimaAtmosSimulation_FILE_Cli..." - 1471 (1472/1500): 0%....50%....100% - 1 pass
==PROF== Profiling "compute_total_respiration__FI..." - 1472 (1473/1500): 0%....50%....100% - 1 pass
==PROF== Profiling "_FILE_ClimaDiagnostics_Q9hyU_..." - 1473 (1474/1500): 0%....50%....100% - 1 pass
==PROF== Profiling "ClimaAtmosSimulation_FILE_Cli..." - 1474 (1475/1500): 0%....50%....100% - 1 pass
==PROF== Profiling "_FILE_ClimaDiagnostics_Q9hyU_..." - 1475 (1476/1500): 0%....50%....100% - 1 pass
==PROF== Profiling "_FILE_ClimaDiagnostics_Q9hyU_..." - 1476 (1477/1500): 0%....50%....100% - 1 pass
==PROF== Profiling "ClimaAtmosSimulation_FILE_Cli..." - 1477 (1478/1500): 0%....50%....100% - 1 pass
==PROF== Profiling "_FILE_ClimaDiagnostics_Q9hyU_..." - 1478 (1479/1500): 0%....50%....100% - 1 pass
==PROF== Profiling "_FILE_ClimaDiagnostics_Q9hyU_..." - 1479 (1480/1500): 0%....50%....100% - 1 pass
==PROF== Profiling "ClimaAtmosSimulation_FILE_Cli..." - 1480 (1481/1500): 0%....50%....100% - 1 pass
==PROF== Profiling "_FILE_ClimaDiagnostics_Q9hyU_..." - 1481 (1482/1500): 0%....50%....100% - 1 pass
==PROF== Profiling "_FILE_ClimaDiagnostics_Q9hyU_..." - 1482 (1483/1500): 0%....50%....100% - 1 pass
==PROF== Profiling "ClimaAtmosSimulation_FILE_Cli..." - 1483 (1484/1500): 0%....50%....100% - 1 pass
==PROF== Profiling "_FILE_ClimaDiagnostics_Q9hyU_..." - 1484 (1485/1500): 0%....50%....100% - 1 pass
==PROF== Profiling "_FILE_ClimaDiagnostics_Q9hyU_..." - 1485 (1486/1500): 0%....50%....100% - 1 pass
==PROF== Profiling "ClimaAtmosSimulation_FILE_Cli..." - 1486 (1487/1500): 0%....50%....100% - 1 pass
==PROF== Profiling "_FILE_ClimaDiagnostics_Q9hyU_..." - 1487 (1488/1500): 0%....50%....100% - 1 pass
==PROF== Profiling "_FILE_ClimaDiagnostics_Q9hyU_..." - 1488 (1489/1500): 0%....50%....100% - 1 pass
==PROF== Profiling "ClimaAtmosSimulation_FILE_Cli..." - 1489 (1490/1500): 0%....50%....100% - 1 pass
==PROF== Profiling "_FILE_ClimaDiagnostics_Q9hyU_..." - 1490 (1491/1500): 0%....50%....100% - 1 pass
==PROF== Profiling "_FILE_ClimaDiagnostics_Q9hyU_..." - 1491 (1492/1500): 0%....50%....100% - 1 pass
==PROF== Profiling "check_land_equality_FILE_Clim..." - 1492 (1493/1500): 0%....50%....100% - 1 pass
==PROF== Profiling "check_land_equality_FILE_Clim..." - 1493 (1494/1500): 0%....50%....100% - 1 pass
==PROF== Profiling "check_land_equality_FILE_Clim..." - 1494 (1495/1500): 0%....50%....100% - 1 pass
==PROF== Profiling "check_land_equality_FILE_Clim..." - 1495 (1496/1500): 0%....50%....100% - 1 pass
==PROF== Profiling "check_land_equality_FILE_Clim..." - 1496 (1497/1500): 0%....50%....100% - 1 pass
==PROF== Profiling "check_land_equality_FILE_Clim..." - 1497 (1498/1500): 0%....50%....100% - 1 pass
==PROF== Profiling "check_land_equality_FILE_Clim..." - 1498 (1499/1500): 0%....50%....100% - 1 pass
==PROF== Profiling "check_land_equality_FILE_Clim..." - 1499 (1500/1500): 0%....50%....100% - 1 pass
┌ Warning: CUDA runtime library `libcublasLt.so.13` was loaded from a system path, `/usr/local/cuda/lib64/libcublasLt.so.13`.
│ This may cause errors.
│ 
│ If you're running under a profiler, this situation is expected. Otherwise,
│ ensure that your library path environment variable (e.g., `PATH` on Windows
│ or `LD_LIBRARY_PATH` on Linux) does not include CUDA library paths.
│ 
│ In any other case, please file an issue.
└ @ CUDA ~/.julia/packages/CUDA/FQwqy/src/initialization.jl:198
┌ Warning: CUDA runtime library `libnvJitLink.so.13` was loaded from a system path, `/usr/local/cuda/lib64/libnvJitLink.so.13`.
│ This may cause errors.
│ 
│ If you're running under a profiler, this situation is expected. Otherwise,
│ ensure that your library path environment variable (e.g., `PATH` on Windows
│ or `LD_LIBRARY_PATH` on Linux) does not include CUDA library paths.
│ 
│ In any other case, please file an issue.
└ @ CUDA ~/.julia/packages/CUDA/FQwqy/src/initialization.jl:198
┌ Warning: CUDA runtime library `libcusparse.so.12` was loaded from a system path, `/usr/local/cuda/lib64/libcusparse.so.12`.
│ This may cause errors.
│ 
│ If you're running under a profiler, this situation is expected. Otherwise,
│ ensure that your library path environment variable (e.g., `PATH` on Windows
│ or `LD_LIBRARY_PATH` on Linux) does not include CUDA library paths.
│ 
│ In any other case, please file an issue.
└ @ CUDA ~/.julia/packages/CUDA/FQwqy/src/initialization.jl:198
┌ Warning: CUDA runtime library `libnvperf_target.so` was loaded from a system path, `/opt/nvidia/nsight-compute/2025.3.1/target/linux-desktop-glibc_2_11_3-x64/./libnvperf_target.so`.
│ This may cause errors.
│ 
│ If you're running under a profiler, this situation is expected. Otherwise,
│ ensure that your library path environment variable (e.g., `PATH` on Windows
│ or `LD_LIBRARY_PATH` on Linux) does not include CUDA library paths.
│ 
│ In any other case, please file an issue.
└ @ CUDA ~/.julia/packages/CUDA/FQwqy/src/initialization.jl:198
[ Info: Active project: /home/pbachant/calkit/clima-gpu-profiling/ClimaCoupler.jl-mod/experiments/AMIP
[ Info: Using Atmos configuration from ClimaCoupler in config/atmos_configs/climaatmos_progedmf_1m.yml
[ Info: Dict{Any, Any}("sleve_eta" => 0.7, "use_coupler_diagnostics" => true, "era5_diurnal_warming" => nothing, "ocean_progress_interval" => "never", "dt" => "30secs", "prognostic_tke" => true, "use_newton_rtol" => false, "era5_ic_full_pressure" => false, "microphysics_model" => "1M", "output_dir_style" => "ActiveLink", "external_forcing" => nothing, "netcdf_output_at_levels" => true, "device" => "auto", "t_end" => "86400secs", "c_amd" => 0.29, "scm_surface_type" => "ocean", "y_elem" => 6, "z_stretch" => true, "dt_subcol" => "Inf", "extra_atmos_diagnostics" => Dict{Any, Any}[], "edmfx_nh_pressure" => true, "nogw_beres_heating_latent" => false, "era5_initial_condition_dir" => nothing, "cloud_liquid_rain_accretion" => "CloudLiquidRainAccretion", "conservation_softfail" => false, "check_steady_state" => false, "restart_cache" => true, "fixed_terminal_velocity_ice" => true, "update_jacobian_every" => "solve", "test_dycore_consistency" => false, "add_isothermal_boundary_layer" => true, "use_itime" => true, "rad" => "allskywithclear", "binary_area_fraction" => true, "seaice_progress_interval" => "never", "cloud_model" => "quadrature", "initial_condition" => "WeatherModel", "krylov_rtol" => 0.1, "eisenstat_walker_forcing_alpha" => 2.0, "dt_cloud_fraction" => "1hours", "surface_setup" => "PrescribedSurface", "cloud_ice_snow_accretion" => "CloudIceSnowAccretion", "update_constrain_state_every" => "step", "jvp_step_adjustment" => 1.0, "microphysics_n_substeps" => 3, "insolation" => "timevarying", "ocean_diagnostic_mode" => "average", "snow_melt" => "SnowMelt", "log_progress" => true, "site_latitude" => 17.0, "h_elem" => 16, "coupler_toml" => ["/home/pbachant/calkit/clima-gpu-profiling/ClimaCoupler.jl-mod/toml/amip_progedmf_1m.toml"], "netcdf_interpolation_num_points" => nothing, "coupler_output_dir" => "output", "z_max" => 60000.0, "diagnostics" => Any[], "edmfx_filter" => true, "debug_jacobian" => false, "job_id" => "amip_progedmf_1m_land_he16", "sst_adjustment" => 0.0, "log_to_file" => false, "orographic_gravity_wave" => "raw_topo_online", "dt_rad" => "600secs", "simple_ocean" => false, "edmfx_upwinding" => "first_order", "tracer_upwinding" => "vanleer_limiter", "nh_poly" => 3, "edmfx_sgs_diffusive_flux" => true, "y_max" => 300000.0, "non_orographic_gravity_wave" => true, "chemistry_model" => nothing, "print_config_dict" => true, "save_cache" => true, "microphysics_n_substeps_quadrature" => 2, "topography_damping_factor" => 5.0, "cloud_ice_rain_accretion" => "CloudIceRainAccretion", "config" => "sphere", "hyperdiffusion_prandtl_number" => 0.2, "reproducibility_test" => false, "component_dt_dict" => Dict("dt_atmos" => 30.0, "dt_land" => 30.0, "dt_seaice" => 30.0, "dt_ocean" => 30.0), "cloud_liquid_snow_accretion" => "CloudLiquidSnowAccretion", "check_conservation" => false, "rmse_check" => false, "land_spun_up_ic" => false, "cosp_n_subcolumns" => 100, "vertical_water_borrowing_species" => nothing, "auto_jacobian_padding_bands" => nothing, "sgs_distribution" => "gaussian", "implicit_diffusion" => true, "walltime_dt" => nothing, "z_elem" => 63, "snow_autoconversion" => "NoSupersaturation", "ocean_model" => "prescribed", "use_auto_jacobian" => false, "cosp_overlap" => "maximum_random", "disable_surface_flux_tendency" => false, "cfsite_number" => "site23", "dt_ogw" => "1800secs", "turbconv" => "prognostic_edmfx", "x_elem" => 6, "idealized_clouds" => false, "edmfx_mse_q_tot_upwinding" => "first_order", "land_progress_interval" => "never", "check_nan_every" => 1024, "ice_model" => "prescribed", "use_dynamic_krylov_rtol" => false, "fixed_terminal_velocity_rain" => false, "lai_source" => "modis_monthly", "reproducible_restart" => false, "strict_config" => false, "toml" => ["toml/prognostic_edmfx_1M.toml"], "mesh_warp_type" => "SLEVE", "edmfx_detr_model" => "Generalized", "cloud_ice_formation" => "TemperatureDependentIceNumber", "external_forcing_file" => nothing, "cloud_nn_architecture" => "arch_2layers_8nodes.jld2", "topo_smoothing" => true, "hyperdiff" => "Hyperdiffusion", "output_dir" => nothing, "use_intersection_grid" => true, "debug_tendency_diagnostics" => false, "rain_condensation_evaporation" => "RainEvaporation", "nogw_beres_detailed_diagnostics" => false, "constant_horizontal_diffusion" => false, "apply_sem_quasimonotone_limiter" => false, "bubble" => false, "cloud_ice_melt" => "CloudIceMelt", "ode_algo" => "ARS222", "max_newton_iters_ode" => 1, "start_date" => "20100101", "time_varying_trace_gases" => ["CO2", "O3"], "ocean_diagnostic_interval" => "1days", "use_dense_jacobian" => false, "snow_deposition_sublimation" => "DepositionAndSublimation", "detect_restart_file" => false, "prognostic_surface" => "PrescribedSST", "edmfx_vertical_diffusion" => true, "restart_file" => nothing, "unique_seed" => false, "rayleigh_sponge" => true, "nogw_beres_source" => false, "divergence_damping_factor" => 5.0, "edmfx_entr_model" => "Generalized", "edmfx_tracer_upwinding" => "first_order", "energy_check" => false, "land_model" => "integrated", "use_land_diagnostics" => true, "idealized_h2o" => false, "perturb_initstate" => true, "rain_autoconversion" => "Kessler1M", "edmfx_scale_blending" => "SmoothMinimum", "seaice_diagnostic_mode" => "average", "t_start" => "0secs", "land_fraction_source" => "etopo", "dz_bottom" => 30.0, "walltime_debug" => false, "dt_save_state_to_disk" => "30days", "fixed_terminal_velocity_snow" => true, "restart_t" => nothing, "advection_test" => false, "tq_correlation_model" => "constant", "dt_cpl" => "30secs", "checkpoint_dt" => "366days", "topography" => "Earth", "aerosol_radiation" => true, "reference_job_id" => nothing, "vorticity_hyperdiffusion_coefficient" => 0.1857, "viscous_sponge" => true, "strict_params" => true, "config_file" => "ClimaCoupler.jl-mod/config/benchmark_configs/amip_progedmf_1m_land_he16.yml", "cloud_liquid_freezing" => "HomogeneousAndHeterogeneous", "ocean_grid" => "one_deg_tripolar", "bucket_initial_condition" => "", "domain_type" => "global", "approximate_linear_solve_iters" => 2, "land_diagnostics_reduction" => "average", "smagorinsky_lilly" => nothing, "rain_snow_accretion" => "RainSnowAccretion", "enable_diagnostics" => true, "tracer_nonnegativity_method" => nothing, "site_longitude" => -149.0, "evolving_ocean" => true, "cloud_liquid_formation" => "CloudLiquidFormation", "prescribe_clouds_in_radiation" => false, "albedo_model" => "CouplerAlbedo", "edmfx_sgs_horizontal_diffusive_flux" => false, "update_cache_every" => "step", "quadrature_order" => 3, "coupler_diagnostics_period" => nothing, "FLOAT_TYPE" => "Float32", "deep_atmosphere" => true, "updraft_number" => 1, "amd_les" => false, "restart_dir" => nothing, "detect_restart_files" => false, "column_latlon" => [0.0, 0.0], "energy_q_tot_upwinding" => "vanleer_limiter", "prescribed_aerosols" => ["CB1", "CB2", "DST01", "DST02", "DST03", "DST04", "DST05", "OC1", "OC2", "SO4", "SSLT01", "SSLT02", "SSLT03", "SSLT04", "SSLT05"], "dt_nogw" => "1800secs", "output_default_diagnostics" => true, "edmfx_sgs_mass_flux" => true, "x_max" => 300000.0, "radiation_reset_rng_seed" => true, "land_diagnostics_period" => "1months", "newton_rtol" => 1.0e-5, "atmos_config_file" => "config/atmos_configs/climaatmos_progedmf_1m.yml", "edmfx_sgsflux_upwinding" => "none", "mode_name" => "amip", "fixed_terminal_velocity_liquid" => true, "use_sgs_quadrature" => true, "bucket_albedo_type" => "map_static", "atmos_progress_interval" => "never", "vert_diff" => nothing, "use_krylov_method" => false, "sleve_s" => 10.0, "implicit_microphysics" => true, "seaice_diagnostic_interval" => "1days", "prescribed_flow" => nothing, "edmfx_horizontal_diffusion" => false, "coupler_diagnostics_reduction" => "average")
[ Info: Setting up single-process ClimaCoupler run on device: CUDADevice.
[ Info: Dict{Any, Any}("sleve_eta" => 0.7, "use_coupler_diagnostics" => true, "era5_diurnal_warming" => nothing, "ocean_progress_interval" => "never", "dt" => "30secs", "prognostic_tke" => true, "use_newton_rtol" => false, "era5_ic_full_pressure" => false, "microphysics_model" => "1M", "output_dir_style" => "ActiveLink", "external_forcing" => nothing, "netcdf_output_at_levels" => true, "device" => "auto", "t_end" => "86400secs", "c_amd" => 0.29, "scm_surface_type" => "ocean", "y_elem" => 6, "z_stretch" => true, "dt_subcol" => "Inf", "extra_atmos_diagnostics" => Dict{Any, Any}[], "edmfx_nh_pressure" => true, "nogw_beres_heating_latent" => false, "era5_initial_condition_dir" => nothing, "cloud_liquid_rain_accretion" => "CloudLiquidRainAccretion", "conservation_softfail" => false, "check_steady_state" => false, "restart_cache" => true, "fixed_terminal_velocity_ice" => true, "update_jacobian_every" => "solve", "test_dycore_consistency" => false, "add_isothermal_boundary_layer" => true, "use_itime" => true, "rad" => "allskywithclear", "binary_area_fraction" => true, "seaice_progress_interval" => "never", "cloud_model" => "quadrature", "initial_condition" => "WeatherModel", "krylov_rtol" => 0.1, "eisenstat_walker_forcing_alpha" => 2.0, "dt_cloud_fraction" => "1hours", "surface_setup" => "PrescribedSurface", "cloud_ice_snow_accretion" => "CloudIceSnowAccretion", "update_constrain_state_every" => "step", "jvp_step_adjustment" => 1.0, "microphysics_n_substeps" => 3, "insolation" => "timevarying", "ocean_diagnostic_mode" => "average", "snow_melt" => "SnowMelt", "log_progress" => true, "site_latitude" => 17.0, "h_elem" => 16, "coupler_toml" => ["/home/pbachant/calkit/clima-gpu-profiling/ClimaCoupler.jl-mod/toml/amip_progedmf_1m.toml"], "netcdf_interpolation_num_points" => nothing, "coupler_output_dir" => "output", "z_max" => 60000.0, "diagnostics" => Any[], "edmfx_filter" => true, "debug_jacobian" => false, "job_id" => "amip_progedmf_1m_land_he16", "sst_adjustment" => 0.0, "log_to_file" => false, "orographic_gravity_wave" => "raw_topo_online", "dt_rad" => "600secs", "simple_ocean" => false, "edmfx_upwinding" => "first_order", "tracer_upwinding" => "vanleer_limiter", "nh_poly" => 3, "edmfx_sgs_diffusive_flux" => true, "y_max" => 300000.0, "non_orographic_gravity_wave" => true, "chemistry_model" => nothing, "print_config_dict" => true, "save_cache" => true, "microphysics_n_substeps_quadrature" => 2, "topography_damping_factor" => 5.0, "cloud_ice_rain_accretion" => "CloudIceRainAccretion", "config" => "sphere", "hyperdiffusion_prandtl_number" => 0.2, "reproducibility_test" => false, "component_dt_dict" => Dict("dt_atmos" => 30.0, "dt_land" => 30.0, "dt_seaice" => 30.0, "dt_ocean" => 30.0), "cloud_liquid_snow_accretion" => "CloudLiquidSnowAccretion", "check_conservation" => false, "rmse_check" => false, "land_spun_up_ic" => false, "cosp_n_subcolumns" => 100, "vertical_water_borrowing_species" => nothing, "auto_jacobian_padding_bands" => nothing, "sgs_distribution" => "gaussian", "implicit_diffusion" => true, "walltime_dt" => nothing, "z_elem" => 63, "snow_autoconversion" => "NoSupersaturation", "ocean_model" => "prescribed", "use_auto_jacobian" => false, "cosp_overlap" => "maximum_random", "disable_surface_flux_tendency" => false, "cfsite_number" => "site23", "dt_ogw" => "1800secs", "turbconv" => "prognostic_edmfx", "x_elem" => 6, "idealized_clouds" => false, "edmfx_mse_q_tot_upwinding" => "first_order", "land_progress_interval" => "never", "check_nan_every" => 1024, "ice_model" => "prescribed", "use_dynamic_krylov_rtol" => false, "fixed_terminal_velocity_rain" => false, "lai_source" => "modis_monthly", "reproducible_restart" => false, "strict_config" => false, "toml" => ["toml/prognostic_edmfx_1M.toml"], "mesh_warp_type" => "SLEVE", "edmfx_detr_model" => "Generalized", "cloud_ice_formation" => "TemperatureDependentIceNumber", "external_forcing_file" => nothing, "cloud_nn_architecture" => "arch_2layers_8nodes.jld2", "topo_smoothing" => true, "hyperdiff" => "Hyperdiffusion", "output_dir" => nothing, "use_intersection_grid" => true, "debug_tendency_diagnostics" => false, "rain_condensation_evaporation" => "RainEvaporation", "nogw_beres_detailed_diagnostics" => false, "constant_horizontal_diffusion" => false, "apply_sem_quasimonotone_limiter" => false, "bubble" => false, "cloud_ice_melt" => "CloudIceMelt", "ode_algo" => "ARS222", "max_newton_iters_ode" => 1, "start_date" => "20100101", "time_varying_trace_gases" => ["CO2", "O3"], "ocean_diagnostic_interval" => "1days", "use_dense_jacobian" => false, "snow_deposition_sublimation" => "DepositionAndSublimation", "detect_restart_file" => false, "prognostic_surface" => "PrescribedSST", "edmfx_vertical_diffusion" => true, "restart_file" => nothing, "unique_seed" => false, "rayleigh_sponge" => true, "nogw_beres_source" => false, "divergence_damping_factor" => 5.0, "edmfx_entr_model" => "Generalized", "edmfx_tracer_upwinding" => "first_order", "energy_check" => false, "land_model" => "integrated", "use_land_diagnostics" => true, "idealized_h2o" => false, "perturb_initstate" => true, "rain_autoconversion" => "Kessler1M", "edmfx_scale_blending" => "SmoothMinimum", "seaice_diagnostic_mode" => "average", "t_start" => "0secs", "land_fraction_source" => "etopo", "dz_bottom" => 30.0, "walltime_debug" => false, "dt_save_state_to_disk" => "30days", "fixed_terminal_velocity_snow" => true, "restart_t" => nothing, "advection_test" => false, "tq_correlation_model" => "constant", "dt_cpl" => "30secs", "checkpoint_dt" => "366days", "topography" => "Earth", "aerosol_radiation" => true, "reference_job_id" => nothing, "vorticity_hyperdiffusion_coefficient" => 0.1857, "viscous_sponge" => true, "strict_params" => true, "config_file" => "ClimaCoupler.jl-mod/config/benchmark_configs/amip_progedmf_1m_land_he16.yml", "cloud_liquid_freezing" => "HomogeneousAndHeterogeneous", "ocean_grid" => "one_deg_tripolar", "bucket_initial_condition" => "", "domain_type" => "global", "approximate_linear_solve_iters" => 2, "land_diagnostics_reduction" => "average", "smagorinsky_lilly" => nothing, "rain_snow_accretion" => "RainSnowAccretion", "enable_diagnostics" => true, "tracer_nonnegativity_method" => nothing, "site_longitude" => -149.0, "evolving_ocean" => true, "cloud_liquid_formation" => "CloudLiquidFormation", "prescribe_clouds_in_radiation" => false, "albedo_model" => "CouplerAlbedo", "edmfx_sgs_horizontal_diffusive_flux" => false, "update_cache_every" => "step", "quadrature_order" => 3, "coupler_diagnostics_period" => nothing, "FLOAT_TYPE" => "Float32", "deep_atmosphere" => true, "updraft_number" => 1, "amd_les" => false, "restart_dir" => nothing, "detect_restart_files" => false, "column_latlon" => [0.0, 0.0], "energy_q_tot_upwinding" => "vanleer_limiter", "prescribed_aerosols" => ["CB1", "CB2", "DST01", "DST02", "DST03", "DST04", "DST05", "OC1", "OC2", "SO4", "SSLT01", "SSLT02", "SSLT03", "SSLT04", "SSLT05"], "dt_nogw" => "1800secs", "output_default_diagnostics" => true, "edmfx_sgs_mass_flux" => true, "x_max" => 300000.0, "radiation_reset_rng_seed" => true, "land_diagnostics_period" => "1months", "newton_rtol" => 1.0e-5, "atmos_config_file" => "config/atmos_configs/climaatmos_progedmf_1m.yml", "edmfx_sgsflux_upwinding" => "none", "mode_name" => "amip", "fixed_terminal_velocity_liquid" => true, "use_sgs_quadrature" => true, "bucket_albedo_type" => "map_static", "atmos_progress_interval" => "never", "vert_diff" => nothing, "use_krylov_method" => false, "sleve_s" => 10.0, "implicit_microphysics" => true, "seaice_diagnostic_interval" => "1days", "prescribed_flow" => nothing, "edmfx_horizontal_diffusion" => false, "coupler_diagnostics_reduction" => "average")
[ Info: Output directories output/amip_progedmf_1m_land_he16/output_0075
[ Info: Coupler artifacts directory output/amip_progedmf_1m_land_he16/artifacts
[ Info: Coupler checkpoint directory output/amip_progedmf_1m_land_he16/checkpoints
[ Info: Random seed set to 1234
[ Info: Starting from t_start 0.0 seconds (2010-01-01T00:00:00) [counter = 0, period = 1 second, epoch = 2010-01-01T00:00:00]
[ Info: Overwriting Atmos parameters from input TOML file(s): ["/home/pbachant/calkit/clima-gpu-profiling/ClimaCoupler.jl-mod/toml/amip_progedmf_1m.toml"]
┌ Warning: The configuration passed to ClimaAtmos contains unused keys: use_coupler_diagnostics, ocean_progress_interval, use_intersection_grid, scm_surface_type, extra_atmos_diagnostics, ocean_diagnostic_interval, conservation_softfail, restart_cache, use_itime, unique_seed, binary_area_fraction, seaice_progress_interval, energy_check, use_land_diagnostics, land_model, dt_cloud_fraction, seaice_diagnostic_mode, ocean_diagnostic_mode, land_fraction_source, walltime_debug, coupler_toml, restart_t, coupler_output_dir, dt_cpl, checkpoint_dt, config_file, ocean_grid, sst_adjustment, bucket_initial_condition, domain_type, simple_ocean, edmfx_upwinding, land_diagnostics_reduction, evolving_ocean, save_cache, print_config_dict, coupler_diagnostics_period, component_dt_dict, restart_dir, detect_restart_files, rmse_check, column_latlon, land_spun_up_ic, land_diagnostics_period, walltime_dt, atmos_config_file, ocean_model, mode_name, bucket_albedo_type, atmos_progress_interval, land_progress_interval, ice_model, lai_source, seaice_diagnostic_interval, coupler_diagnostics_reduction
└ @ ClimaAtmos ~/calkit/clima-gpu-profiling/ClimaAtmos.jl-mod/src/config/yaml_helper.jl:161
┌ Info: numerics 
│               `energy_q_tot_upwinding`::`Val{:vanleer_limiter}`
│                     `tracer_upwinding`::`Val{:vanleer_limiter}`
│            `edmfx_mse_q_tot_upwinding`::`Val{:first_order}`
│              `edmfx_sgsflux_upwinding`::`Val{:none}`
│               `edmfx_tracer_upwinding`::`Val{:first_order}`
│              `test_dycore_consistency`::`false`
│                 `reproducible_restart`::`false`
│                              `limiter`::`Nothing`
│                            `diff_mode`::`ClimaAtmos.Implicit`
│                            `hyperdiff`::`ClimaAtmos.Hyperdiffusion{Float32}`
└     `vertical_water_borrowing_species`::`Nothing`
┌ Info: AtmosModel: 
│ 
│                             `water`::`ClimaAtmos.AtmosWater{ClimaAtmos.NonEquilibriumMicrophysics1M{CloudMicrophysics.Parameters.Microphysics1MOptions{CloudMicrophysics.Parameters.CloudLiquidFormation, CloudMicrophysics.Parameters.TemperatureDependentIceNumber, CloudMicrophysics.Parameters.CloudIceMelt, CloudMicrophysics.Parameters.HomogeneousAndHeterogeneous, CloudMicrophysics.Parameters.Kessler1M, CloudMicrophysics.Parameters.NoSupersaturation, CloudMicrophysics.Parameters.RainEvaporation, CloudMicrophysics.Parameters.DepositionAndSublimation, CloudMicrophysics.Parameters.SnowMelt, CloudMicrophysics.Parameters.CloudLiquidRainAccretion, CloudMicrophysics.Parameters.CloudLiquidSnowAccretion, CloudMicrophysics.Parameters.CloudIceRainAccretion, CloudMicrophysics.Parameters.CloudIceSnowAccretion, CloudMicrophysics.Parameters.RainSnowAccretion}}, ClimaAtmos.QuadratureCloud, ClimaAtmos.Implicit, Nothing, ClimaAtmos.SGSQuadrature{3, StaticArraysCore.SVector{3, Float32}, StaticArraysCore.SVector{3, Float32}, ClimaAtmos.GaussianSGS, Float32}, ClimaAtmos.ConstantTqCorrelation, ClimaAtmos.FixedTerminalVelocity, ClimaAtmos.FixedTerminalVelocity, ClimaAtmos.DiagnosticTerminalVelocity, ClimaAtmos.FixedTerminalVelocity}`
│                         `scm_setup`::`ClimaAtmos.SCMSetup{Nothing, Nothing, Nothing, Bool, Nothing}`
│                         `radiation`::`ClimaAtmos.AtmosRadiation{ClimaAtmos.RRTMGPInterface.AllSkyRadiationWithClearSkyDiagnostics{ClimaAtmos.InteractiveCloudInRadiation}, ClimaAtmos.TimeVaryingInsolation{Nothing, Nothing, Nothing}, NTuple{15, String}, Tuple{String, String}}`
│                          `turbconv`::`ClimaAtmos.AtmosTurbconv{ClimaAtmos.EDMFXModel{ClimaAtmos.InvZEntrainment, ClimaAtmos.BuoyancyVelocityDetrainment, Val{false}, Val{false}, ClimaAtmos.SmoothMinimumBlending}, ClimaAtmos.PrognosticEDMFX{1, true, Float32}, Nothing, Nothing, Nothing}`
│                   `prescribed_flow`::`Nothing`
│                      `gravity_wave`::`ClimaAtmos.AtmosGravityWave{ClimaAtmos.NonOrographicGravityWave{Float32, Nothing}, ClimaAtmos.FullOrographicGravityWave{Float32, Val{:raw_topo_online}, Val{:Earth}}}`
│                `vertical_diffusion`::`Nothing`
│                            `sponge`::`ClimaAtmos.AtmosSponge{ClimaAtmos.ViscousSponge{Float32}, ClimaAtmos.RayleighSponge{Float32}}`
│                           `surface`::`ClimaAtmos.AtmosSurface{Nothing, ClimaAtmos.SurfaceConditions.AnalyticTemperature{typeof(ClimaAtmos.Setups.zonally_symmetric_temperature)}, ClimaAtmos.SurfaceConditions.SurfaceBoundaryOverrides{Nothing, Nothing, Nothing, Nothing}, ClimaAtmos.CouplerAlbedo}`
│                          `numerics`::`ClimaAtmos.AtmosNumerics{Val{:vanleer_limiter}, Val{:vanleer_limiter}, Val{:first_order}, Val{:none}, Val{:first_order}, Nothing, ClimaAtmos.Implicit, ClimaAtmos.Hyperdiffusion{Float32}, Nothing}`
│                         `chemistry`::`ClimaAtmos.AtmosChem{Nothing}`
└                              `cosp`::`Nothing`
┌ Info: Microphysics settings: 
│                        `n_substeps`::`3`
│                   `n_substeps_quad`::`2`
│            `cloud_liquid_formation`::`CloudLiquidFormation`
│               `cloud_ice_formation`::`TemperatureDependentIceNumber`
│                    `cloud_ice_melt`::`CloudIceMelt`
│             `cloud_liquid_freezing`::`HomogeneousAndHeterogeneous`
│               `rain_autoconversion`::`Kessler1M`
│               `snow_autoconversion`::`NoSupersaturation`
│     `rain_condensation_evaporation`::`RainEvaporation`
│       `snow_deposition_sublimation`::`DepositionAndSublimation`
│                         `snow_melt`::`SnowMelt`
│       `cloud_liquid_rain_accretion`::`CloudLiquidRainAccretion`
│       `cloud_liquid_snow_accretion`::`CloudLiquidSnowAccretion`
│          `cloud_ice_rain_accretion`::`CloudIceRainAccretion`
│          `cloud_ice_snow_accretion`::`CloudIceSnowAccretion`
└               `rain_snow_accretion`::`RainSnowAccretion`
[ Info: Single-process ClimaAtmos run on CUDADevice
[ Info: Using ODE config: `ClimaTimeSteppers.ARS222`
┌ Warning: Removing output/amip_progedmf_1m_land_he16/output_0075/clima_atmos
└ @ ClimaUtilities.OutputPathGenerator ~/.julia/packages/ClimaUtilities/2GLZR/src/OutputPathGenerator.jl:157
┌ Info: Calling weather_model_data_path
└   (start_date = setup.start_date, era5_dir = era5_dir) = (start_date = Dates.DateTime("2010-01-01T00:00:00"), era5_dir = nothing)
[ Info: Overwriting initial conditions with data from file /net/sampo/data1/ClimaArtifacts/artifacts/wxquest_initial_conditions/era5_init_processed_internal_20100101_0000.nc
[ Info: Adjusted surface pressure to account for ERA5/model surface-height differences.
[ Info: Initialized state (93.925 s, 9.41 GiB)
┌ Info: Computing orographic gravity wave drag input at initialization (raw_topo_online)
└   α_smoothing = 1.0f0
┌ Info: Grid-aware OGWD preprocessing
│   Δh_GCM = 192086.0f0
│   smoothing_length_scale = 192086.0f0
│   skip_pt = 26
└   α_smoothing = 1.0f0
[ Info: skip_pt = 26
[ Info: smoothing_length_scale for calc_hpoz_latlon = 192086.0
[ Info: Computing hmax...
[ Info: chi smoothing: length_scale=192086.0, n_cells=nothing
[ Info: Computing velocity potential (Haversine arc, tiny=1e-12)...
[ Info: Computing T tensor...
[ Info: Built cache (557.084 s, 34.33 GiB)
[ Info: Assembled callbacks (472.461 ms, 32.1 MiB)
┌ Info: Jacobian algorithm: ManualSparseJacobian(
│   approximate_solve_iters = 2,
└ )
[ Info: Jacobian derivative flags: topography_flag = UseDerivative, diffusion_flag = UseDerivative
[ Info: Built tendency function (4.934 s, 217.66 MiB)
[ Info: Initialized integrator (432.794 s, 18.2 GiB)
[ Info: Added 75 default ClimaAtmos diagnostics
[ Info: Saving accumulated diagnostics to disk with frequency: 1 hour
[ Info: Set up diagnostics (55.124 s, 1.73 GiB)
[ Info: Initialized 75 total diagnostics
┌ Info: Simulation info
│   job_id = "amip_progedmf_1m_land_he16"
└   output_dir = "output/amip_progedmf_1m_land_he16/output_0075/clima_atmos"
[ Info: ClimaAtmos: get_simulation (32 min 50.7 s, 106.790 GiB, compile 24 min 39.0 s)
[ Info: ClimaAtmos: zeroed fluxes and applied DSS to the state (12.98 s, 517.260 MiB, compile 6.89 s)
[ Info: Initialized atmosphere simulation (33 min 23.5 s, 108.271 GiB, compile 24 min 59.7 s)
[ Info: Created boundary space and surface fields (8.97 s, 495.875 MiB, compile 5.95 s)
[ Info: Computed land fraction (18.73 s, 3.251 GiB, compile 8.3 s)
[ Info: ClimaCoupler.Interfacer.AMIPMode
[ Info: ClimaLand: created domain (21.44 s, 1009.771 MiB, compile 9.86 s)
[ Info: ClimaLand: read MODIS LAI (1.08 s, 68.021 MiB, compile 1.06 s)
[ Info: ClimaLand: constructed LandModel (1 min 23.8 s, 4.882 GiB, compile 37.64 s)
[ Info: ClimaLand: set up diagnostics (3 min 1.8 s, 798.948 MiB, compile 3 min 1.6 s)
[ Info: ClimaLand: initialized LandSimulation (3 min 0.2 s, 4.612 GiB, compile 2 min 21.5 s)
[ Info: Initialized land simulation (8 min 3.3 s, 12.226 GiB, compile 6 min 23.0 s)
┌ Info: PrescribedOcean: using SST file
└   sst_data = "/net/sampo/data1/ClimaArtifacts/artifacts/historical_sst_sic/MODEL.SST.HAD187001-198110.OI198111-202206.nc"
[ Info: Initialized ocean simulation (8.69 s, 313.680 MiB, compile 5.76 s)
┌ Info: PrescribedIce: using SIC file
└   sic_data = "/net/sampo/data1/ClimaArtifacts/artifacts/historical_sst_sic/MODEL.ICE.HAD187001-198110.OI198111-202206.nc"
┌ Info: PrescribedIce: ISTL1 not in file, using constant initialization
└   file = "/net/sampo/data1/ClimaArtifacts/artifacts/historical_sst_sic/MODEL.ICE.HAD187001-198110.OI198111-202206.nc"
[ Info: Initialized sea ice simulation (15.27 s, 640.506 MiB, compile 9.45 s)
[ Info: Component models initialized: (:atmos_sim, :ice_sim, :land_sim, :ocean_sim)
[ Info: Component model types: ("ClimaAtmosSimulation", "PrescribedIceSimulation", "ClimaLandSimulation", "PrescribedOceanSimulation")
[ Info: Initialized coupler fields (79.2 ms, 6.045 MiB, compile 77.6 ms)
[ Info: Using default coupler diagnostics
[ Info: Set up coupler diagnostics (10.7 s, 350.111 MiB, compile 5.78 s)
┌ Warning: `update_field!` is not extended for the `liquid_precipitation` field of PrescribedIceSimulation: skipping update.
└ @ ClimaCoupler.Interfacer ~/calkit/clima-gpu-profiling/ClimaCoupler.jl-mod/src/Interfacer.jl:376
[ Info: Performed initial exchange and flux computation (7 min 57.4 s, 22.045 GiB, compile 4 min 10.8 s)
[ Info: Memory in use: 12.805 GiB
[ Info: Set up CoupledSimulation (50 min 57.0 s, 148.088 GiB, compile 36 min 31.4 s)
┌ Info: Warmup step 1 / 3
│   wall_ms = 1.14487572e6
│   gc_ms = 63847.54
│   gc_pauses = 67
│   full_sweeps = 3
└   alloc_MB = 59883.3
┌ Info: Warmup step 2 / 3
│   wall_ms = 3424.37
│   gc_ms = 0.0
│   gc_pauses = 0
│   full_sweeps = 0
└   alloc_MB = 45.7
┌ Info: Warmup step 3 / 3
│   wall_ms = 971.67
│   gc_ms = 0.0
│   gc_pauses = 0
│   full_sweeps = 0
└   alloc_MB = 13.7
[ Info: Using external CUDA profiler
┌ Info: Step 1 / 120
│   wall_ms = 989.0
│   gc_ms = 0.0
│   gc_pauses = 0
│   full_sweeps = 0
└   alloc_MB = 15.9
┌ Info: Step 2 / 120
│   wall_ms = 930.63
│   gc_ms = 0.0
│   gc_pauses = 0
│   full_sweeps = 0
└   alloc_MB = 13.6
┌ Info: Step 3 / 120
│   wall_ms = 958.44
│   gc_ms = 0.0
│   gc_pauses = 0
│   full_sweeps = 0
└   alloc_MB = 13.6
┌ Info: Step 4 / 120
│   wall_ms = 935.11
│   gc_ms = 0.0
│   gc_pauses = 0
│   full_sweeps = 0
└   alloc_MB = 13.6
┌ Info: Step 5 / 120
│   wall_ms = 932.97
│   gc_ms = 0.0
│   gc_pauses = 0
│   full_sweeps = 0
└   alloc_MB = 13.6
┌ Info: Step 6 / 120
│   wall_ms = 931.1
│   gc_ms = 0.0
│   gc_pauses = 0
│   full_sweeps = 0
└   alloc_MB = 13.6
┌ Info: Step 7 / 120
│   wall_ms = 940.15
│   gc_ms = 0.0
│   gc_pauses = 0
│   full_sweeps = 0
└   alloc_MB = 13.6
┌ Info: Step 8 / 120
│   wall_ms = 938.69
│   gc_ms = 0.0
│   gc_pauses = 0
│   full_sweeps = 0
└   alloc_MB = 13.6
┌ Info: Step 9 / 120
│   wall_ms = 929.28
│   gc_ms = 0.0
│   gc_pauses = 0
│   full_sweeps = 0
└   alloc_MB = 13.6
┌ Info: Step 10 / 120
│   wall_ms = 969.55
│   gc_ms = 0.0
│   gc_pauses = 0
│   full_sweeps = 0
└   alloc_MB = 13.6
┌ Info: Step 11 / 120
│   wall_ms = 912.93
│   gc_ms = 0.0
│   gc_pauses = 0
│   full_sweeps = 0
└   alloc_MB = 13.6
┌ Info: Step 12 / 120
│   wall_ms = 945.97
│   gc_ms = 0.0
│   gc_pauses = 0
│   full_sweeps = 0
└   alloc_MB = 13.6
┌ Info: Step 13 / 120
│   wall_ms = 922.38
│   gc_ms = 0.0
│   gc_pauses = 0
│   full_sweeps = 0
└   alloc_MB = 13.6
┌ Info: Step 14 / 120
│   wall_ms = 931.88
│   gc_ms = 0.0
│   gc_pauses = 0
│   full_sweeps = 0
└   alloc_MB = 13.6
┌ Info: Step 15 / 120
│   wall_ms = 2004.26
│   gc_ms = 1055.85
│   gc_pauses = 1
│   full_sweeps = 0
└   alloc_MB = 13.6
┌ Info: Step 16 / 120
│   wall_ms = 874.03
│   gc_ms = 0.0
│   gc_pauses = 0
│   full_sweeps = 0
└   alloc_MB = 13.6
┌ Info: Step 17 / 120
│   wall_ms = 2019.23
│   gc_ms = 0.0
│   gc_pauses = 0
│   full_sweeps = 0
└   alloc_MB = 16.9
┌ Info: Step 18 / 120
│   wall_ms = 947.76
│   gc_ms = 0.0
│   gc_pauses = 0
│   full_sweeps = 0
└   alloc_MB = 13.6
┌ Info: Step 19 / 120
│   wall_ms = 924.34
│   gc_ms = 0.0
│   gc_pauses = 0
│   full_sweeps = 0
└   alloc_MB = 13.6
┌ Info: Step 20 / 120
│   wall_ms = 957.8
│   gc_ms = 0.0
│   gc_pauses = 0
│   full_sweeps = 0
└   alloc_MB = 13.6
┌ Info: Step 21 / 120
│   wall_ms = 941.23
│   gc_ms = 0.0
│   gc_pauses = 0
│   full_sweeps = 0
└   alloc_MB = 13.6
┌ Info: Step 22 / 120
│   wall_ms = 918.32
│   gc_ms = 0.0
│   gc_pauses = 0
│   full_sweeps = 0
└   alloc_MB = 13.6
┌ Info: Step 23 / 120
│   wall_ms = 948.77
│   gc_ms = 0.0
│   gc_pauses = 0
│   full_sweeps = 0
└   alloc_MB = 13.6
┌ Info: Step 24 / 120
│   wall_ms = 941.61
│   gc_ms = 0.0
│   gc_pauses = 0
│   full_sweeps = 0
└   alloc_MB = 13.6
┌ Info: Step 25 / 120
│   wall_ms = 959.98
│   gc_ms = 0.0
│   gc_pauses = 0
│   full_sweeps = 0
└   alloc_MB = 13.6
┌ Info: Step 26 / 120
│   wall_ms = 995.79
│   gc_ms = 0.0
│   gc_pauses = 0
│   full_sweeps = 0
└   alloc_MB = 13.6
┌ Info: Step 27 / 120
│   wall_ms = 899.84
│   gc_ms = 0.0
│   gc_pauses = 0
│   full_sweeps = 0
└   alloc_MB = 13.6
┌ Info: Step 28 / 120
│   wall_ms = 910.54
│   gc_ms = 0.0
│   gc_pauses = 0
│   full_sweeps = 0
└   alloc_MB = 13.6
┌ Info: Step 29 / 120
│   wall_ms = 891.95
│   gc_ms = 0.0
│   gc_pauses = 0
│   full_sweeps = 0
└   alloc_MB = 13.6
┌ Info: Step 30 / 120
│   wall_ms = 975.65
│   gc_ms = 0.0
│   gc_pauses = 0
│   full_sweeps = 0
└   alloc_MB = 13.6
┌ Info: Step 31 / 120
│   wall_ms = 932.39
│   gc_ms = 0.0
│   gc_pauses = 0
│   full_sweeps = 0
└   alloc_MB = 13.6
┌ Info: Step 32 / 120
│   wall_ms = 904.24
│   gc_ms = 0.0
│   gc_pauses = 0
│   full_sweeps = 0
└   alloc_MB = 13.6
┌ Info: Step 33 / 120
│   wall_ms = 936.37
│   gc_ms = 0.0
│   gc_pauses = 0
│   full_sweeps = 0
└   alloc_MB = 13.6
┌ Info: Step 34 / 120
│   wall_ms = 938.76
│   gc_ms = 0.0
│   gc_pauses = 0
│   full_sweeps = 0
└   alloc_MB = 13.6
┌ Info: Step 35 / 120
│   wall_ms = 942.87
│   gc_ms = 0.0
│   gc_pauses = 0
│   full_sweeps = 0
└   alloc_MB = 13.6
┌ Info: Step 36 / 120
│   wall_ms = 926.55
│   gc_ms = 0.0
│   gc_pauses = 0
│   full_sweeps = 0
└   alloc_MB = 13.6
┌ Info: Step 37 / 120
│   wall_ms = 2005.32
│   gc_ms = 0.0
│   gc_pauses = 0
│   full_sweeps = 0
└   alloc_MB = 13.9
┌ Info: Step 38 / 120
│   wall_ms = 905.57
│   gc_ms = 0.0
│   gc_pauses = 0
│   full_sweeps = 0
└   alloc_MB = 13.6
┌ Info: Step 39 / 120
│   wall_ms = 936.9
│   gc_ms = 0.0
│   gc_pauses = 0
│   full_sweeps = 0
└   alloc_MB = 13.6
┌ Info: Step 40 / 120
│   wall_ms = 928.86
│   gc_ms = 0.0
│   gc_pauses = 0
│   full_sweeps = 0
└   alloc_MB = 13.6
┌ Info: Step 41 / 120
│   wall_ms = 937.92
│   gc_ms = 0.0
│   gc_pauses = 0
│   full_sweeps = 0
└   alloc_MB = 13.6
┌ Info: Step 42 / 120
│   wall_ms = 914.78
│   gc_ms = 0.0
│   gc_pauses = 0
│   full_sweeps = 0
└   alloc_MB = 13.6
┌ Info: Step 43 / 120
│   wall_ms = 955.24
│   gc_ms = 0.0
│   gc_pauses = 0
│   full_sweeps = 0
└   alloc_MB = 13.6
┌ Info: Step 44 / 120
│   wall_ms = 953.17
│   gc_ms = 0.0
│   gc_pauses = 0
│   full_sweeps = 0
└   alloc_MB = 13.6
┌ Info: Step 45 / 120
│   wall_ms = 930.15
│   gc_ms = 0.0
│   gc_pauses = 0
│   full_sweeps = 0
└   alloc_MB = 13.6
┌ Info: Step 46 / 120
│   wall_ms = 1004.42
│   gc_ms = 0.0
│   gc_pauses = 0
│   full_sweeps = 0
└   alloc_MB = 13.6
┌ Info: Step 47 / 120
│   wall_ms = 935.37
│   gc_ms = 0.0
│   gc_pauses = 0
│   full_sweeps = 0
└   alloc_MB = 13.6
┌ Info: Step 48 / 120
│   wall_ms = 920.73
│   gc_ms = 0.0
│   gc_pauses = 0
│   full_sweeps = 0
└   alloc_MB = 13.6
┌ Info: Step 49 / 120
│   wall_ms = 937.27
│   gc_ms = 0.0
│   gc_pauses = 0
│   full_sweeps = 0
└   alloc_MB = 13.6
┌ Info: Step 50 / 120
│   wall_ms = 971.12
│   gc_ms = 0.0
│   gc_pauses = 0
│   full_sweeps = 0
└   alloc_MB = 13.6
┌ Info: Step 51 / 120
│   wall_ms = 973.66
│   gc_ms = 0.0
│   gc_pauses = 0
│   full_sweeps = 0
└   alloc_MB = 13.6
┌ Info: Step 52 / 120
│   wall_ms = 932.55
│   gc_ms = 0.0
│   gc_pauses = 0
│   full_sweeps = 0
└   alloc_MB = 13.6
┌ Info: Step 53 / 120
│   wall_ms = 931.88
│   gc_ms = 0.0
│   gc_pauses = 0
│   full_sweeps = 0
└   alloc_MB = 13.6
┌ Info: Step 54 / 120
│   wall_ms = 914.09
│   gc_ms = 0.0
│   gc_pauses = 0
│   full_sweeps = 0
└   alloc_MB = 13.6
┌ Info: Step 55 / 120
│   wall_ms = 922.26
│   gc_ms = 0.0
│   gc_pauses = 0
│   full_sweeps = 0
└   alloc_MB = 13.6
┌ Info: Step 56 / 120
│   wall_ms = 888.65
│   gc_ms = 0.0
│   gc_pauses = 0
│   full_sweeps = 0
└   alloc_MB = 13.6
┌ Info: Step 57 / 120
│   wall_ms = 2077.7
│   gc_ms = 0.0
│   gc_pauses = 0
│   full_sweeps = 0
└   alloc_MB = 14.3
┌ Info: Step 58 / 120
│   wall_ms = 947.69
│   gc_ms = 0.0
│   gc_pauses = 0
│   full_sweeps = 0
└   alloc_MB = 13.6
┌ Info: Step 59 / 120
│   wall_ms = 983.68
│   gc_ms = 0.0
│   gc_pauses = 0
│   full_sweeps = 0
└   alloc_MB = 13.6
┌ Info: Step 60 / 120
│   wall_ms = 1596.7
│   gc_ms = 554.27
│   gc_pauses = 1
│   full_sweeps = 0
└   alloc_MB = 13.6
┌ Info: Step 61 / 120
│   wall_ms = 906.79
│   gc_ms = 0.0
│   gc_pauses = 0
│   full_sweeps = 0
└   alloc_MB = 13.6
┌ Info: Step 62 / 120
│   wall_ms = 925.95
│   gc_ms = 0.0
│   gc_pauses = 0
│   full_sweeps = 0
└   alloc_MB = 13.6
┌ Info: Step 63 / 120
│   wall_ms = 899.43
│   gc_ms = 0.0
│   gc_pauses = 0
│   full_sweeps = 0
└   alloc_MB = 13.6
┌ Info: Step 64 / 120
│   wall_ms = 935.77
│   gc_ms = 0.0
│   gc_pauses = 0
│   full_sweeps = 0
└   alloc_MB = 13.6
┌ Info: Step 65 / 120
│   wall_ms = 914.12
│   gc_ms = 0.0
│   gc_pauses = 0
│   full_sweeps = 0
└   alloc_MB = 13.6
┌ Info: Step 66 / 120
│   wall_ms = 988.12
│   gc_ms = 0.0
│   gc_pauses = 0
│   full_sweeps = 0
└   alloc_MB = 13.6
┌ Info: Step 67 / 120
│   wall_ms = 931.43
│   gc_ms = 0.0
│   gc_pauses = 0
│   full_sweeps = 0
└   alloc_MB = 13.6
┌ Info: Step 68 / 120
│   wall_ms = 956.97
│   gc_ms = 0.0
│   gc_pauses = 0
│   full_sweeps = 0
└   alloc_MB = 13.6
┌ Info: Step 69 / 120
│   wall_ms = 1007.97
│   gc_ms = 0.0
│   gc_pauses = 0
│   full_sweeps = 0
└   alloc_MB = 13.6
┌ Info: Step 70 / 120
│   wall_ms = 938.67
│   gc_ms = 0.0
│   gc_pauses = 0
│   full_sweeps = 0
└   alloc_MB = 13.6
┌ Info: Step 71 / 120
│   wall_ms = 923.54
│   gc_ms = 0.0
│   gc_pauses = 0
│   full_sweeps = 0
└   alloc_MB = 13.6
┌ Info: Step 72 / 120
│   wall_ms = 963.35
│   gc_ms = 0.0
│   gc_pauses = 0
│   full_sweeps = 0
└   alloc_MB = 13.6
┌ Info: Step 73 / 120
│   wall_ms = 940.61
│   gc_ms = 0.0
│   gc_pauses = 0
│   full_sweeps = 0
└   alloc_MB = 13.6
┌ Info: Step 74 / 120
│   wall_ms = 928.88
│   gc_ms = 0.0
│   gc_pauses = 0
│   full_sweeps = 0
└   alloc_MB = 13.6
┌ Info: Step 75 / 120
│   wall_ms = 945.06
│   gc_ms = 0.0
│   gc_pauses = 0
│   full_sweeps = 0
└   alloc_MB = 13.6
┌ Info: Step 76 / 120
│   wall_ms = 947.38
│   gc_ms = 0.0
│   gc_pauses = 0
│   full_sweeps = 0
└   alloc_MB = 13.6
┌ Info: Step 77 / 120
│   wall_ms = 2059.5
│   gc_ms = 0.0
│   gc_pauses = 0
│   full_sweeps = 0
└   alloc_MB = 13.9
┌ Info: Step 78 / 120
│   wall_ms = 939.74
│   gc_ms = 0.0
│   gc_pauses = 0
│   full_sweeps = 0
└   alloc_MB = 13.6
┌ Info: Step 79 / 120
│   wall_ms = 955.01
│   gc_ms = 0.0
│   gc_pauses = 0
│   full_sweeps = 0
└   alloc_MB = 13.6
┌ Info: Step 80 / 120
│   wall_ms = 975.58
│   gc_ms = 0.0
│   gc_pauses = 0
│   full_sweeps = 0
└   alloc_MB = 13.6
┌ Info: Step 81 / 120
│   wall_ms = 952.14
│   gc_ms = 0.0
│   gc_pauses = 0
│   full_sweeps = 0
└   alloc_MB = 13.6
┌ Info: Step 82 / 120
│   wall_ms = 947.93
│   gc_ms = 0.0
│   gc_pauses = 0
│   full_sweeps = 0
└   alloc_MB = 13.6
┌ Info: Step 83 / 120
│   wall_ms = 916.41
│   gc_ms = 0.0
│   gc_pauses = 0
│   full_sweeps = 0
└   alloc_MB = 13.6
┌ Info: Step 84 / 120
│   wall_ms = 934.85
│   gc_ms = 0.0
│   gc_pauses = 0
│   full_sweeps = 0
└   alloc_MB = 13.6
┌ Info: Step 85 / 120
│   wall_ms = 990.84
│   gc_ms = 0.0
│   gc_pauses = 0
│   full_sweeps = 0
└   alloc_MB = 13.6
┌ Info: Step 86 / 120
│   wall_ms = 949.45
│   gc_ms = 0.0
│   gc_pauses = 0
│   full_sweeps = 0
└   alloc_MB = 13.6
┌ Info: Step 87 / 120
│   wall_ms = 970.21
│   gc_ms = 0.0
│   gc_pauses = 0
│   full_sweeps = 0
└   alloc_MB = 13.6
┌ Info: Step 88 / 120
│   wall_ms = 960.69
│   gc_ms = 0.0
│   gc_pauses = 0
│   full_sweeps = 0
└   alloc_MB = 13.6
┌ Info: Step 89 / 120
│   wall_ms = 890.35
│   gc_ms = 0.0
│   gc_pauses = 0
│   full_sweeps = 0
└   alloc_MB = 13.6
┌ Info: Step 90 / 120
│   wall_ms = 920.04
│   gc_ms = 0.0
│   gc_pauses = 0
│   full_sweeps = 0
└   alloc_MB = 13.6
┌ Info: Step 91 / 120
│   wall_ms = 940.01
│   gc_ms = 0.0
│   gc_pauses = 0
│   full_sweeps = 0
└   alloc_MB = 13.6
┌ Info: Step 92 / 120
│   wall_ms = 935.72
│   gc_ms = 0.0
│   gc_pauses = 0
│   full_sweeps = 0
└   alloc_MB = 13.6
┌ Info: Step 93 / 120
│   wall_ms = 958.1
│   gc_ms = 0.0
│   gc_pauses = 0
│   full_sweeps = 0
└   alloc_MB = 13.6
┌ Info: Step 94 / 120
│   wall_ms = 946.97
│   gc_ms = 0.0
│   gc_pauses = 0
│   full_sweeps = 0
└   alloc_MB = 13.6
┌ Info: Step 95 / 120
│   wall_ms = 949.41
│   gc_ms = 0.0
│   gc_pauses = 0
│   full_sweeps = 0
└   alloc_MB = 13.6
┌ Info: Step 96 / 120
│   wall_ms = 925.27
│   gc_ms = 0.0
│   gc_pauses = 0
│   full_sweeps = 0
└   alloc_MB = 13.6
┌ Info: Step 97 / 120
│   wall_ms = 2023.91
│   gc_ms = 0.0
│   gc_pauses = 0
│   full_sweeps = 0
└   alloc_MB = 13.9
┌ Info: Step 98 / 120
│   wall_ms = 936.21
│   gc_ms = 0.0
│   gc_pauses = 0
│   full_sweeps = 0
└   alloc_MB = 13.6
┌ Info: Step 99 / 120
│   wall_ms = 938.47
│   gc_ms = 0.0
│   gc_pauses = 0
│   full_sweeps = 0
└   alloc_MB = 13.6
┌ Info: Step 100 / 120
│   wall_ms = 950.46
│   gc_ms = 0.0
│   gc_pauses = 0
│   full_sweeps = 0
└   alloc_MB = 13.6
┌ Info: Step 101 / 120
│   wall_ms = 979.84
│   gc_ms = 0.0
│   gc_pauses = 0
│   full_sweeps = 0
└   alloc_MB = 13.6
┌ Info: Step 102 / 120
│   wall_ms = 982.21
│   gc_ms = 0.0
│   gc_pauses = 0
│   full_sweeps = 0
└   alloc_MB = 13.6
┌ Info: Step 103 / 120
│   wall_ms = 905.08
│   gc_ms = 0.0
│   gc_pauses = 0
│   full_sweeps = 0
└   alloc_MB = 13.6
┌ Info: Step 104 / 120
│   wall_ms = 870.53
│   gc_ms = 0.0
│   gc_pauses = 0
│   full_sweeps = 0
└   alloc_MB = 13.6
┌ Info: Step 105 / 120
│   wall_ms = 985.53
│   gc_ms = 0.0
│   gc_pauses = 0
│   full_sweeps = 0
└   alloc_MB = 13.6
┌ Info: Step 106 / 120
│   wall_ms = 1695.33
│   gc_ms = 585.23
│   gc_pauses = 1
│   full_sweeps = 0
└   alloc_MB = 13.6
┌ Info: Step 107 / 120
│   wall_ms = 886.97
│   gc_ms = 0.0
│   gc_pauses = 0
│   full_sweeps = 0
└   alloc_MB = 13.6
┌ Info: Step 108 / 120
│   wall_ms = 908.42
│   gc_ms = 0.0
│   gc_pauses = 0
│   full_sweeps = 0
└   alloc_MB = 13.6
┌ Info: Step 109 / 120
│   wall_ms = 941.3
│   gc_ms = 0.0
│   gc_pauses = 0
│   full_sweeps = 0
└   alloc_MB = 13.6
┌ Info: Step 110 / 120
│   wall_ms = 947.81
│   gc_ms = 0.0
│   gc_pauses = 0
│   full_sweeps = 0
└   alloc_MB = 13.6
┌ Info: Step 111 / 120
│   wall_ms = 948.37
│   gc_ms = 0.0
│   gc_pauses = 0
│   full_sweeps = 0
└   alloc_MB = 13.6
┌ Info: Step 112 / 120
│   wall_ms = 902.89
│   gc_ms = 0.0
│   gc_pauses = 0
│   full_sweeps = 0
└   alloc_MB = 13.6
┌ Info: Step 113 / 120
│   wall_ms = 951.51
│   gc_ms = 0.0
│   gc_pauses = 0
│   full_sweeps = 0
└   alloc_MB = 13.6
┌ Info: Step 114 / 120
│   wall_ms = 926.01
│   gc_ms = 0.0
│   gc_pauses = 0
│   full_sweeps = 0
└   alloc_MB = 13.6
┌ Info: Step 115 / 120
│   wall_ms = 925.86
│   gc_ms = 0.0
│   gc_pauses = 0
│   full_sweeps = 0
└   alloc_MB = 13.6
┌ Info: Step 116 / 120
│   wall_ms = 949.3
│   gc_ms = 0.0
│   gc_pauses = 0
│   full_sweeps = 0
└   alloc_MB = 13.6
┌ Info: Step 117 / 120
│   wall_ms = 69187.55
│   gc_ms = 1880.28
│   gc_pauses = 5
│   full_sweeps = 0
└   alloc_MB = 3136.8
┌ Info: Step 118 / 120
│   wall_ms = 908.81
│   gc_ms = 0.0
│   gc_pauses = 0
│   full_sweeps = 0
└   alloc_MB = 13.6
┌ Info: Step 119 / 120
│   wall_ms = 915.55
│   gc_ms = 0.0
│   gc_pauses = 0
│   full_sweeps = 0
└   alloc_MB = 13.6
┌ Info: Step 120 / 120
│   wall_ms = 920.12
│   gc_ms = 0.0
│   gc_pauses = 0
│   full_sweeps = 0
└   alloc_MB = 13.6
==PROF== Disconnected from process 4105492
==PROF== Report: /home/pbachant/calkit/clima-gpu-profiling/results/ncu/pointwise.ncu-rep
