gpu-guard: running on GPU(s) [2] -- OK (avoiding [])
Loading climacommon/2025_05_15
  Loading requirement: climaauth/2025_05_15 openmpi/4.1.5-mpitrampoline
    julia/1.11.5 cuda/julia-pref
┌ Warning: CUDA runtime library `libcublasLt.so.13` was loaded from a system path, `/usr/local/cuda/lib64/libcublasLt.so.13`.
│ This may cause errors.
│ 
│ If you're running under a profiler, this situation is expected. Otherwise,
│ ensure that your library path environment variable (e.g., `PATH` on Windows
│ or `LD_LIBRARY_PATH` on Linux) does not include CUDA library paths.
│ 
│ In any other case, please file an issue.
└ @ CUDA ~/.julia/packages/CUDA/FQwqy/src/initialization.jl:198
┌ Warning: CUDA runtime library `libnvJitLink.so.13` was loaded from a system path, `/usr/local/cuda/lib64/libnvJitLink.so.13`.
│ This may cause errors.
│ 
│ If you're running under a profiler, this situation is expected. Otherwise,
│ ensure that your library path environment variable (e.g., `PATH` on Windows
│ or `LD_LIBRARY_PATH` on Linux) does not include CUDA library paths.
│ 
│ In any other case, please file an issue.
└ @ CUDA ~/.julia/packages/CUDA/FQwqy/src/initialization.jl:198
┌ Warning: CUDA runtime library `libcusparse.so.12` was loaded from a system path, `/usr/local/cuda/lib64/libcusparse.so.12`.
│ This may cause errors.
│ 
│ If you're running under a profiler, this situation is expected. Otherwise,
│ ensure that your library path environment variable (e.g., `PATH` on Windows
│ or `LD_LIBRARY_PATH` on Linux) does not include CUDA library paths.
│ 
│ In any other case, please file an issue.
└ @ CUDA ~/.julia/packages/CUDA/FQwqy/src/initialization.jl:198
Status `~/calkit/clima-gpu-profiling/ClimaCoupler.jl/experiments/AMIP/Project.toml`
  [c7e460c6] ArgParse v1.2.0
⌅ [052768ef] CUDA v5.11.3
  [159f3aea] Cairo v1.1.1
  [13f3f980] CairoMakie v0.15.14
  [29b5916a] ClimaAnalysis v0.5.23
  [b2c96348] ClimaAtmos v0.42.11 `../../../ClimaAtmos.jl`
⌅ [4347a170] ClimaCalibrate v0.4.0
  [3a4d1b5c] ClimaComms v0.6.11
  [d414da3d] ClimaCore v1.0.0 `../../../ClimaCore.jl`
  [4ade58fe] ClimaCoupler v0.2.3 `../..`
  [1ecacbb8] ClimaDiagnostics v0.3.11
  [08f4d4ce] ClimaLand v1.12.2
  [5c42b081] ClimaParams v1.1.11
  [595c0a79] ClimaTimeSteppers v1.0.1
  [b3f4f4ca] ClimaUtilities v0.1.33
  [aa8a2aa5] EnsembleKalmanProcesses v2.7.4
⌅ [61eb1bfa] GPUCompiler v1.17.1
  [db073c08] GeoMakie v0.7.17
  [e98cc03f] Insolation v1.2.1
⌅ [a98d9a8b] Interpolations v0.15.2
  [033835bb] JLD2 v0.6.7
  [da04e1cc] MPI v0.20.27
  [ee78f7c6] Makie v0.24.14
  [85f8d34a] NCDatasets v0.14.15
  [5da4648a] NVTX v1.0.3
⌅ [b946abbf] NaNStatistics v0.6.56
  [08abe8d2] PrettyTables v3.4.8
  [a01a1ee8] RRTMGP v1.0.0 `../../../RRTMGP.jl`
  [1bc83da4] SafeTestsets v0.1.0
  [90137ffa] StaticArrays v1.9.22
  [49b00bb7] SurfaceFluxes v1.2.1
  [b60c26fb] Thermodynamics v1.3.0
  [ddb6d928] YAML v0.4.17
⌅ [9c32591e] Poppler_jll v24.6.0+0
  [de0858da] Printf v1.11.0
Info Packages marked with ⌅ have new versions available but compatibility constraints restrict them from upgrading. To see why use `status --outdated`
┌ Warning: CUDA runtime library `libcublasLt.so.13` was loaded from a system path, `/usr/local/cuda/lib64/libcublasLt.so.13`.
│ This may cause errors.
│ 
│ If you're running under a profiler, this situation is expected. Otherwise,
│ ensure that your library path environment variable (e.g., `PATH` on Windows
│ or `LD_LIBRARY_PATH` on Linux) does not include CUDA library paths.
│ 
│ In any other case, please file an issue.
└ @ CUDA ~/.julia/packages/CUDA/FQwqy/src/initialization.jl:198
┌ Warning: CUDA runtime library `libnvJitLink.so.13` was loaded from a system path, `/usr/local/cuda/lib64/libnvJitLink.so.13`.
│ This may cause errors.
│ 
│ If you're running under a profiler, this situation is expected. Otherwise,
│ ensure that your library path environment variable (e.g., `PATH` on Windows
│ or `LD_LIBRARY_PATH` on Linux) does not include CUDA library paths.
│ 
│ In any other case, please file an issue.
└ @ CUDA ~/.julia/packages/CUDA/FQwqy/src/initialization.jl:198
┌ Warning: CUDA runtime library `libcusparse.so.12` was loaded from a system path, `/usr/local/cuda/lib64/libcusparse.so.12`.
│ This may cause errors.
│ 
│ If you're running under a profiler, this situation is expected. Otherwise,
│ ensure that your library path environment variable (e.g., `PATH` on Windows
│ or `LD_LIBRARY_PATH` on Linux) does not include CUDA library paths.
│ 
│ In any other case, please file an issue.
└ @ CUDA ~/.julia/packages/CUDA/FQwqy/src/initialization.jl:198
┌ Warning: CUDA runtime library `libcupti.so.13.1` was loaded from a system path, `/opt/nvidia/nsight-systems/2025.3.2/target-linux-x64/libcupti.so.13.1`.
│ This may cause errors.
│ 
│ If you're running under a profiler, this situation is expected. Otherwise,
│ ensure that your library path environment variable (e.g., `PATH` on Windows
│ or `LD_LIBRARY_PATH` on Linux) does not include CUDA library paths.
│ 
│ In any other case, please file an issue.
└ @ CUDA ~/.julia/packages/CUDA/FQwqy/src/initialization.jl:198
[ Info: Active project: /home/pbachant/calkit/clima-gpu-profiling/ClimaCoupler.jl/experiments/AMIP
[ Info: Using Atmos configuration from ClimaCoupler in config/atmos_configs/climaatmos_progedmf_1m.yml
[ Info: Dict{Any, Any}("sleve_eta" => 0.7, "use_coupler_diagnostics" => true, "era5_diurnal_warming" => nothing, "ocean_progress_interval" => "never", "dt" => "30secs", "prognostic_tke" => true, "use_newton_rtol" => false, "era5_ic_full_pressure" => false, "microphysics_model" => "1M", "output_dir_style" => "ActiveLink", "external_forcing" => nothing, "netcdf_output_at_levels" => true, "device" => "auto", "t_end" => "86400secs", "c_amd" => 0.29, "scm_surface_type" => "ocean", "y_elem" => 6, "z_stretch" => true, "dt_subcol" => "Inf", "extra_atmos_diagnostics" => Dict{Any, Any}[], "edmfx_nh_pressure" => true, "nogw_beres_heating_latent" => false, "era5_initial_condition_dir" => nothing, "cloud_liquid_rain_accretion" => "CloudLiquidRainAccretion", "conservation_softfail" => false, "check_steady_state" => false, "restart_cache" => true, "fixed_terminal_velocity_ice" => true, "update_jacobian_every" => "solve", "test_dycore_consistency" => false, "add_isothermal_boundary_layer" => true, "use_itime" => true, "rad" => "allskywithclear", "binary_area_fraction" => true, "seaice_progress_interval" => "never", "cloud_model" => "quadrature", "initial_condition" => "WeatherModel", "krylov_rtol" => 0.1, "eisenstat_walker_forcing_alpha" => 2.0, "dt_cloud_fraction" => "1hours", "surface_setup" => "PrescribedSurface", "cloud_ice_snow_accretion" => "CloudIceSnowAccretion", "update_constrain_state_every" => "step", "jvp_step_adjustment" => 1.0, "microphysics_n_substeps" => 3, "insolation" => "timevarying", "ocean_diagnostic_mode" => "average", "snow_melt" => "SnowMelt", "log_progress" => true, "site_latitude" => 17.0, "h_elem" => 16, "coupler_toml" => ["/home/pbachant/calkit/clima-gpu-profiling/ClimaCoupler.jl/toml/amip_progedmf_1m.toml"], "netcdf_interpolation_num_points" => nothing, "coupler_output_dir" => "output", "z_max" => 60000.0, "diagnostics" => Any[], "edmfx_filter" => true, "debug_jacobian" => false, "job_id" => "amip_progedmf_1m_land_he16", "sst_adjustment" => 0.0, "log_to_file" => false, "orographic_gravity_wave" => "raw_topo", "dt_rad" => "600secs", "simple_ocean" => false, "edmfx_upwinding" => "first_order", "tracer_upwinding" => "vanleer_limiter", "nh_poly" => 3, "edmfx_sgs_diffusive_flux" => true, "y_max" => 300000.0, "non_orographic_gravity_wave" => true, "chemistry_model" => nothing, "print_config_dict" => true, "save_cache" => true, "microphysics_n_substeps_quadrature" => 2, "topography_damping_factor" => 5.0, "cloud_ice_rain_accretion" => "CloudIceRainAccretion", "config" => "sphere", "hyperdiffusion_prandtl_number" => 0.2, "reproducibility_test" => false, "component_dt_dict" => Dict("dt_atmos" => 30.0, "dt_land" => 30.0, "dt_seaice" => 30.0, "dt_ocean" => 30.0), "cloud_liquid_snow_accretion" => "CloudLiquidSnowAccretion", "check_conservation" => false, "rmse_check" => false, "land_spun_up_ic" => false, "cosp_n_subcolumns" => 100, "vertical_water_borrowing_species" => nothing, "auto_jacobian_padding_bands" => nothing, "sgs_distribution" => "gaussian", "implicit_diffusion" => true, "walltime_dt" => nothing, "z_elem" => 63, "snow_autoconversion" => "NoSupersaturation", "ocean_model" => "prescribed", "use_auto_jacobian" => false, "cosp_overlap" => "maximum_random", "disable_surface_flux_tendency" => false, "cfsite_number" => "site23", "dt_ogw" => "1800secs", "turbconv" => "prognostic_edmfx", "x_elem" => 6, "idealized_clouds" => false, "edmfx_mse_q_tot_upwinding" => "first_order", "land_progress_interval" => "never", "check_nan_every" => 1024, "ice_model" => "prescribed", "use_dynamic_krylov_rtol" => false, "fixed_terminal_velocity_rain" => false, "lai_source" => "modis_monthly", "reproducible_restart" => false, "strict_config" => false, "toml" => ["toml/prognostic_edmfx_1M.toml"], "mesh_warp_type" => "SLEVE", "edmfx_detr_model" => "Generalized", "cloud_ice_formation" => "TemperatureDependent", "external_forcing_file" => nothing, "cloud_nn_architecture" => "arch_2layers_8nodes.jld2", "topo_smoothing" => true, "hyperdiff" => "Hyperdiffusion", "output_dir" => nothing, "use_intersection_grid" => true, "debug_tendency_diagnostics" => false, "rain_condensation_evaporation" => "RainEvaporation", "nogw_beres_detailed_diagnostics" => false, "constant_horizontal_diffusion" => false, "apply_sem_quasimonotone_limiter" => false, "bubble" => false, "cloud_ice_melt" => "CloudIceMelt", "ode_algo" => "ARS222", "max_newton_iters_ode" => 1, "start_date" => "20100101", "time_varying_trace_gases" => ["CO2", "O3"], "ocean_diagnostic_interval" => "1days", "use_dense_jacobian" => false, "snow_deposition_sublimation" => "DepositionAndSublimation", "detect_restart_file" => false, "prognostic_surface" => "PrescribedSST", "edmfx_vertical_diffusion" => true, "restart_file" => nothing, "unique_seed" => false, "rayleigh_sponge" => true, "nogw_beres_source" => false, "divergence_damping_factor" => 5.0, "edmfx_entr_model" => "Generalized", "edmfx_tracer_upwinding" => "first_order", "energy_check" => false, "land_model" => "integrated", "use_land_diagnostics" => true, "idealized_h2o" => false, "perturb_initstate" => true, "rain_autoconversion" => "Kessler1M", "edmfx_scale_blending" => "SmoothMinimum", "seaice_diagnostic_mode" => "average", "t_start" => "0secs", "land_fraction_source" => "etopo", "dz_bottom" => 30.0, "walltime_debug" => false, "dt_save_state_to_disk" => "30days", "fixed_terminal_velocity_snow" => true, "restart_t" => nothing, "advection_test" => false, "dt_cpl" => "30secs", "checkpoint_dt" => "366days", "topography" => "Earth", "aerosol_radiation" => true, "reference_job_id" => nothing, "vorticity_hyperdiffusion_coefficient" => 0.1857, "viscous_sponge" => true, "strict_params" => true, "config_file" => "ClimaCoupler.jl/config/benchmark_configs/amip_progedmf_1m_land_he16.yml", "cloud_liquid_freezing" => nothing, "ocean_grid" => "one_deg_tripolar", "bucket_initial_condition" => "", "domain_type" => "global", "approximate_linear_solve_iters" => 2, "land_diagnostics_reduction" => "average", "smagorinsky_lilly" => nothing, "rain_snow_accretion" => "RainSnowAccretion", "enable_diagnostics" => true, "tracer_nonnegativity_method" => nothing, "site_longitude" => -149.0, "evolving_ocean" => true, "cloud_liquid_formation" => "CloudLiquidFormation", "prescribe_clouds_in_radiation" => false, "albedo_model" => "CouplerAlbedo", "edmfx_sgs_horizontal_diffusive_flux" => false, "update_cache_every" => "step", "quadrature_order" => 3, "coupler_diagnostics_period" => nothing, "FLOAT_TYPE" => "Float32", "deep_atmosphere" => true, "updraft_number" => 1, "amd_les" => false, "restart_dir" => nothing, "detect_restart_files" => false, "column_latlon" => [0.0, 0.0], "energy_q_tot_upwinding" => "vanleer_limiter", "prescribed_aerosols" => ["CB1", "CB2", "DST01", "DST02", "DST03", "DST04", "DST05", "OC1", "OC2", "SO4", "SSLT01", "SSLT02", "SSLT03", "SSLT04", "SSLT05"], "dt_nogw" => "1800secs", "output_default_diagnostics" => true, "edmfx_sgs_mass_flux" => true, "x_max" => 300000.0, "radiation_reset_rng_seed" => true, "land_diagnostics_period" => "1months", "newton_rtol" => 1.0e-5, "atmos_config_file" => "config/atmos_configs/climaatmos_progedmf_1m.yml", "edmfx_sgsflux_upwinding" => "none", "mode_name" => "amip", "fixed_terminal_velocity_liquid" => true, "use_sgs_quadrature" => true, "bucket_albedo_type" => "map_static", "atmos_progress_interval" => "never", "vert_diff" => nothing, "use_krylov_method" => false, "sleve_s" => 10.0, "implicit_microphysics" => true, "seaice_diagnostic_interval" => "1days", "prescribed_flow" => nothing, "edmfx_horizontal_diffusion" => false, "coupler_diagnostics_reduction" => "average")
[ Info: Setting up single-process ClimaCoupler run on device: CUDADevice.
[ Info: Dict{Any, Any}("sleve_eta" => 0.7, "use_coupler_diagnostics" => true, "era5_diurnal_warming" => nothing, "ocean_progress_interval" => "never", "dt" => "30secs", "prognostic_tke" => true, "use_newton_rtol" => false, "era5_ic_full_pressure" => false, "microphysics_model" => "1M", "output_dir_style" => "ActiveLink", "external_forcing" => nothing, "netcdf_output_at_levels" => true, "device" => "auto", "t_end" => "86400secs", "c_amd" => 0.29, "scm_surface_type" => "ocean", "y_elem" => 6, "z_stretch" => true, "dt_subcol" => "Inf", "extra_atmos_diagnostics" => Dict{Any, Any}[], "edmfx_nh_pressure" => true, "nogw_beres_heating_latent" => false, "era5_initial_condition_dir" => nothing, "cloud_liquid_rain_accretion" => "CloudLiquidRainAccretion", "conservation_softfail" => false, "check_steady_state" => false, "restart_cache" => true, "fixed_terminal_velocity_ice" => true, "update_jacobian_every" => "solve", "test_dycore_consistency" => false, "add_isothermal_boundary_layer" => true, "use_itime" => true, "rad" => "allskywithclear", "binary_area_fraction" => true, "seaice_progress_interval" => "never", "cloud_model" => "quadrature", "initial_condition" => "WeatherModel", "krylov_rtol" => 0.1, "eisenstat_walker_forcing_alpha" => 2.0, "dt_cloud_fraction" => "1hours", "surface_setup" => "PrescribedSurface", "cloud_ice_snow_accretion" => "CloudIceSnowAccretion", "update_constrain_state_every" => "step", "jvp_step_adjustment" => 1.0, "microphysics_n_substeps" => 3, "insolation" => "timevarying", "ocean_diagnostic_mode" => "average", "snow_melt" => "SnowMelt", "log_progress" => true, "site_latitude" => 17.0, "h_elem" => 16, "coupler_toml" => ["/home/pbachant/calkit/clima-gpu-profiling/ClimaCoupler.jl/toml/amip_progedmf_1m.toml"], "netcdf_interpolation_num_points" => nothing, "coupler_output_dir" => "output", "z_max" => 60000.0, "diagnostics" => Any[], "edmfx_filter" => true, "debug_jacobian" => false, "job_id" => "amip_progedmf_1m_land_he16", "sst_adjustment" => 0.0, "log_to_file" => false, "orographic_gravity_wave" => "raw_topo", "dt_rad" => "600secs", "simple_ocean" => false, "edmfx_upwinding" => "first_order", "tracer_upwinding" => "vanleer_limiter", "nh_poly" => 3, "edmfx_sgs_diffusive_flux" => true, "y_max" => 300000.0, "non_orographic_gravity_wave" => true, "chemistry_model" => nothing, "print_config_dict" => true, "save_cache" => true, "microphysics_n_substeps_quadrature" => 2, "topography_damping_factor" => 5.0, "cloud_ice_rain_accretion" => "CloudIceRainAccretion", "config" => "sphere", "hyperdiffusion_prandtl_number" => 0.2, "reproducibility_test" => false, "component_dt_dict" => Dict("dt_atmos" => 30.0, "dt_land" => 30.0, "dt_seaice" => 30.0, "dt_ocean" => 30.0), "cloud_liquid_snow_accretion" => "CloudLiquidSnowAccretion", "check_conservation" => false, "rmse_check" => false, "land_spun_up_ic" => false, "cosp_n_subcolumns" => 100, "vertical_water_borrowing_species" => nothing, "auto_jacobian_padding_bands" => nothing, "sgs_distribution" => "gaussian", "implicit_diffusion" => true, "walltime_dt" => nothing, "z_elem" => 63, "snow_autoconversion" => "NoSupersaturation", "ocean_model" => "prescribed", "use_auto_jacobian" => false, "cosp_overlap" => "maximum_random", "disable_surface_flux_tendency" => false, "cfsite_number" => "site23", "dt_ogw" => "1800secs", "turbconv" => "prognostic_edmfx", "x_elem" => 6, "idealized_clouds" => false, "edmfx_mse_q_tot_upwinding" => "first_order", "land_progress_interval" => "never", "check_nan_every" => 1024, "ice_model" => "prescribed", "use_dynamic_krylov_rtol" => false, "fixed_terminal_velocity_rain" => false, "lai_source" => "modis_monthly", "reproducible_restart" => false, "strict_config" => false, "toml" => ["toml/prognostic_edmfx_1M.toml"], "mesh_warp_type" => "SLEVE", "edmfx_detr_model" => "Generalized", "cloud_ice_formation" => "TemperatureDependent", "external_forcing_file" => nothing, "cloud_nn_architecture" => "arch_2layers_8nodes.jld2", "topo_smoothing" => true, "hyperdiff" => "Hyperdiffusion", "output_dir" => nothing, "use_intersection_grid" => true, "debug_tendency_diagnostics" => false, "rain_condensation_evaporation" => "RainEvaporation", "nogw_beres_detailed_diagnostics" => false, "constant_horizontal_diffusion" => false, "apply_sem_quasimonotone_limiter" => false, "bubble" => false, "cloud_ice_melt" => "CloudIceMelt", "ode_algo" => "ARS222", "max_newton_iters_ode" => 1, "start_date" => "20100101", "time_varying_trace_gases" => ["CO2", "O3"], "ocean_diagnostic_interval" => "1days", "use_dense_jacobian" => false, "snow_deposition_sublimation" => "DepositionAndSublimation", "detect_restart_file" => false, "prognostic_surface" => "PrescribedSST", "edmfx_vertical_diffusion" => true, "restart_file" => nothing, "unique_seed" => false, "rayleigh_sponge" => true, "nogw_beres_source" => false, "divergence_damping_factor" => 5.0, "edmfx_entr_model" => "Generalized", "edmfx_tracer_upwinding" => "first_order", "energy_check" => false, "land_model" => "integrated", "use_land_diagnostics" => true, "idealized_h2o" => false, "perturb_initstate" => true, "rain_autoconversion" => "Kessler1M", "edmfx_scale_blending" => "SmoothMinimum", "seaice_diagnostic_mode" => "average", "t_start" => "0secs", "land_fraction_source" => "etopo", "dz_bottom" => 30.0, "walltime_debug" => false, "dt_save_state_to_disk" => "30days", "fixed_terminal_velocity_snow" => true, "restart_t" => nothing, "advection_test" => false, "dt_cpl" => "30secs", "checkpoint_dt" => "366days", "topography" => "Earth", "aerosol_radiation" => true, "reference_job_id" => nothing, "vorticity_hyperdiffusion_coefficient" => 0.1857, "viscous_sponge" => true, "strict_params" => true, "config_file" => "ClimaCoupler.jl/config/benchmark_configs/amip_progedmf_1m_land_he16.yml", "cloud_liquid_freezing" => nothing, "ocean_grid" => "one_deg_tripolar", "bucket_initial_condition" => "", "domain_type" => "global", "approximate_linear_solve_iters" => 2, "land_diagnostics_reduction" => "average", "smagorinsky_lilly" => nothing, "rain_snow_accretion" => "RainSnowAccretion", "enable_diagnostics" => true, "tracer_nonnegativity_method" => nothing, "site_longitude" => -149.0, "evolving_ocean" => true, "cloud_liquid_formation" => "CloudLiquidFormation", "prescribe_clouds_in_radiation" => false, "albedo_model" => "CouplerAlbedo", "edmfx_sgs_horizontal_diffusive_flux" => false, "update_cache_every" => "step", "quadrature_order" => 3, "coupler_diagnostics_period" => nothing, "FLOAT_TYPE" => "Float32", "deep_atmosphere" => true, "updraft_number" => 1, "amd_les" => false, "restart_dir" => nothing, "detect_restart_files" => false, "column_latlon" => [0.0, 0.0], "energy_q_tot_upwinding" => "vanleer_limiter", "prescribed_aerosols" => ["CB1", "CB2", "DST01", "DST02", "DST03", "DST04", "DST05", "OC1", "OC2", "SO4", "SSLT01", "SSLT02", "SSLT03", "SSLT04", "SSLT05"], "dt_nogw" => "1800secs", "output_default_diagnostics" => true, "edmfx_sgs_mass_flux" => true, "x_max" => 300000.0, "radiation_reset_rng_seed" => true, "land_diagnostics_period" => "1months", "newton_rtol" => 1.0e-5, "atmos_config_file" => "config/atmos_configs/climaatmos_progedmf_1m.yml", "edmfx_sgsflux_upwinding" => "none", "mode_name" => "amip", "fixed_terminal_velocity_liquid" => true, "use_sgs_quadrature" => true, "bucket_albedo_type" => "map_static", "atmos_progress_interval" => "never", "vert_diff" => nothing, "use_krylov_method" => false, "sleve_s" => 10.0, "implicit_microphysics" => true, "seaice_diagnostic_interval" => "1days", "prescribed_flow" => nothing, "edmfx_horizontal_diffusion" => false, "coupler_diagnostics_reduction" => "average")
[ Info: Output directories output/amip_progedmf_1m_land_he16/output_0412
[ Info: Coupler artifacts directory output/amip_progedmf_1m_land_he16/artifacts
[ Info: Coupler checkpoint directory output/amip_progedmf_1m_land_he16/checkpoints
[ Info: Random seed set to 1234
[ Info: Starting from t_start 0.0 seconds (2010-01-01T00:00:00) [counter = 0, period = 1 second, epoch = 2010-01-01T00:00:00]
[ Info: Overwriting Atmos parameters from input TOML file(s): ["/home/pbachant/calkit/clima-gpu-profiling/ClimaCoupler.jl/toml/amip_progedmf_1m.toml"]
┌ Warning: The configuration passed to ClimaAtmos contains unused keys: use_coupler_diagnostics, ocean_progress_interval, use_intersection_grid, scm_surface_type, extra_atmos_diagnostics, ocean_diagnostic_interval, conservation_softfail, restart_cache, use_itime, unique_seed, binary_area_fraction, seaice_progress_interval, energy_check, use_land_diagnostics, land_model, dt_cloud_fraction, seaice_diagnostic_mode, ocean_diagnostic_mode, land_fraction_source, walltime_debug, coupler_toml, restart_t, coupler_output_dir, dt_cpl, checkpoint_dt, config_file, ocean_grid, sst_adjustment, bucket_initial_condition, domain_type, simple_ocean, edmfx_upwinding, land_diagnostics_reduction, evolving_ocean, save_cache, print_config_dict, coupler_diagnostics_period, component_dt_dict, restart_dir, detect_restart_files, rmse_check, column_latlon, land_spun_up_ic, land_diagnostics_period, walltime_dt, atmos_config_file, ocean_model, mode_name, bucket_albedo_type, atmos_progress_interval, land_progress_interval, ice_model, lai_source, seaice_diagnostic_interval, coupler_diagnostics_reduction
└ @ ClimaAtmos ~/calkit/clima-gpu-profiling/ClimaAtmos.jl/src/config/yaml_helper.jl:161
┌ Info: numerics 
│               `energy_q_tot_upwinding`::`Val{:vanleer_limiter}`
│                     `tracer_upwinding`::`Val{:vanleer_limiter}`
│            `edmfx_mse_q_tot_upwinding`::`Val{:first_order}`
│              `edmfx_sgsflux_upwinding`::`Val{:none}`
│               `edmfx_tracer_upwinding`::`Val{:first_order}`
│              `test_dycore_consistency`::`Nothing`
│                 `reproducible_restart`::`Nothing`
│                              `limiter`::`Nothing`
│                            `diff_mode`::`ClimaAtmos.Implicit`
│                            `hyperdiff`::`ClimaAtmos.Hyperdiffusion{Float32}`
└     `vertical_water_borrowing_species`::`Nothing`
┌ Info: AtmosModel: 
│ 
│                             `water`::`ClimaAtmos.AtmosWater{ClimaAtmos.NonEquilibriumMicrophysics1M{CloudMicrophysics.Parameters.Microphysics1MOptions{CloudMicrophysics.Parameters.CloudLiquidFormation, CloudMicrophysics.Parameters.TemperatureDependent, CloudMicrophysics.Parameters.CloudIceMelt, Nothing, CloudMicrophysics.Parameters.Kessler1M, CloudMicrophysics.Parameters.NoSupersaturation, CloudMicrophysics.Parameters.RainEvaporation, CloudMicrophysics.Parameters.DepositionAndSublimation, CloudMicrophysics.Parameters.SnowMelt, CloudMicrophysics.Parameters.CloudLiquidRainAccretion, CloudMicrophysics.Parameters.CloudLiquidSnowAccretion, CloudMicrophysics.Parameters.CloudIceRainAccretion, CloudMicrophysics.Parameters.CloudIceSnowAccretion, CloudMicrophysics.Parameters.RainSnowAccretion}}, ClimaAtmos.QuadratureCloud, ClimaAtmos.Implicit, Nothing, ClimaAtmos.SGSQuadrature{3, StaticArraysCore.SVector{3, Float32}, StaticArraysCore.SVector{3, Float32}, ClimaAtmos.GaussianSGS, Float32}, ClimaAtmos.FixedTerminalVelocity, ClimaAtmos.FixedTerminalVelocity, ClimaAtmos.DiagnosticTerminalVelocity, ClimaAtmos.FixedTerminalVelocity}`
│                         `scm_setup`::`ClimaAtmos.SCMSetup{Nothing, Nothing, Nothing, Bool, Nothing}`
│                         `radiation`::`ClimaAtmos.AtmosRadiation{ClimaAtmos.RRTMGPInterface.AllSkyRadiationWithClearSkyDiagnostics{ClimaAtmos.InteractiveCloudInRadiation}, ClimaAtmos.TimeVaryingInsolation{Nothing, Nothing, Nothing}, NTuple{15, String}, Tuple{String, String}}`
│                          `turbconv`::`ClimaAtmos.AtmosTurbconv{ClimaAtmos.EDMFXModel{ClimaAtmos.InvZEntrainment, ClimaAtmos.BuoyancyVelocityDetrainment, Val{false}, Val{false}, ClimaAtmos.SmoothMinimumBlending}, ClimaAtmos.PrognosticEDMFX{1, true, Float32}, Nothing, Nothing, Nothing}`
│                   `prescribed_flow`::`Nothing`
│                      `gravity_wave`::`ClimaAtmos.AtmosGravityWave{ClimaAtmos.NonOrographicGravityWave{Float32, Nothing}, ClimaAtmos.FullOrographicGravityWave{Float32, Val{:raw_topo}, Val{:Earth}}}`
│                `vertical_diffusion`::`Nothing`
│                            `sponge`::`ClimaAtmos.AtmosSponge{ClimaAtmos.ViscousSponge{Float32}, ClimaAtmos.RayleighSponge{Float32}}`
│                           `surface`::`ClimaAtmos.AtmosSurface{Nothing, ClimaAtmos.SurfaceConditions.AnalyticTemperature{typeof(ClimaAtmos.Setups.zonally_symmetric_temperature)}, ClimaAtmos.SurfaceConditions.SurfaceBoundaryOverrides{Nothing, Nothing, Nothing, Nothing, Nothing, Nothing}, ClimaAtmos.CouplerAlbedo}`
│                          `numerics`::`ClimaAtmos.AtmosNumerics{Val{:vanleer_limiter}, Val{:vanleer_limiter}, Val{:first_order}, Val{:none}, Val{:first_order}, Nothing, Nothing, Nothing, ClimaAtmos.Implicit, ClimaAtmos.Hyperdiffusion{Float32}, Nothing}`
│                         `chemistry`::`ClimaAtmos.AtmosChem{Nothing}`
└                              `cosp`::`Nothing`
┌ Info: Microphysics settings: 
│                        `n_substeps`::`3`
│                   `n_substeps_quad`::`2`
│            `cloud_liquid_formation`::`CloudLiquidFormation`
│               `cloud_ice_formation`::`TemperatureDependent`
│                    `cloud_ice_melt`::`CloudIceMelt`
│             `cloud_liquid_freezing`::`disabled`
│               `rain_autoconversion`::`Kessler1M`
│               `snow_autoconversion`::`NoSupersaturation`
│     `rain_condensation_evaporation`::`RainEvaporation`
│       `snow_deposition_sublimation`::`DepositionAndSublimation`
│                         `snow_melt`::`SnowMelt`
│       `cloud_liquid_rain_accretion`::`CloudLiquidRainAccretion`
│       `cloud_liquid_snow_accretion`::`CloudLiquidSnowAccretion`
│          `cloud_ice_rain_accretion`::`CloudIceRainAccretion`
│          `cloud_ice_snow_accretion`::`CloudIceSnowAccretion`
└               `rain_snow_accretion`::`RainSnowAccretion`
[ Info: Single-process ClimaAtmos run on CUDADevice
[ Info: Using ODE config: `ClimaTimeSteppers.ARS222`
┌ Warning: Removing output/amip_progedmf_1m_land_he16/output_0412/clima_atmos
└ @ ClimaUtilities.OutputPathGenerator ~/.julia/packages/ClimaUtilities/2GLZR/src/OutputPathGenerator.jl:157
┌ Info: Calling weather_model_data_path
└   (start_date = setup.start_date, era5_dir = era5_dir) = (start_date = Dates.DateTime("2010-01-01T00:00:00"), era5_dir = nothing)
[ Info: Overwriting initial conditions with data from file /net/sampo/data1/ClimaArtifacts/artifacts/wxquest_initial_conditions/era5_init_processed_internal_20100101_0000.nc
[ Info: Adjusted surface pressure to account for ERA5/model surface-height differences.
[ Info: Initialized state (62.025 s, 9.25 GiB)
[ Info: Local file not found, loading from ClimaArtifacts (h_elem=16)...
[ Info: Loading from: /net/sampo/data1/ClimaArtifacts/artifacts/ogw_computed_drag_h16/computed_drag_Earth_false_1_16.hdf5
[ Info: Built cache (357.557 s, 34.79 GiB)
[ Info: Assembled callbacks (348.647 ms, 32.18 MiB)
┌ Info: Jacobian algorithm: ManualSparseJacobian(
│   approximate_solve_iters = 2,
└ )
[ Info: Jacobian derivative flags: topography_flag = UseDerivative, diffusion_flag = UseDerivative
[ Info: Built tendency function (62.553 s, 218.42 MiB)
[ Info: Initialized integrator (198.301 s, 17.98 GiB)
[ Info: Added 75 default ClimaAtmos diagnostics
[ Info: Saving accumulated diagnostics to disk with frequency: 1 hour
[ Info: Set up diagnostics (17.955 s, 1.74 GiB)
[ Info: Initialized 75 total diagnostics
┌ Info: Simulation info
│   job_id = "amip_progedmf_1m_land_he16"
└   output_dir = "output/amip_progedmf_1m_land_he16/output_0412/clima_atmos"
[ Info: ClimaCoupler.Interfacer.AMIPMode
┌ Info: PrescribedOcean: using SST file
└   sst_data = "/net/sampo/data1/ClimaArtifacts/artifacts/historical_sst_sic/MODEL.SST.HAD187001-198110.OI198111-202206.nc"
┌ Info: PrescribedIce: using SIC file
└   sic_data = "/net/sampo/data1/ClimaArtifacts/artifacts/historical_sst_sic/MODEL.ICE.HAD187001-198110.OI198111-202206.nc"
┌ Info: PrescribedIce: ISTL1 not in file, using constant initialization
└   file = "/net/sampo/data1/ClimaArtifacts/artifacts/historical_sst_sic/MODEL.ICE.HAD187001-198110.OI198111-202206.nc"
[ Info: Component models initialized: (:atmos_sim, :ice_sim, :land_sim, :ocean_sim)
[ Info: Component model types: ("ClimaAtmosSimulation", "PrescribedIceSimulation", "ClimaLandSimulation", "PrescribedOceanSimulation")
[ Info: Using default coupler diagnostics
┌ Warning: `update_field!` is not extended for the `liquid_precipitation` field of PrescribedIceSimulation: skipping update.
└ @ ClimaCoupler.Interfacer ~/calkit/clima-gpu-profiling/ClimaCoupler.jl/src/Interfacer.jl:375
[ Info: Memory in use: 12.95 GiB
┌ Info: Warmup step 1 / 3
│   wall_ms = 498646.1
│   gc_ms = 28808.32
│   gc_pauses = 77
│   full_sweeps = 3
└   alloc_MB = 63872.3
┌ Info: Warmup step 2 / 3
│   wall_ms = 835.89
│   gc_ms = 0.0
│   gc_pauses = 0
│   full_sweeps = 0
└   alloc_MB = 45.4
┌ Info: Warmup step 3 / 3
│   wall_ms = 169.86
│   gc_ms = 0.0
│   gc_pauses = 0
│   full_sweeps = 0
└   alloc_MB = 15.7
[ Info: Using external CUDA profiler
┌ Info: Step 1 / 120
│   wall_ms = 333.57
│   gc_ms = 0.0
│   gc_pauses = 0
│   full_sweeps = 0
└   alloc_MB = 18.0
┌ Info: Step 2 / 120
│   wall_ms = 241.86
│   gc_ms = 0.0
│   gc_pauses = 0
│   full_sweeps = 0
└   alloc_MB = 15.7
┌ Info: Step 3 / 120
│   wall_ms = 380.91
│   gc_ms = 0.0
│   gc_pauses = 0
│   full_sweeps = 0
└   alloc_MB = 15.7
┌ Info: Step 4 / 120
│   wall_ms = 195.71
│   gc_ms = 0.0
│   gc_pauses = 0
│   full_sweeps = 0
└   alloc_MB = 15.7
┌ Info: Step 5 / 120
│   wall_ms = 189.17
│   gc_ms = 0.0
│   gc_pauses = 0
│   full_sweeps = 0
└   alloc_MB = 15.7
┌ Info: Step 6 / 120
│   wall_ms = 210.62
│   gc_ms = 0.0
│   gc_pauses = 0
│   full_sweeps = 0
└   alloc_MB = 15.7
┌ Info: Step 7 / 120
│   wall_ms = 374.24
│   gc_ms = 0.0
│   gc_pauses = 0
│   full_sweeps = 0
└   alloc_MB = 15.7
┌ Info: Step 8 / 120
│   wall_ms = 245.84
│   gc_ms = 0.0
│   gc_pauses = 0
│   full_sweeps = 0
└   alloc_MB = 15.7
┌ Info: Step 9 / 120
│   wall_ms = 199.14
│   gc_ms = 0.0
│   gc_pauses = 0
│   full_sweeps = 0
└   alloc_MB = 15.7
┌ Info: Step 10 / 120
│   wall_ms = 223.97
│   gc_ms = 0.0
│   gc_pauses = 0
│   full_sweeps = 0
└   alloc_MB = 15.7
┌ Info: Step 11 / 120
│   wall_ms = 779.02
│   gc_ms = 417.21
│   gc_pauses = 1
│   full_sweeps = 0
└   alloc_MB = 15.7
┌ Info: Step 12 / 120
│   wall_ms = 218.42
│   gc_ms = 0.0
│   gc_pauses = 0
│   full_sweeps = 0
└   alloc_MB = 15.7
┌ Info: Step 13 / 120
│   wall_ms = 233.68
│   gc_ms = 0.0
│   gc_pauses = 0
│   full_sweeps = 0
└   alloc_MB = 15.7
┌ Info: Step 14 / 120
│   wall_ms = 329.11
│   gc_ms = 0.0
│   gc_pauses = 0
│   full_sweeps = 0
└   alloc_MB = 15.7
┌ Info: Step 15 / 120
│   wall_ms = 183.94
│   gc_ms = 0.0
│   gc_pauses = 0
│   full_sweeps = 0
└   alloc_MB = 15.7
┌ Info: Step 16 / 120
│   wall_ms = 216.56
│   gc_ms = 0.0
│   gc_pauses = 0
│   full_sweeps = 0
└   alloc_MB = 15.7
┌ Info: Step 17 / 120
│   wall_ms = 2049.47
│   gc_ms = 0.0
│   gc_pauses = 0
│   full_sweeps = 0
└   alloc_MB = 16.1
┌ Info: Step 18 / 120
│   wall_ms = 336.52
│   gc_ms = 0.0
│   gc_pauses = 0
│   full_sweeps = 0
└   alloc_MB = 15.7
┌ Info: Step 19 / 120
│   wall_ms = 264.84
│   gc_ms = 0.0
│   gc_pauses = 0
│   full_sweeps = 0
└   alloc_MB = 15.7
┌ Info: Step 20 / 120
│   wall_ms = 198.69
│   gc_ms = 0.0
│   gc_pauses = 0
│   full_sweeps = 0
└   alloc_MB = 15.7
┌ Info: Step 21 / 120
│   wall_ms = 199.79
│   gc_ms = 0.0
│   gc_pauses = 0
│   full_sweeps = 0
└   alloc_MB = 15.7
┌ Info: Step 22 / 120
│   wall_ms = 406.87
│   gc_ms = 0.0
│   gc_pauses = 0
│   full_sweeps = 0
└   alloc_MB = 15.7
┌ Info: Step 23 / 120
│   wall_ms = 250.24
│   gc_ms = 0.0
│   gc_pauses = 0
│   full_sweeps = 0
└   alloc_MB = 15.7
┌ Info: Step 24 / 120
│   wall_ms = 205.09
│   gc_ms = 0.0
│   gc_pauses = 0
│   full_sweeps = 0
└   alloc_MB = 15.7
┌ Info: Step 25 / 120
│   wall_ms = 209.26
│   gc_ms = 0.0
│   gc_pauses = 0
│   full_sweeps = 0
└   alloc_MB = 15.7
┌ Info: Step 26 / 120
│   wall_ms = 401.06
│   gc_ms = 0.0
│   gc_pauses = 0
│   full_sweeps = 0
└   alloc_MB = 15.7
┌ Info: Step 27 / 120
│   wall_ms = 248.33
│   gc_ms = 0.0
│   gc_pauses = 0
│   full_sweeps = 0
└   alloc_MB = 15.7
┌ Info: Step 28 / 120
│   wall_ms = 193.34
│   gc_ms = 0.0
│   gc_pauses = 0
│   full_sweeps = 0
└   alloc_MB = 15.7
┌ Info: Step 29 / 120
│   wall_ms = 202.16
│   gc_ms = 0.0
│   gc_pauses = 0
│   full_sweeps = 0
└   alloc_MB = 15.7
┌ Info: Step 30 / 120
│   wall_ms = 392.84
│   gc_ms = 0.0
│   gc_pauses = 0
│   full_sweeps = 0
└   alloc_MB = 15.7
┌ Info: Step 31 / 120
│   wall_ms = 251.88
│   gc_ms = 0.0
│   gc_pauses = 0
│   full_sweeps = 0
└   alloc_MB = 15.7
┌ Info: Step 32 / 120
│   wall_ms = 196.49
│   gc_ms = 0.0
│   gc_pauses = 0
│   full_sweeps = 0
└   alloc_MB = 15.7
┌ Info: Step 33 / 120
│   wall_ms = 256.57
│   gc_ms = 0.0
│   gc_pauses = 0
│   full_sweeps = 0
└   alloc_MB = 15.7
┌ Info: Step 34 / 120
│   wall_ms = 334.18
│   gc_ms = 0.0
│   gc_pauses = 0
│   full_sweeps = 0
└   alloc_MB = 15.7
┌ Info: Step 35 / 120
│   wall_ms = 231.55
│   gc_ms = 0.0
│   gc_pauses = 0
│   full_sweeps = 0
└   alloc_MB = 15.7
┌ Info: Step 36 / 120
│   wall_ms = 195.91
│   gc_ms = 0.0
│   gc_pauses = 0
│   full_sweeps = 0
└   alloc_MB = 15.7
┌ Info: Step 37 / 120
│   wall_ms = 1993.68
│   gc_ms = 0.0
│   gc_pauses = 0
│   full_sweeps = 0
└   alloc_MB = 16.0
┌ Info: Step 38 / 120
│   wall_ms = 394.88
│   gc_ms = 0.0
│   gc_pauses = 0
│   full_sweeps = 0
└   alloc_MB = 15.7
┌ Info: Step 39 / 120
│   wall_ms = 251.08
│   gc_ms = 0.0
│   gc_pauses = 0
│   full_sweeps = 0
└   alloc_MB = 15.7
┌ Info: Step 40 / 120
│   wall_ms = 196.51
│   gc_ms = 0.0
│   gc_pauses = 0
│   full_sweeps = 0
└   alloc_MB = 15.7
┌ Info: Step 41 / 120
│   wall_ms = 194.95
│   gc_ms = 0.0
│   gc_pauses = 0
│   full_sweeps = 0
└   alloc_MB = 15.7
┌ Info: Step 42 / 120
│   wall_ms = 313.93
│   gc_ms = 0.0
│   gc_pauses = 0
│   full_sweeps = 0
└   alloc_MB = 15.7
┌ Info: Step 43 / 120
│   wall_ms = 351.11
│   gc_ms = 0.0
│   gc_pauses = 0
│   full_sweeps = 0
└   alloc_MB = 15.7
┌ Info: Step 44 / 120
│   wall_ms = 185.49
│   gc_ms = 0.0
│   gc_pauses = 0
│   full_sweeps = 0
└   alloc_MB = 15.7
┌ Info: Step 45 / 120
│   wall_ms = 202.08
│   gc_ms = 0.0
│   gc_pauses = 0
│   full_sweeps = 0
└   alloc_MB = 15.7
┌ Info: Step 46 / 120
│   wall_ms = 377.95
│   gc_ms = 0.0
│   gc_pauses = 0
│   full_sweeps = 0
└   alloc_MB = 15.7
┌ Info: Step 47 / 120
│   wall_ms = 272.36
│   gc_ms = 0.0
│   gc_pauses = 0
│   full_sweeps = 0
└   alloc_MB = 15.7
┌ Info: Step 48 / 120
│   wall_ms = 642.46
│   gc_ms = 392.01
│   gc_pauses = 1
│   full_sweeps = 0
└   alloc_MB = 15.7
┌ Info: Step 49 / 120
│   wall_ms = 345.5
│   gc_ms = 0.0
│   gc_pauses = 0
│   full_sweeps = 0
└   alloc_MB = 15.7
┌ Info: Step 50 / 120
│   wall_ms = 198.59
│   gc_ms = 0.0
│   gc_pauses = 0
│   full_sweeps = 0
└   alloc_MB = 15.7
┌ Info: Step 51 / 120
│   wall_ms = 192.06
│   gc_ms = 0.0
│   gc_pauses = 0
│   full_sweeps = 0
└   alloc_MB = 15.7
┌ Info: Step 52 / 120
│   wall_ms = 302.4
│   gc_ms = 0.0
│   gc_pauses = 0
│   full_sweeps = 0
└   alloc_MB = 15.7
┌ Info: Step 53 / 120
│   wall_ms = 343.65
│   gc_ms = 0.0
│   gc_pauses = 0
│   full_sweeps = 0
└   alloc_MB = 15.7
┌ Info: Step 54 / 120
│   wall_ms = 192.03
│   gc_ms = 0.0
│   gc_pauses = 0
│   full_sweeps = 0
└   alloc_MB = 15.7
┌ Info: Step 55 / 120
│   wall_ms = 196.76
│   gc_ms = 0.0
│   gc_pauses = 0
│   full_sweeps = 0
└   alloc_MB = 15.7
┌ Info: Step 56 / 120
│   wall_ms = 284.17
│   gc_ms = 0.0
│   gc_pauses = 0
│   full_sweeps = 0
└   alloc_MB = 15.7
┌ Info: Step 57 / 120
│   wall_ms = 2155.8
│   gc_ms = 0.0
│   gc_pauses = 0
│   full_sweeps = 0
└   alloc_MB = 16.5
┌ Info: Step 58 / 120
│   wall_ms = 206.86
│   gc_ms = 0.0
│   gc_pauses = 0
│   full_sweeps = 0
└   alloc_MB = 15.7
┌ Info: Step 59 / 120
│   wall_ms = 183.66
│   gc_ms = 0.0
│   gc_pauses = 0
│   full_sweeps = 0
└   alloc_MB = 15.7
┌ Info: Step 60 / 120
│   wall_ms = 206.92
│   gc_ms = 0.0
│   gc_pauses = 0
│   full_sweeps = 0
└   alloc_MB = 15.7
┌ Info: Step 61 / 120
│   wall_ms = 455.07
│   gc_ms = 0.0
│   gc_pauses = 0
│   full_sweeps = 0
└   alloc_MB = 15.7
┌ Info: Step 62 / 120
│   wall_ms = 185.01
│   gc_ms = 0.0
│   gc_pauses = 0
│   full_sweeps = 0
└   alloc_MB = 15.7
┌ Info: Step 63 / 120
│   wall_ms = 203.26
│   gc_ms = 0.0
│   gc_pauses = 0
│   full_sweeps = 0
└   alloc_MB = 15.7
┌ Info: Step 64 / 120
│   wall_ms = 241.21
│   gc_ms = 0.0
│   gc_pauses = 0
│   full_sweeps = 0
└   alloc_MB = 15.7
┌ Info: Step 65 / 120
│   wall_ms = 358.86
│   gc_ms = 0.0
│   gc_pauses = 0
│   full_sweeps = 0
└   alloc_MB = 15.7
┌ Info: Step 66 / 120
│   wall_ms = 212.12
│   gc_ms = 0.0
│   gc_pauses = 0
│   full_sweeps = 0
└   alloc_MB = 15.7
┌ Info: Step 67 / 120
│   wall_ms = 197.98
│   gc_ms = 0.0
│   gc_pauses = 0
│   full_sweeps = 0
└   alloc_MB = 15.7
┌ Info: Step 68 / 120
│   wall_ms = 263.28
│   gc_ms = 0.0
│   gc_pauses = 0
│   full_sweeps = 0
└   alloc_MB = 15.7
┌ Info: Step 69 / 120
│   wall_ms = 341.36
│   gc_ms = 0.0
│   gc_pauses = 0
│   full_sweeps = 0
└   alloc_MB = 15.7
┌ Info: Step 70 / 120
│   wall_ms = 245.25
│   gc_ms = 0.0
│   gc_pauses = 0
│   full_sweeps = 0
└   alloc_MB = 15.7
┌ Info: Step 71 / 120
│   wall_ms = 199.52
│   gc_ms = 0.0
│   gc_pauses = 0
│   full_sweeps = 0
└   alloc_MB = 15.7
┌ Info: Step 72 / 120
│   wall_ms = 205.75
│   gc_ms = 0.0
│   gc_pauses = 0
│   full_sweeps = 0
└   alloc_MB = 15.7
┌ Info: Step 73 / 120
│   wall_ms = 252.32
│   gc_ms = 0.0
│   gc_pauses = 0
│   full_sweeps = 0
└   alloc_MB = 15.7
┌ Info: Step 74 / 120
│   wall_ms = 321.78
│   gc_ms = 0.0
│   gc_pauses = 0
│   full_sweeps = 0
└   alloc_MB = 15.7
┌ Info: Step 75 / 120
│   wall_ms = 188.75
│   gc_ms = 0.0
│   gc_pauses = 0
│   full_sweeps = 0
└   alloc_MB = 15.7
┌ Info: Step 76 / 120
│   wall_ms = 211.75
│   gc_ms = 0.0
│   gc_pauses = 0
│   full_sweeps = 0
└   alloc_MB = 15.7
┌ Info: Step 77 / 120
│   wall_ms = 2033.23
│   gc_ms = 0.0
│   gc_pauses = 0
│   full_sweeps = 0
└   alloc_MB = 16.0
┌ Info: Step 78 / 120
│   wall_ms = 322.23
│   gc_ms = 0.0
│   gc_pauses = 0
│   full_sweeps = 0
└   alloc_MB = 15.7
┌ Info: Step 79 / 120
│   wall_ms = 258.93
│   gc_ms = 0.0
│   gc_pauses = 0
│   full_sweeps = 0
└   alloc_MB = 15.7
┌ Info: Step 80 / 120
│   wall_ms = 191.13
│   gc_ms = 0.0
│   gc_pauses = 0
│   full_sweeps = 0
└   alloc_MB = 15.7
┌ Info: Step 81 / 120
│   wall_ms = 236.0
│   gc_ms = 0.0
│   gc_pauses = 0
│   full_sweeps = 0
└   alloc_MB = 15.7
┌ Info: Step 82 / 120
│   wall_ms = 349.78
│   gc_ms = 0.0
│   gc_pauses = 0
│   full_sweeps = 0
└   alloc_MB = 15.7
┌ Info: Step 83 / 120
│   wall_ms = 253.56
│   gc_ms = 0.0
│   gc_pauses = 0
│   full_sweeps = 0
└   alloc_MB = 15.7
┌ Info: Step 84 / 120
│   wall_ms = 191.83
│   gc_ms = 0.0
│   gc_pauses = 0
│   full_sweeps = 0
└   alloc_MB = 15.7
┌ Info: Step 85 / 120
│   wall_ms = 384.7
│   gc_ms = 67.13
│   gc_pauses = 1
│   full_sweeps = 0
└   alloc_MB = 15.7
┌ Info: Step 86 / 120
│   wall_ms = 336.87
│   gc_ms = 0.0
│   gc_pauses = 0
│   full_sweeps = 0
└   alloc_MB = 15.7
┌ Info: Step 87 / 120
│   wall_ms = 205.19
│   gc_ms = 0.0
│   gc_pauses = 0
│   full_sweeps = 0
└   alloc_MB = 15.7
┌ Info: Step 88 / 120
│   wall_ms = 192.74
│   gc_ms = 0.0
│   gc_pauses = 0
│   full_sweeps = 0
└   alloc_MB = 15.7
┌ Info: Step 89 / 120
│   wall_ms = 238.67
│   gc_ms = 0.0
│   gc_pauses = 0
│   full_sweeps = 0
└   alloc_MB = 15.7
┌ Info: Step 90 / 120
│   wall_ms = 395.87
│   gc_ms = 0.0
│   gc_pauses = 0
│   full_sweeps = 0
└   alloc_MB = 15.7
┌ Info: Step 91 / 120
│   wall_ms = 203.16
│   gc_ms = 0.0
│   gc_pauses = 0
│   full_sweeps = 0
└   alloc_MB = 15.7
┌ Info: Step 92 / 120
│   wall_ms = 195.07
│   gc_ms = 0.0
│   gc_pauses = 0
│   full_sweeps = 0
└   alloc_MB = 15.7
┌ Info: Step 93 / 120
│   wall_ms = 224.28
│   gc_ms = 0.0
│   gc_pauses = 0
│   full_sweeps = 0
└   alloc_MB = 15.7
┌ Info: Step 94 / 120
│   wall_ms = 376.35
│   gc_ms = 0.0
│   gc_pauses = 0
│   full_sweeps = 0
└   alloc_MB = 15.7
┌ Info: Step 95 / 120
│   wall_ms = 230.06
│   gc_ms = 0.0
│   gc_pauses = 0
│   full_sweeps = 0
└   alloc_MB = 15.7
┌ Info: Step 96 / 120
│   wall_ms = 203.25
│   gc_ms = 0.0
│   gc_pauses = 0
│   full_sweeps = 0
└   alloc_MB = 15.7
┌ Info: Step 97 / 120
│   wall_ms = 2015.56
│   gc_ms = 0.0
│   gc_pauses = 0
│   full_sweeps = 0
└   alloc_MB = 16.0
┌ Info: Step 98 / 120
│   wall_ms = 398.95
│   gc_ms = 0.0
│   gc_pauses = 0
│   full_sweeps = 0
└   alloc_MB = 15.7
┌ Info: Step 99 / 120
│   wall_ms = 209.36
│   gc_ms = 0.0
│   gc_pauses = 0
│   full_sweeps = 0
└   alloc_MB = 15.7
┌ Info: Step 100 / 120
│   wall_ms = 193.53
│   gc_ms = 0.0
│   gc_pauses = 0
│   full_sweeps = 0
└   alloc_MB = 15.7
┌ Info: Step 101 / 120
│   wall_ms = 199.47
│   gc_ms = 0.0
│   gc_pauses = 0
│   full_sweeps = 0
└   alloc_MB = 15.7
┌ Info: Step 102 / 120
│   wall_ms = 439.12
│   gc_ms = 0.0
│   gc_pauses = 0
│   full_sweeps = 0
└   alloc_MB = 15.7
┌ Info: Step 103 / 120
│   wall_ms = 191.52
│   gc_ms = 0.0
│   gc_pauses = 0
│   full_sweeps = 0
└   alloc_MB = 15.7
┌ Info: Step 104 / 120
│   wall_ms = 196.14
│   gc_ms = 0.0
│   gc_pauses = 0
│   full_sweeps = 0
└   alloc_MB = 15.7
┌ Info: Step 105 / 120
│   wall_ms = 217.59
│   gc_ms = 0.0
│   gc_pauses = 0
│   full_sweeps = 0
└   alloc_MB = 15.7
┌ Info: Step 106 / 120
│   wall_ms = 436.91
│   gc_ms = 0.0
│   gc_pauses = 0
│   full_sweeps = 0
└   alloc_MB = 15.7
┌ Info: Step 107 / 120
│   wall_ms = 184.59
│   gc_ms = 0.0
│   gc_pauses = 0
│   full_sweeps = 0
└   alloc_MB = 15.7
┌ Info: Step 108 / 120
│   wall_ms = 195.85
│   gc_ms = 0.0
│   gc_pauses = 0
│   full_sweeps = 0
└   alloc_MB = 15.7
┌ Info: Step 109 / 120
│   wall_ms = 266.66
│   gc_ms = 0.0
│   gc_pauses = 0
│   full_sweeps = 0
└   alloc_MB = 15.7
┌ Info: Step 110 / 120
│   wall_ms = 373.15
│   gc_ms = 0.0
│   gc_pauses = 0
│   full_sweeps = 0
└   alloc_MB = 15.7
┌ Info: Step 111 / 120
│   wall_ms = 182.41
│   gc_ms = 0.0
│   gc_pauses = 0
│   full_sweeps = 0
└   alloc_MB = 15.7
┌ Info: Step 112 / 120
│   wall_ms = 193.46
│   gc_ms = 0.0
│   gc_pauses = 0
│   full_sweeps = 0
└   alloc_MB = 15.7
┌ Info: Step 113 / 120
│   wall_ms = 241.21
│   gc_ms = 0.0
│   gc_pauses = 0
│   full_sweeps = 0
└   alloc_MB = 15.7
┌ Info: Step 114 / 120
│   wall_ms = 353.72
│   gc_ms = 0.0
│   gc_pauses = 0
│   full_sweeps = 0
└   alloc_MB = 15.7
┌ Info: Step 115 / 120
│   wall_ms = 222.74
│   gc_ms = 0.0
│   gc_pauses = 0
│   full_sweeps = 0
└   alloc_MB = 15.7
┌ Info: Step 116 / 120
│   wall_ms = 182.83
│   gc_ms = 0.0
│   gc_pauses = 0
│   full_sweeps = 0
└   alloc_MB = 15.7
┌ Info: Step 117 / 120
│   wall_ms = 54933.88
│   gc_ms = 1101.09
│   gc_pauses = 6
│   full_sweeps = 0
└   alloc_MB = 3197.6
┌ Info: Step 118 / 120
│   wall_ms = 243.19
│   gc_ms = 0.0
│   gc_pauses = 0
│   full_sweeps = 0
└   alloc_MB = 15.7
┌ Info: Step 119 / 120
│   wall_ms = 408.53
│   gc_ms = 0.0
│   gc_pauses = 0
│   full_sweeps = 0
└   alloc_MB = 15.7
┌ Info: Step 120 / 120
│   wall_ms = 191.73
│   gc_ms = 0.0
│   gc_pauses = 0
│   full_sweeps = 0
└   alloc_MB = 15.7
Capture range started in the application.
Capture range ended in the application.
Generating '/tmp/nsys-report-15f3.qdstrm'
[1/1] [0%                          ] baseline.nsys-repProcessing events...
[1/1] [0%                          ] baseline.nsys-rep[1/1] [8%                          ] baseline.nsys-rep[1/1] [9%                          ] baseline.nsys-rep[1/1] [10%                         ] baseline.nsys-rep[1/1] [9%                          ] baseline.nsys-rep[1/1] [8%                          ] baseline.nsys-rep[1/1] [7%                          ] baseline.nsys-rep[1/1] [8%                          ] baseline.nsys-rep[1/1] [7%                          ] baseline.nsys-rep[1/1] [8%                          ] baseline.nsys-rep[1/1] [7%                          ] baseline.nsys-rep[1/1] [6%                          ] baseline.nsys-rep[1/1] [9%                          ] baseline.nsys-rep[1/1] [8%                          ] baseline.nsys-rep[1/1] [7%                          ] baseline.nsys-rep[1/1] [6%                          ] baseline.nsys-rep[1/1] [5%                          ] baseline.nsys-rep[1/1] [0%                          ] baseline.nsys-rep[1/1] [5%                          ] baseline.nsys-rep[1/1] [6%                          ] baseline.nsys-rep[1/1] [7%                          ] baseline.nsys-rep[1/1] [8%                          ] baseline.nsys-rep[1/1] [9%                          ] baseline.nsys-rep[1/1] [10%                         ] baseline.nsys-rep[1/1] [11%                         ] baseline.nsys-rep[1/1] [12%                         ] baseline.nsys-rep[1/1] [13%                         ] baseline.nsys-rep[1/1] [14%                         ] baseline.nsys-rep[1/1] [=15%                        ] baseline.nsys-rep[1/1] [=16%                        ] baseline.nsys-rep[1/1] [=17%                        ] baseline.nsys-rep[1/1] [==18%                       ] baseline.nsys-rep[1/1] [==19%                       ] baseline.nsys-rep[1/1] [==20%                       ] baseline.nsys-rep[1/1] [==21%                       ] baseline.nsys-rep[1/1] [===22%                      ] baseline.nsys-rep[1/1] [===23%                      ] baseline.nsys-rep[1/1] [===24%                      ] baseline.nsys-rep[1/1] [====25%                     ] baseline.nsys-rep[1/1] [====26%                     ] baseline.nsys-rep[1/1] [====27%                     ] baseline.nsys-rep[1/1] [====28%                     ] baseline.nsys-rep[1/1] [=====29%                    ] baseline.nsys-rep[1/1] [=====30%                    ] baseline.nsys-rep[1/1] [=====31%                    ] baseline.nsys-rep[1/1] [=====32%                    ] baseline.nsys-rep[1/1] [======33%                   ] baseline.nsys-rep[1/1] [======34%                   ] baseline.nsys-rep[1/1] [======35%                   ] baseline.nsys-rep[1/1] [=======36%                  ] baseline.nsys-rep[1/1] [=======37%                  ] baseline.nsys-rep[1/1] [=======38%                  ] baseline.nsys-rep[1/1] [=======39%                  ] baseline.nsys-rep[1/1] [========40%                 ] baseline.nsys-rep[1/1] [========41%                 ] baseline.nsys-rep[1/1] [========42%                 ] baseline.nsys-rep[1/1] [=========43%                ] baseline.nsys-rep[1/1] [=========44%                ] baseline.nsys-rep[1/1] [=========45%                ] baseline.nsys-rep[1/1] [=========46%                ] baseline.nsys-rep[1/1] [==========47%               ] baseline.nsys-rep[1/1] [==========48%               ] baseline.nsys-rep[1/1] [==========49%               ] baseline.nsys-rep[1/1] [===========50%              ] baseline.nsys-rep[1/1] [===========51%              ] baseline.nsys-rep[1/1] [===========52%              ] baseline.nsys-rep[1/1] [===========53%              ] baseline.nsys-rep[1/1] [============54%             ] baseline.nsys-rep[1/1] [============55%             ] baseline.nsys-rep[1/1] [============56%             ] baseline.nsys-rep[1/1] [============57%             ] baseline.nsys-rep[1/1] [=============58%            ] baseline.nsys-rep[1/1] [=============59%            ] baseline.nsys-rep[1/1] [=============60%            ] baseline.nsys-rep[1/1] [==============61%           ] baseline.nsys-rep[1/1] [==============62%           ] baseline.nsys-rep[1/1] [==============63%           ] baseline.nsys-rep[1/1] [==============64%           ] baseline.nsys-rep[1/1] [===============65%          ] baseline.nsys-rep[1/1] [===============66%          ] baseline.nsys-rep[1/1] [===============67%          ] baseline.nsys-rep[1/1] [================68%         ] baseline.nsys-rep[1/1] [================69%         ] baseline.nsys-rep[1/1] [================70%         ] baseline.nsys-rep[1/1] [================71%         ] baseline.nsys-rep[1/1] [=================72%        ] baseline.nsys-rep[1/1] [=================73%        ] baseline.nsys-rep[1/1] [=================74%        ] baseline.nsys-rep[1/1] [==================75%       ] baseline.nsys-rep[1/1] [==================76%       ] baseline.nsys-rep[1/1] [==================77%       ] baseline.nsys-rep[1/1] [==================78%       ] baseline.nsys-rep[1/1] [===================79%      ] baseline.nsys-rep[1/1] [===================80%      ] baseline.nsys-rep[1/1] [===================81%      ] baseline.nsys-rep[1/1] [===================82%      ] baseline.nsys-rep[1/1] [====================83%     ] baseline.nsys-rep[1/1] [====================84%     ] baseline.nsys-rep[1/1] [====================85%     ] baseline.nsys-rep[1/1] [=====================86%    ] baseline.nsys-rep[1/1] [=====================87%    ] baseline.nsys-rep[1/1] [=====================88%    ] baseline.nsys-rep[1/1] [=====================89%    ] baseline.nsys-rep[1/1] [======================90%   ] baseline.nsys-rep[1/1] [======================91%   ] baseline.nsys-rep[1/1] [======================92%   ] baseline.nsys-rep[1/1] [=======================93%  ] baseline.nsys-rep[1/1] [=======================94%  ] baseline.nsys-rep[1/1] [=======================95%  ] baseline.nsys-rep[1/1] [=======================96%  ] baseline.nsys-rep[1/1] [========================97% ] baseline.nsys-rep[1/1] [========================98% ] baseline.nsys-rep[1/1] [========================100%] baseline.nsys-rep[1/1] [========================100%] baseline.nsys-rep
Generated:
	/home/pbachant/calkit/clima-gpu-profiling/results/experiments/launch-cost/baseline.nsys-rep
Generating SQLite file results/experiments/launch-cost/baseline.sqlite from results/experiments/launch-cost/baseline.nsys-rep
Processing [results/experiments/launch-cost/baseline.sqlite] with [/opt/nvidia/nsight-systems/2025.3.2/host-linux-x64/reports/nvtx_sum.py]... 

 ** NVTX Range Summary (nvtx_sum):

 Time (%)  Total Time (ns)  Instances    Avg (ns)      Med (ns)     Min (ns)    Max (ns)    StdDev (ns)    Style                                                   Range                                                
 --------  ---------------  ---------  ------------  ------------  ----------  -----------  ------------  --------  ----------------------------------------------------------------------------------------------------
     34.8      83205857755        360   231127382.7    26400469.5     1172825  54898093561  2892712109.5  StartEnd  ClimaCoupler.Interfacer:step!(sim::AbstractComponentSimulation, t::ITime) /home/pbachant/calkit/cli…
     22.6      53986427737        360   149962299.3     2914293.5       85000  52860181121  2785812481.4  StartEnd  ClimaDiagnostics:orchestrate_diagnostics(integrator, diagnostic_handler::DiagnosticsHandler) /home/…
     10.5      25157475242        360    69881875.7    23128823.0     1168215    661013909    92120487.6  StartEnd  ClimaTimeSteppers:step_u!(integrator) /home/pbachant/.julia/packages/ClimaTimeSteppers/ZxgOv/src/in…
      6.1      14642641177         74   197873529.4   137320606.5   101218136   1583446065   246560880.0  StartEnd  ClimaDiagnostics.Writers:interpolate_field!(writer::NetCDFWriter, field, diagnostic, u, p, t) /home…
      4.2      10118034036        360    28105650.1    24232808.0     7372420    132469381    20220849.5  StartEnd  ClimaTimeSteppers:solve_newton!(alg::NewtonsMethod, cache, x, f!, j! = nothing, prepare_for_f! = no…
      2.6       6307911788         74    85242051.2    58831525.0    35148070   1556292724   176840993.0  StartEnd  ClimaDiagnostics.Writers:write_field!(writer::NetCDFWriter, field, diagnostic, u, p, t) /home/pbach…
      2.4       5715269075        720     7937873.7     5624203.0     3056387    442417893    23548626.7  StartEnd  ClimaAtmos:set_implicit_precomputed_quantities!(Y, p, t) /home/pbachant/calkit/clima-gpu-profiling/…
      1.6       3782775988        240    15761566.6    13142522.5    10311039     80851877     9464749.9  StartEnd  ClimaAtmos:remaining_tendency!(Yₜ, Yₜ_lim, Y, p, t) /home/pbachant/calkit/clima-gpu-profiling/Clima…
      1.5       3680628608          2  1840314304.0  1840314304.0  1833549916   1847078692     9566289.3  StartEnd  ClimaAtmos:ogw_model_callback!(integrator) /home/pbachant/calkit/clima-gpu-profiling/ClimaAtmos.jl/…
      1.3       3125038324        600     5208397.2      829706.5      374259     91664774     8265426.3  StartEnd  ClimaCore.MatrixFields:field_matrix_solve!(solver::FieldMatrixSolver, x::Fields.FieldVector, A::Fie…
      1.3       2991516740        240    12464653.1    10644147.5     6261815     69392383    10064619.2  StartEnd  ClimaAtmos:implicit_tendency!(Yₜ, Y, p, t) /home/pbachant/calkit/clima-gpu-profiling/ClimaAtmos.jl/…
      1.2       2794042336        240    11641843.1     9462442.0     5509848     91669544     9430279.3  StartEnd  ClimaAtmos:LinearAlgebra.ldiv!(ΔY::Fields.FieldVector, jacobian::Jacobian, R::Fields.FieldVector) /…
      1.0       2290247938        240     9542699.7     7816338.5     4554222    115034271    10211605.8  StartEnd  ClimaAtmos:update_jacobian!(jacobian, Y, p, dtγ, t) /home/pbachant/calkit/clima-gpu-profiling/Clima…
      0.9       2145273095       8040      266825.0      171944.0       22550     80580498     1478448.2  StartEnd  ClimaCore.MatrixFields:Base.Broadcast.materialize!(dest::FieldNameDict, vector_or_matrix::FieldName…
      0.9       2132688273       8040      265259.7      170589.0       21760     80565658     1478226.2  StartEnd  ClimaCore.MatrixFields:copyto_foreach!(dest::FieldNameDict, vector_or_matrix::FieldNameDict) /home/…
      0.8       2027739631        240     8448915.1     6782963.0     5733437     42792030     5387856.2  StartEnd  ClimaAtmos:hyperdiffusion_tendency!(Yₜ, Yₜ_lim, Y, p, t) /home/pbachant/calkit/clima-gpu-profiling/…
      0.7       1627984967        840     1938077.3      906436.0      254709     25588308     2757029.7  StartEnd  ClimaAtmos:dss!(Y, p, t) /home/pbachant/calkit/clima-gpu-profiling/ClimaAtmos.jl/src/prognostic_equ…
      0.5       1300486704        480     2709347.3     1982792.0     1091565     82958408     5379755.8  StartEnd  ClimaCore.MatrixFields:lazy_mul(A₂₂′::LazySchurComplement, x₂) /home/pbachant/calkit/clima-gpu-prof…
      0.5       1276830735        120    10640256.1     8498391.0     4940340     44027024     7612164.4  StartEnd  ClimaAtmos:set_explicit_precomputed_quantities!(Y, p, t) /home/pbachant/calkit/clima-gpu-profiling/…
      0.4        998848948        120     8323741.2     6805978.0     4560592     52438600     6566716.0  StartEnd  ClimaLand:exp_tendency!(dY, Y, p, t) /home/pbachant/.julia/packages/ClimaLand/SbcNB/src/ClimaLand.j…
      0.4        953973869        240     3974891.1     3243572.0     1970422     54531392     5547104.4  StartEnd  ClimaAtmos:additional_tendency!(Yₜ, Y, p, t) /home/pbachant/calkit/clima-gpu-profiling/ClimaAtmos.j…
      0.2        549737120        720      763523.8      597722.5      325618     30794837     2113663.5  StartEnd  ClimaAtmos:set_prognostic_edmf_precomputed_quantities_environment!(Y, p, ᶠuₕ³, t) /home/pbachant/ca…
      0.2        493139868        360     1369833.0      808907.0      452819     45874017     4307848.3  StartEnd  ClimaLand:update_implicit_cache!(p, Y, t) /home/pbachant/.julia/packages/ClimaLand/SbcNB/src/integr…
      0.2        476710064        720      662097.3      480973.0      268259     27909409     2073675.0  StartEnd  ClimaAtmos:set_prognostic_edmf_precomputed_quantities_draft!(Y, p, ᶠuₕ³, t) /home/pbachant/calkit/c…
      0.2        437813681        360     1216149.1      868911.5      498298     48856585     3463739.7  StartEnd  ClimaLand:compute_imp_tendency!(dY, Y, p, t) /home/pbachant/.julia/packages/ClimaLand/SbcNB/src/Cli…
      0.2        409377176        120     3411476.5     2706644.0     1636454     47204361     4709978.4  StartEnd  ClimaLand:update_aux!(p, Y, t) /home/pbachant/.julia/packages/ClimaLand/SbcNB/src/integrated/land.j…
      0.2        400807399        120     3340061.7     2953953.5     2218591     14963980     1820628.5  StartEnd  ClimaLand:update_boundary_fluxes!(p, Y, t) /home/pbachant/.julia/packages/ClimaLand/SbcNB/src/integ…
      0.1        322451403        240     1343547.5     1045571.0      627087     32471210     3074371.2  StartEnd  ClimaAtmos:viscous_sponge_tendency!(Yₜ, Y, p) /home/pbachant/calkit/clima-gpu-profiling/ClimaAtmos.…
      0.1        320261680        240     1334423.7     1204830.0      735327     14521092     1623171.2  StartEnd  ClimaAtmos:apply_hyperdiffusion_tendency!(Yₜ, Y, p, t) /home/pbachant/calkit/clima-gpu-profiling/Cl…
      0.1        294552801        240     1227303.3      779612.0      488209     36192575     3570467.1  StartEnd  ClimaAtmos:prep_hyperdiffusion_tendency!(Yₜ, Y, p, t) /home/pbachant/calkit/clima-gpu-profiling/Cli…
      0.1        286912595        240     1195469.1     1050771.0      628848     39943640     2641994.4  StartEnd  ClimaAtmos:explicit_vertical_advection_tendency!(Yₜ, Y, p, t) /home/pbachant/calkit/clima-gpu-profi…
      0.1        273838458        240     1140993.6     1121940.5      649487     17470880     1318655.1  StartEnd  ClimaAtmos:horizontal_tracer_advection_tendency!(Yₜ, Y, p, t) /home/pbachant/calkit/clima-gpu-profi…
      0.1        262645533       9240       28424.8       24255.0       12320     13188598      198298.0  StartEnd  ClimaCoupler.Interfacer:remap!(target_field::CC.Fields.Field, source_field::CC.Fields.Field) /home/…
      0.1        261817553        360      727271.0      706177.0      385378     12518940      888790.7  StartEnd  ClimaLand:compute_jacobian!(jacobian, Y, p, dtγ, t) /home/pbachant/.julia/packages/ClimaLand/SbcNB/…
      0.1        207825227        240      865938.4      728517.5      337899     14260923      978408.5  StartEnd  ClimaCoupler.FluxCalculator:compute_surface_fluxes!(csf, sim::Interfacer.AbstractSurfaceSimulation,…
      0.1        198436874        480      413410.2      325853.5      160849     24502613     1489203.1  StartEnd  ClimaCore.MatrixFields:apply_preconditioner(P_alg, P_cache, P, lazy_b) /home/pbachant/calkit/clima-…
      0.1        187028690        120     1558572.4      794472.0      446548     44543992     4365387.7  StartEnd  ClimaLand.Soil:update_aux!(p, Y, t) /home/pbachant/.julia/packages/ClimaLand/SbcNB/src/standalone/S…
      0.1        186402625        360      517785.1      445373.0      247449     13595016     1098223.0  StartEnd  ClimaLand.Soil:compute_imp_tendency!(dY, Y, p, t) /home/pbachant/.julia/packages/ClimaLand/SbcNB/sr…
      0.1        178475369        240      743647.4      679222.5      418458     14008804     1183130.6  StartEnd  ClimaAtmos:apply_tracer_hyperdiffusion_tendency!(Yₜ, Y, p, t) /home/pbachant/calkit/clima-gpu-profi…
      0.1        177359836        240      738999.3      759622.0      451728     12215772      761531.3  StartEnd  ClimaAtmos:horizontal_dynamics_tendency!(Yₜ, Y, p, t) /home/pbachant/calkit/clima-gpu-profiling/Cli…
      0.1        150256850        120     1252140.4      690082.5      409788     24924251     3017614.9  StartEnd  ClimaAtmos:set_sgs_moments_and_cloud_fraction!(Y, p) /home/pbachant/calkit/clima-gpu-profiling/Clim…
      0.1        149320617        360      414779.5      243674.0      134520     44476093     2569219.7  StartEnd  ClimaLand:implicit_radiant_energy_fluxes!(p, land::LandModel{FT}, canopy_radiation::Canopy.Abstract…
      0.1        140345436        120     1169545.3     1104585.5      766317      9427893      828087.9  StartEnd  ClimaLand.Soil:update_boundary_fluxes!(p, Y, t) /home/pbachant/.julia/packages/ClimaLand/SbcNB/src/…
      0.1        138815235        120     1156793.6     1014876.0      608238     14365273     1579299.9  StartEnd  ClimaAtmos:constrain_state!(Y, p, t) /home/pbachant/calkit/clima-gpu-profiling/ClimaAtmos.jl/src/pr…
      0.1        133903787        120     1115864.9      605952.5      401468     31036516     3626120.7  StartEnd  ClimaLand.Soil:compute_exp_tendency!(dY, Y, p, t) /home/pbachant/.julia/packages/ClimaLand/SbcNB/sr…
      0.1        133738492        120     1114487.4     1050090.5      727897      9349683      820854.3  StartEnd  ClimaLand:soil_boundary_fluxes!(bc::AtmosDrivenFluxBC, prognostic_land_components::Union{Val{(:cano…
      0.1        128311384        360      356420.5      310484.0      177199     12065652      864229.6  StartEnd  ClimaLand.Soil.Biogeochemistry:compute_jacobian!(jacobian::MatrixFields.FieldMatrixWithSolver, Y, p…
      0.1        124704300        360      346400.8      216594.0      123129     37563830     2088704.2  StartEnd  ClimaLand.Soil.Biogeochemistry:compute_imp_tendency!(dY, Y, p, t) /home/pbachant/.julia/packages/Cl…
      0.0        112129094        120      934409.1      727472.0      580247     12134032     1057321.0  StartEnd  ClimaLand.Canopy:update_aux!(p, Y, t) /home/pbachant/.julia/packages/ClimaLand/SbcNB/src/standalone…
      0.0        108824741        240      453436.4      394108.0      224460     11631033      987352.5  StartEnd  ClimaAtmos:prep_tracer_hyperdiffusion_tendency!(Yₜ, Y, p, t) /home/pbachant/calkit/clima-gpu-profil…
      0.0        104111776        360      289199.4      145860.0       83929     47841149     2514070.5  StartEnd  ClimaLand.Canopy:compute_imp_tendency!(dY, Y, p, t) /home/pbachant/.julia/packages/ClimaLand/SbcNB/…
      0.0        101895773        120      849131.4      912471.0      550677      1473474      184966.3  StartEnd  ClimaAtmos:set_prognostic_edmf_precomputed_quantities_explicit_closures!(Y, p, t) /home/pbachant/ca…
      0.0         98542267        360      273728.5      170089.0       99210     40423739     2122667.0  StartEnd  ClimaLand.Soil.Biogeochemistry:update_boundary_fluxes!(p, Y, t) /home/pbachant/.julia/packages/Clim…
      0.0         94238312        360      261773.1      281384.0      153070       503288       77628.0  StartEnd  ClimaLand.Soil:compute_jacobian!(jacobian::MatrixFields.FieldMatrixWithSolver, Y, p, dtγ, t) /home/…
      0.0         82235311          6    13705885.2     8626860.5     7302121     29009214     9099304.1  StartEnd  ClimaAtmos:rrtmgp_solver_callback!(integrator) /home/pbachant/calkit/clima-gpu-profiling/ClimaAtmos…
      0.0         79694419        120      664120.2      498263.0      417379      9939201      868351.8  StartEnd  ClimaLand:lsm_radiant_energy_fluxes!(p, land::LandModel{FT}, canopy_radiation::Canopy.AbstractRadia…
      0.0         73287947        120      610732.9      531268.0      327219     13706395     1211406.3  StartEnd  ClimaAtmos:set_face_diffusivities!(Y, p) /home/pbachant/calkit/clima-gpu-profiling/ClimaAtmos.jl/sr…
      0.0         71560765        240      298169.9      266104.0      152780     13391207      850447.2  StartEnd  ClimaAtmos:correct_implicit_advection_tendency!(Yₜ, Y, p, t) /home/pbachant/calkit/clima-gpu-profil…
      0.0         69160976        360      192113.8      109944.5       59520     31474504     1653622.6  StartEnd  ClimaLand.Soil:update_imp_aux!(p, Y, t) /home/pbachant/.julia/packages/ClimaLand/SbcNB/src/standalo…
      0.0         67295193        120      560793.3      537228.0      400818       945097      142884.5  StartEnd  ClimaLand.Snow:update_boundary_fluxes!(p, Y, t) /home/pbachant/.julia/packages/ClimaLand/SbcNB/src/…
      0.0         59440727        240      247669.7      271154.0      156740       448748       58907.9  StartEnd  ClimaCore.MatrixFields:lazy_or_concrete_preconditioner(P_alg, P_cache, A) /home/pbachant/calkit/cli…
      0.0         57366630        240      239027.6      245479.0      125599      1818323      119119.7  StartEnd  ClimaAtmos:set_cloud_fraction!(Y, p, ::MoistMicrophysics, ::QuadratureCloud) /home/pbachant/calkit/…
      0.0         51075179        120      425626.5      182579.0      117350     30420009     2761626.9  StartEnd  ClimaLand.Soil:ClimaLand.source!(dY::ClimaCore.Fields.FieldVector, src::PhaseChange, Y::ClimaCore.F…
      0.0         48389573        120      403246.4      396738.5      273259      1376885      151736.9  StartEnd  ClimaLand.Snow:update_aux!(p, Y, t) /home/pbachant/.julia/packages/ClimaLand/SbcNB/src/standalone/S…
      0.0         47988116        120      399901.0      261779.0      215670     11513154     1026189.3  StartEnd  ClimaLand.Soil.Biogeochemistry:update_aux!(p, Y, t) /home/pbachant/.julia/packages/ClimaLand/SbcNB/…
      0.0         43388460        120      361570.5      263453.5      185960     11398425     1018648.9  StartEnd  ClimaLand.Canopy:canopy_boundary_fluxes!(p::NamedTuple, canopy::CanopyModel, Y::ClimaCore.Fields.Fi…
      0.0         33046449        120      275387.1      252989.0      197289       486808       71862.6  StartEnd  ClimaLand:snow_boundary_fluxes!(bc::Snow.AtmosDrivenSnowBC, prognostic_land_components::Union{Val{(…
      0.0         32771823        360       91032.8       92439.5       47440       221859       29916.4  StartEnd  ClimaLand.Canopy:compute_jacobian!(W, Y, p, dtγ, t) /home/pbachant/.julia/packages/ClimaLand/SbcNB/…
      0.0         31479408        120      262328.4      280314.0      166269       644748       70132.8  StartEnd  ClimaAtmos:set_buoyancy_gradient_inputs!(Y, p, thermo_params) /home/pbachant/calkit/clima-gpu-profi…
      0.0         26300073        120      219167.3      183584.0      142579       785126       88064.8  StartEnd  ClimaLand:ClimaLand.source!(dY::ClimaCore.Fields.FieldVector, src::RootExtraction, Y::ClimaCore.Fie…
      0.0         21571766        120      179764.7      175015.0      117729       443948       60781.9  StartEnd  ClimaLand.Canopy:compute_exp_tendency!(dY, Y, p, t) /home/pbachant/.julia/packages/ClimaLand/SbcNB/…
      0.0         20717424        120      172645.2      165019.5      123219       245769       41348.0  StartEnd  ClimaLand:update_soil_snow_ground_heat_flux!(p, Y, soil_params, snow_params, soil_domain, FT) /home…
      0.0         19480394        120      162336.6      169624.0      106509       323929       49550.1  StartEnd  ClimaLand.Soil.Biogeochemistry:compute_exp_tendency!(dY, Y, p, t) /home/pbachant/.julia/packages/Cl…
      0.0         18595043        120      154958.7      130014.5      105319       507548       56503.4  StartEnd  ClimaLand:update_piecewise_soil_moisture_stress!(ground::PrognosticGroundConditions, p, Y, model, c…
      0.0         13779678        120      114830.6       98995.0       81370       287879       33897.7  StartEnd  ClimaLand:update_root_extraction!(p, Y, t, land) /home/pbachant/.julia/packages/ClimaLand/SbcNB/src…
      0.0         13124887        120      109374.1      114749.0       72870       265308       34936.6  StartEnd  ClimaLand.Soil.Biogeochemistry:ClimaLand.source!(dY::ClimaCore.Fields.FieldVector, src::MicrobeProd…
      0.0         11039537        120       91996.1       96034.5       64240       167579       25515.3  StartEnd  ClimaLand:ClimaLand.source!(dY::ClimaCore.Fields.FieldVector, src::PartialAreaSoilSublimation{FT}, …
      0.0          9045583        120       75379.9       76180.0       50770       212859       24137.0  StartEnd  ClimaLand.Snow:compute_exp_tendency!(dY, Y, p, t) /home/pbachant/.julia/packages/ClimaLand/SbcNB/sr…
      0.0          4687920          2     2343960.0     2343960.0     1893342      2794578      637270.1  StartEnd  ClimaAtmos:nogw_model_callback!(integrator) /home/pbachant/calkit/clima-gpu-profiling/ClimaAtmos.jl…
      0.0           432149        120        3601.2        3765.0        2030        10260        1487.7  StartEnd  ClimaLand:Soil.compute_infiltration_energy_flux(p, runoff, atmos, prognostic_land_components::Val{(…
      0.0           390948        240        1629.0        1565.0         860         8960         727.0  StartEnd  ClimaCoupler.Interfacer:remap(target_space::CC.Spaces.AbstractSpace, source_field::CC.Fields.Field)…
      0.0           367269          6       61211.5       52525.0       33180       112549       29706.0  StartEnd  ClimaLand:update_drivers!(p, t) /home/pbachant/.julia/packages/ClimaLand/SbcNB/src/shared_utilities…
      0.0           298669        360         829.6         790.0         340        10700         623.2  StartEnd  ClimaAtmos:limiters_func!(Y, p, t, ref_Y) /home/pbachant/calkit/clima-gpu-profiling/ClimaAtmos.jl/s…
      0.0           229310        360         637.0         520.0         220        13730         779.5  StartEnd  ClimaLand.Soil:update_imp_bf!(p, Y, t) /home/pbachant/.julia/packages/ClimaLand/SbcNB/src/standalon…
      0.0           195090        120        1625.8        1460.0         900         3860         632.7  StartEnd  ClimaLand:Soil.compute_liquid_influx(p, model, prognostic_land_components::Val{(:snow, :soil)}) /ho…

Processing [results/experiments/launch-cost/baseline.sqlite] with [/opt/nvidia/nsight-systems/2025.3.2/host-linux-x64/reports/osrt_sum.py]... 

 ** OS Runtime Summary (osrt_sum):

 Time (%)  Total Time (ns)  Num Calls    Avg (ns)      Med (ns)     Min (ns)    Max (ns)    StdDev (ns)            Name         
 --------  ---------------  ---------  ------------  ------------  ----------  -----------  ------------  ----------------------
     40.7     324880537651        236  1376612447.7   933166322.5       41160  55743802163  6223544579.5  pthread_cond_wait     
     23.9     190751697219       1862   102444520.5   100480963.5   100095590    117933809     3354159.7  poll                  
     23.7     189312525020        155  1221371129.2   160773177.0    21407745  97648045516  8947733898.9  sem_wait              
     11.5      92041281236         23  4001794836.3  4000175771.0  4000142632   4009845402     3183267.0  pthread_cond_timedwait
      0.1        835741123        429     1948114.5        3040.0        1020    107015473    12196489.9  epoll_pwait           
      0.1        515133339        478     1077684.8      133794.5        7190     36637194     3573940.8  open64                
      0.0        318921196       6206       51389.2        8600.0        5390      3595515      232163.6  pwrite64              
      0.0        283607438       3376       84006.9       56015.0        2630     14335973      344665.8  ioctl                 
      0.0         34516575         15     2301105.0       98330.0       20990     19577772     5944136.4  pthread_rwlock_wrlock 
      0.0         12156714        422       28807.4       30019.5        2320       116480       22479.2  read                  
      0.0          6787910        259       26208.1       26190.0        1310        51700        6161.1  close                 
      0.0          5625067        149       37752.1       26560.0        3390       252949       48749.9  write                 
      0.0          3894461        521        7475.0        1480.0        1000       176290       20999.8  pthread_cond_signal   
      0.0          2603448         24      108477.0      102184.5       22130       446848       90349.5  open                  
      0.0          2381043         24       99210.1       66340.0       20300       277459       81462.2  fopen                 
      0.0          2259641        290        7791.9        4790.0        2160        97919       12981.5  fread                 
      0.0          1425676         38       37517.8       18960.0        2300       124200       39491.6  mprotect              
      0.0          1367755         12      113979.6      122644.5       25190       221019       67636.3  pthread_rwlock_rdlock 
      0.0          1172875         54       21719.9       17015.0        2720        65279       18004.8  munmap                
      0.0          1122214         74       15165.1       15059.5       10870        23900        2136.8  flock                 
      0.0          1103617         43       25665.5       24850.0        2950        65740       16889.4  fwrite                
      0.0           939719         37       25397.8       20090.0        7600        70710       15920.8  mmap                  
      0.0           733906         24       30579.4       23175.0       14010        59419       14692.9  fclose                
      0.0           492258         16       30766.1       27400.0        2330        64619       29271.4  sigaction             
      0.0           263037          8       32879.6       31324.5       21720        42419        7352.2  waitpid               
      0.0           145670          8       18208.8       17065.0       15550        24210        2845.7  pipe2                 
      0.0           109890         24        4578.8        3655.0        2280         7810        1869.5  epoll_ctl             
      0.0            92879          2       46439.5       46439.5       43839        49040        3677.7  mmap64                
      0.0            25880         12        2156.7        1900.0        1010         4010        1042.1  fcntl                 
      0.0            23670          8        2958.8        2815.0        2310         4110         633.3  dup2                  
      0.0             7100          6        1183.3        1175.0        1000         1420         147.3  fflush                
      0.0             4790          2        2395.0        2395.0        1220         3570        1661.7  pthread_cond_broadcast
      0.0             2260          2        1130.0        1130.0        1010         1250         169.7  signal                
      0.0             1660          1        1660.0        1660.0        1660         1660           0.0  pthread_mutex_lock    

Processing [results/experiments/launch-cost/baseline.sqlite] with [/opt/nvidia/nsight-systems/2025.3.2/host-linux-x64/reports/cuda_api_sum.py]... 

 ** CUDA API Summary (cuda_api_sum):

 Time (%)  Total Time (ns)  Num Calls  Avg (ns)   Med (ns)  Min (ns)   Max (ns)   StdDev (ns)           Name         
 --------  ---------------  ---------  ---------  --------  --------  ----------  -----------  ----------------------
     70.5      16434970753       2266  7252855.6  182979.0      1890  1835949216   92942812.9  cuStreamSynchronize   
     16.3       3799197650     396122     9591.0    6940.0      2720    47196502     213491.3  cuLaunchKernel        
      6.7       1563680368   10113547      154.6     130.0        69    80131660      35320.0  cuCtxGetId            
      3.6        842469645    4267978      197.4     150.0        79    26122165      32984.0  cuStreamGetCaptureInfo
      1.5        341361214       6228    54810.7   11630.0      3170    14745281     291935.5  cuMemAlloc_v2         
      0.5        105631510       5457    19357.1    6350.0      4010      653457      45818.6  cuMemFree_v2          
      0.4         95153064       4234    22473.6    9810.0      2890    44201113     679160.3  cuMemsetD32Async      
      0.3         63695174        316   201567.0   54404.5     18100     2928149     482916.9  cuMemcpyDtoHAsync_v2  
      0.2         47625785        804    59236.1   21070.0      4510      561707      92361.4  cuMemcpyHtoDAsync_v2  
      0.0          3227065          8   403383.1  397218.0    358418      470298      32632.7  cuModuleLoadDataEx    
      0.0          1569315         74    21207.0   19410.0     12410       42050       6529.2  cuMemcpyDtoDAsync_v2  
      0.0           673300          8    84162.5   82425.0     69050      101800      11491.5  cuMemGetInfo_v2       
      0.0           137650          9    15294.4   14400.0     11960       22020       2893.7  cuCtxSynchronize      
      0.0             6640          1     6640.0    6640.0      6640        6640          0.0  cuProfilerStart       
      0.0             1030          1     1030.0    1030.0      1030        1030          0.0  cuProfilerStop        

Processing [results/experiments/launch-cost/baseline.sqlite] with [/opt/nvidia/nsight-systems/2025.3.2/host-linux-x64/reports/cuda_gpu_kern_sum.py]... 

 ** CUDA GPU Kernel Summary (cuda_gpu_kern_sum):

 Time (%)  Total Time (ns)  Instances   Avg (ns)     Med (ns)    Min (ns)   Max (ns)   StdDev (ns)                                                  Name                                                
 --------  ---------------  ---------  -----------  -----------  ---------  ---------  -----------  ----------------------------------------------------------------------------------------------------
     11.9       3517053126        120   29308776.1   29433903.5   27779260   35955917     767214.6  set_microphysics_tendency_cache__FILE_ClimaAtmos_jl_src_cache_microphysics_cache_jl_L1013           
      9.9       2914817633          6  485802938.8  487575699.5  476587967  490273588    5186479.0  rte_lw_2stream_solve_CUDA_(FluxLW<Float32, CuDeviceArray<Float32, (int)2, (int)1>>, FluxLW<Float32,…
      9.5       2782766014          6  463794335.7  463174621.5  460852304  466721775    2301092.5  rte_lw_2stream_solve_CUDA_(FluxLW<Float32, CuDeviceArray<Float32, (int)2, (int)1>>, FluxLW<Float32,…
      8.7       2569332044          6  428222007.3  429500140.0  421797092  431987820    3880761.2  rte_sw_2stream_solve_CUDA_(FluxSW<Float32, CuDeviceArray<Float32, (int)2, (int)1>>, FluxSW<Float32,…
      8.3       2452720422          6  408786737.0  408706324.0  407289873  410158724    1163152.7  rte_sw_2stream_solve_CUDA_(FluxSW<Float32, CuDeviceArray<Float32, (int)2, (int)1>>, FluxSW<Float32,…
      2.9        865114304      25080      34494.2      25152.0       5184     233214      29176.9  copyto_foreach__NVTX                                                                                
      2.7        780301084      13440      58058.1      61247.0      28032      79839      10411.6  run_field_matrix_solver__FILE_ClimaCore_jl_src_MatrixFields_field_matrix_solver_jl_L375             
      1.9        557672059       2880     193636.1     208222.5     151967     278525      36779.0  horizontal_tracer_advection_tendency__NVTX                                                          
      1.7        495277973        120    4127316.4    4170942.5    3740605    5114356     148682.6  set_microphysics_tendency_cache__FILE_ClimaAtmos_jl_src_cache_microphysics_cache_jl_L970            
      1.6        457481490       1680     272310.4     183198.0     116703     693945     172479.8  prep_hyperdiffusion_tendency__NVTX                                                                  
      1.5        455120293       7200      63211.2      16704.0      13120     751065     116592.7  viscous_sponge_tendency__NVTX                                                                       
      1.4        417596759       2880     144998.9     117663.0      17504     681369     152497.4  apply_hyperdiffusion_tendency__NVTX                                                                 
      1.0        300467828       3360      89424.9      65792.0      60096     197982      42073.4  _FILE_ClimaAtmos_jl_src_cache_microphysics_cache_jl_L226                                            
      0.8        224446779       2880      77932.9      81551.0      52128     120447      19486.8  set_prognostic_edmf_precomputed_quantities_environment__NVTX                                        
      0.7        218087614       1440     151449.7     150878.0     148958     169631       2468.6  _FILE_ClimaAtmos_jl_src_prognostic_equations_implicit_manual_sparse_jacobian_jl_L1585               
      0.7        202793059        240     844971.1     844984.5     823865     939960      10048.5  set_cloud_fraction__NVTX                                                                            
      0.7        198474843       5760      34457.4      33792.0      17952      64512      11398.7  set_implicit_precomputed_quantities__NVTX                                                           
      0.6        188036356       3120      60268.1      73311.5      10016     163743      43861.1  explicit_vertical_advection_tendency__NVTX                                                          
      0.6        185296514        360     514712.5     524875.5     390845     652859      58253.2  materialized_mixing_length__FILE_ClimaAtmos_jl_src_parameterized_tendencies_microphysics_cloud_frac…
      0.6        184173561       3360      54813.6      54095.5      49599      71647       3293.7  _FILE_ClimaAtmos_jl_src_cache_microphysics_cache_jl_L225                                            
      0.6        184155419        240     767314.2     822777.5     580922    1163830     179322.2  set_sgs_moments_and_cloud_fraction__NVTX                                                            
      0.6        178185036       4080      43672.8      17711.5       3072     147839      48257.2  dss_untransform__FILE_ClimaCore_jl_src_Topologies_dss_jl_L172                                       
      0.6        177285936       4080      43452.4      21343.0       3200     130047      42620.7  dss_transform__FILE_ClimaCore_jl_src_Topologies_dss_jl_L119                                         
      0.6        175324409      17031      10294.4      10080.0       6752      13312        786.8  set_covariance_cache_and_cloud_fraction__FILE_ClimaAtmos_jl_src_parameterized_tendencies_microphysi…
      0.5        159348092       6000      26558.0      17792.0      13151     145439      27361.7  apply_tracer_hyperdiffusion_tendency__NVTX                                                          
      0.5        158239135        840     188379.9      21888.0      13824     833753     271508.6  set_face_diffusivities__NVTX                                                                        
      0.5        156799282       3600      43555.4      10208.0       8576     155615      53365.6  weighted_dss_internal__FILE_ClimaCore_jl_src_Spaces_dss_jl_L149                                     
      0.5        156663445        960     163191.1     162815.0     159134     197662       4296.5  _FILE_ClimaAtmos_jl_src_prognostic_equations_implicit_manual_sparse_jacobian_jl_L1414               
      0.5        155294307       1200     129411.9     130399.0     119935     163774       5552.6  _FILE_ClimaAtmos_jl_src_prognostic_equations_hyperdiffusion_jl_L430                                 
      0.5        153102302        960     159481.6     158975.0     154942     192446       4199.0  updraft_sedimentation__FILE_ClimaAtmos_jl_src_prognostic_equations_advection_jl_L551                
      0.5        143811067       2160      66579.2      66783.0      64159      80479       1999.3  set_velocity_quantities__FILE_ClimaAtmos_jl_src_cache_precomputed_quantities_jl_L564                
      0.5        138250782        960     144011.2     145662.0     136447     165599       4407.5  edmfx_entr_detr_tendency__FILE_ClimaAtmos_jl_src_prognostic_equations_edmfx_entr_detr_jl_L626       
      0.4        128864095       1680      76704.8      76575.0      75455      92223       1924.9  edmfx_sgs_mass_flux_tendency__FILE_ClimaAtmos_jl_src_prognostic_equations_edmfx_sgs_flux_jl_L90     
      0.4        127190418       3240      39256.3      15008.0       3328     151454      47891.2  _FILE_ClimaCore_jl_src_MatrixFields_field_name_dict_jl_L1067                                        
      0.4        121462814        960     126523.8     126526.5     114303     138079       3666.4  _FILE_ClimaAtmos_jl_src_prognostic_equations_implicit_manual_sparse_jacobian_jl_L956                
      0.4        117085718       1200      97571.4     142095.0      24127     177566      59578.9  horizontal_dynamics_tendency__NVTX                                                                  
      0.4        116871504       1920      60870.6      61535.0      54367      68767       3537.5  _FILE_ClimaAtmos_jl_src_prognostic_equations_implicit_manual_sparse_jacobian_jl_L934                
      0.4        114378962       3000      38126.3       5280.0       2719     221406      68832.9  gpu_broadcast_kernel_linear(CompilerMetadata<DynamicSize, DynamicCheck, void, CartesianIndices<(int…
      0.4        110841530       1440      76973.3      76704.0      75551      93408       1964.0  edmfx_sgs_vertical_advection_tendency__FILE_ClimaAtmos_jl_src_prognostic_equations_advection_jl_L353
      0.4        106695613       1920      55570.6      55424.0      54336      67295       1522.7  implicit_vertical_advection_tendency__FILE_ClimaAtmos_jl_src_prognostic_equations_implicit_implicit…
      0.4        103956330       5640      18432.0      16512.0       2784      62239      15997.4  compute_field__FILE_ClimaDiagnostics_Q9hyU_src_clima_diagnostics_jl_L332                            
      0.3        100600816        960     104792.5     103871.0     100639     128639       3050.5  _FILE_ClimaAtmos_jl_src_prognostic_equations_water_advection_jl_L159                                
      0.3        100459644        960     104645.5     104447.0     102111     120831       2037.6  _FILE_ClimaAtmos_jl_src_prognostic_equations_water_advection_jl_L141                                
      0.3        100369615       3360      29871.9      29920.0      28543      32096        513.0  _FILE_ClimaAtmos_jl_src_cache_microphysics_cache_jl_L244                                            
      0.3         97729803       5040      19390.8      17568.0      12320      31136       4540.4  set_prognostic_edmf_precomputed_quantities_draft__NVTX                                              
      0.3         97477743        240     406157.3     403933.0     398108     505180      13034.5  _FILE_ClimaCore_jl_src_Operators_spectralelement_jl_L274                                            
      0.3         96422980       1440      66960.4      66943.0      64608      81792       1905.7  update_sgs_advection_jacobian__FILE_ClimaAtmos_jl_src_prognostic_equations_implicit_manual_sparse_j…
      0.3         95894009        600     159823.3     168703.0     118079     197534      19971.4  turbulent_fluxes__FILE_ClimaLand_SbcNB_src_shared_utilities_drivers_jl_L427                         
      0.3         88624724       1200      73853.9      73791.0      71455      85951       1652.4  updraft_sedimentation__FILE_ClimaAtmos_jl_src_prognostic_equations_advection_jl_L545                
      0.3         88027738       5520      15947.1       4288.0       3168     256254      47750.7  gpu_broadcast_kernel_linear(CompilerMetadata<DynamicSize, DynamicCheck, void, CartesianIndices<(int…
      0.3         87345019       4320      20218.8      20320.0      16064      27295       1440.2  set_precipitation_surface_fluxes__FILE_ClimaAtmos_jl_src_cache_microphysics_cache_jl_L1321          
      0.3         86968474       1440      60394.8      59743.0      57439      75455       2338.1  _FILE_ClimaAtmos_jl_src_prognostic_equations_surface_flux_jl_L134                                   
      0.3         86800727       1200      72333.9      72256.0      68832      88703       2519.4  _FILE_ClimaAtmos_jl_src_prognostic_equations_surface_flux_jl_L142                                   
      0.3         82983592       2406      34490.3      11904.0       8479     149343      33809.7  column_integral_definite__FILE_ClimaCore_jl_src_Operators_integrals_jl_L22                          
      0.3         82522035        960      85960.5      85407.0      81823     107935       2848.9  _FILE_ClimaAtmos_jl_src_prognostic_equations_implicit_manual_sparse_jacobian_jl_L1827               
      0.3         80984481       1200      67487.1      70495.0      50816      92319       8704.0  _h_eff_plus____FILE_ClimaAtmos_jl_src_prognostic_equations_eddy_diffusion_closures_jl_L890          
      0.3         80187427        960      83528.6      83359.0      79711      99264       2115.7  implicit_vertical_advection_tendency__FILE_ClimaAtmos_jl_src_prognostic_equations_implicit_implicit…
      0.3         79346362      12602       6296.3       3296.0       2528     188606      17170.0  copy_FILE_ClimaCore_jl_src_Fields_broadcast_jl_L92                                                  
      0.3         79258116       1200      66048.4      65471.0      62944      81311       2390.6  _FILE_ClimaAtmos_jl_src_prognostic_equations_edmfx_sgs_flux_jl_L395                                 
      0.3         78738088       2400      32807.5      34304.0      19199      52128       7442.7  additional_tendency__NVTX                                                                           
      0.3         78201765        960      81460.2      81439.0      79359      87263        823.3  _FILE_ClimaAtmos_jl_src_prognostic_equations_water_advection_jl_L82                                 
      0.3         77373991        960      80597.9      79967.0      69856     103103       5135.4  edmfx_sgs_mass_flux_tendency__FILE_ClimaAtmos_jl_src_prognostic_equations_edmfx_sgs_flux_jl_L160    
      0.3         75315651       4200      17932.3       3616.0       2400     181246      42223.7  gpu_broadcast_kernel_linear(CompilerMetadata<DynamicSize, DynamicCheck, void, CartesianIndices<(int…
      0.2         73392568       2160      33978.0       6368.0       3008     300669      74727.0  gpu_broadcast_kernel_linear(CompilerMetadata<DynamicSize, DynamicCheck, void, CartesianIndices<(int…
      0.2         72972882        960      76013.4      75903.0      74400      83200        908.0  _FILE_ClimaAtmos_jl_src_prognostic_equations_water_advection_jl_L138                                
      0.2         71962374       5520      13036.7       3520.0       2816     209214      37641.9  gpu_broadcast_kernel_linear(CompilerMetadata<DynamicSize, DynamicCheck, void, CartesianIndices<(int…
      0.2         68624392        960      71483.7      71423.0      67520      89343       2714.5  _FILE_ClimaAtmos_jl_src_prognostic_equations_advection_jl_L253                                      
      0.2         68029442        960      70864.0      70767.5      69375      75551        757.9  _FILE_ClimaAtmos_jl_src_prognostic_equations_water_advection_jl_L155                                
      0.2         67870934        240     282795.6     281805.5     280958     342205       7624.8  edmfx_sgs_diffusive_flux_tendency__FILE_ClimaAtmos_jl_src_prognostic_equations_edmfx_sgs_flux_jl_L4…
      0.2         67572121        480     140775.3     138655.0      31584     262494     107400.9  gpu_broadcast_kernel_linear(CompilerMetadata<DynamicSize, DynamicCheck, void, CartesianIndices<(int…
      0.2         67500757       4684      14410.9      14431.0      11552      16032        269.9  postprocess_and_accumulate__FILE_ClimaAtmos_jl_src_parameterized_tendencies_gravity_wave_drag_non_o…
      0.2         67476552       3360      20082.3       8608.0       8480      66272      19825.9  _FILE_ClimaAtmos_jl_src_cache_microphysics_cache_jl_L238                                            
      0.2         67265305        960      70068.0      69983.0      68767      77311        866.9  _FILE_ClimaAtmos_jl_src_prognostic_equations_water_advection_jl_L84                                 
      0.2         66830824        960      69615.4      69503.5      68671      75647        795.7  _FILE_ClimaAtmos_jl_src_prognostic_equations_water_advection_jl_L72                                 
      0.2         63200082       3360      18809.5      18816.0      18016      20736        308.4  _FILE_ClimaAtmos_jl_src_cache_microphysics_cache_jl_L258                                            
      0.2         62798170        960      65414.8      65295.5      63808      68736        730.9  _FILE_ClimaAtmos_jl_src_prognostic_equations_water_advection_jl_L136                                
      0.2         62579264       6480       9657.3       7840.0       6752      25503       3434.8  compute_jacobian__NVTX                                                                              
      0.2         59429439       3360      17687.3      17600.0      16832      21344        485.6  _FILE_ClimaAtmos_jl_src_cache_microphysics_cache_jl_L239                                            
      0.2         59132205        960      61596.0      61375.0      60575      75583       1753.0  _FILE_ClimaAtmos_jl_src_prognostic_equations_implicit_manual_sparse_jacobian_jl_L1426               
      0.2         59079948       3360      17583.3      17440.0      16703      20672        500.5  _FILE_ClimaAtmos_jl_src_cache_microphysics_cache_jl_L237                                            
      0.2         58657459        960      61101.5      60895.0      59967      75488       1799.0  run_field_matrix_solver__FILE_ClimaCore_jl_src_MatrixFields_field_matrix_solver_jl_L532             
      0.2         57766943        960      60173.9      60768.0      54655      65759       2719.5  _FILE_ClimaAtmos_jl_src_prognostic_equations_implicit_manual_sparse_jacobian_jl_L927                
      0.2         57522155       3360      17119.7      17056.0      16415      20416        416.0  _FILE_ClimaAtmos_jl_src_cache_microphysics_cache_jl_L256                                            
      0.2         55706274       3360      16579.2      16544.0      15808      20000        426.2  _FILE_ClimaAtmos_jl_src_cache_microphysics_cache_jl_L240                                            
      0.2         54713813       1440      37995.7      37439.5      36064      44543       1840.5  update_sgs_diffusion_jacobian__FILE_ClimaAtmos_jl_src_prognostic_equations_implicit_manual_sparse_j…
      0.2         54472383        960      56742.1      51647.5      15712     142015      39610.5  set_prognostic_edmf_precomputed_quantities_explicit_closures__NVTX                                  
      0.2         54034057       5040      10721.0       3296.0       2719      39264      12080.8  compute_imp_tendency__NVTX                                                                          
      0.2         53579708        960      55812.2      55648.0      54720      68767       1621.5  _FILE_ClimaAtmos_jl_src_prognostic_equations_implicit_manual_sparse_jacobian_jl_L1432               
      0.2         52954237       2160      24515.9      24128.0      23392      31456       1045.0  set_velocity_quantities__FILE_ClimaAtmos_jl_src_cache_precomputed_quantities_jl_L562                
      0.2         52783760       4086      12918.2      12992.0       9312      16192        891.9  non_orographic_gravity_wave_compute_tendency__FILE_ClimaAtmos_jl_src_parameterized_tendencies_gravi…
      0.2         52519848        240     218832.7     218094.0      48799     396956     167734.7  gpu_broadcast_kernel_linear(CompilerMetadata<DynamicSize, DynamicCheck, void, CartesianIndices<(int…
      0.2         50778806        240     211578.4     210782.0     209630     260766       6272.1  solve_sgs_u__implicit_stage_analytic__FILE_ClimaAtmos_jl_src_prognostic_equations_implicit_initiali…
      0.2         50701607       1200      42251.3      42592.0      37535      48447       2377.4  update_diffusion_jacobian__FILE_ClimaAtmos_jl_src_prognostic_equations_implicit_manual_sparse_jacob…
      0.2         49231594       1200      41026.3      40000.0      37471      47360       1925.5  update_sgs_massflux_jacobian__FILE_ClimaAtmos_jl_src_prognostic_equations_implicit_manual_sparse_ja…
      0.2         47737195        480      99452.5     106687.0      89951     131647       8742.1  correct_implicit_advection_tendency__NVTX                                                           
      0.2         46962870        960      48919.7      49280.0      44384      56064       2756.4  update_sgs_massflux_jacobian__FILE_ClimaAtmos_jl_src_prognostic_equations_implicit_manual_sparse_ja…
      0.2         46160997       2160      21370.8      21312.0      20288      24512        542.2  set_velocity_quantities__FILE_ClimaAtmos_jl_src_cache_precomputed_quantities_jl_L563                
      0.2         44267971        240     184449.9     179150.5      37952     330238     141835.7  gpu_broadcast_kernel_linear(CompilerMetadata<DynamicSize, DynamicCheck, void, CartesianIndices<(int…
      0.1         42994446        240     179143.5     178526.5     175422     214430       4489.7  edmfx_entr_detr_tke_source__FILE_ClimaAtmos_jl_src_prognostic_equations_edmfx_tke_jl_L173           
      0.1         42616437        240     177568.5     176862.0     176446     219358       5329.0  solve_sgs__a_implicit_stage_analytic__FILE_ClimaAtmos_jl_src_prognostic_equations_implicit_initiali…
      0.1         42157702       1200      35131.4      35200.0      32160      43552       1578.4  edmfx_sgs_mass_flux_tendency__FILE_ClimaAtmos_jl_src_prognostic_equations_edmfx_sgs_flux_jl_L96     
      0.1         41252704        360     114590.8     114655.0     110463     142686       2819.7  compute__T_____FILE_ClimaAtmos_jl_src_parameterized_tendencies_microphysics_cloud_fraction_jl_L167  
      0.1         39992555        720      55545.2      55503.5      53727      59968        828.1  set_covariance_cache__FILE_ClimaAtmos_jl_src_parameterized_tendencies_microphysics_cloud_fraction_j…
      0.1         39634312        840      47183.7      47167.0      46239      49216        421.2  set_precipitation_velocities__FILE_ClimaAtmos_jl_src_cache_microphysics_cache_jl_L262               
      0.1         39168938          4    9792234.5    9798655.0    9660343    9911285     117507.0  non_orographic_gravity_wave_forcing_FILE_ClimaAtmos_jl_src_parameterized_tendencies_gravity_wave_dr…
      0.1         38499648       1680      22916.5      22336.0      17984      32895       3310.5  edmfx_sgs_diffusive_flux_tendency__FILE_ClimaAtmos_jl_src_prognostic_equations_edmfx_sgs_flux_jl_L3…
      0.1         38214439        720      53075.6      52928.0      52447      61919       1126.0  update_diffusion_jacobian__FILE_ClimaAtmos_jl_src_prognostic_equations_implicit_manual_sparse_jacob…
      0.1         37831267       5640       6707.7       4864.0       2496      13344       3903.4  single_field_solve__FILE_ClimaCore_jl_src_MatrixFields_single_field_solver_jl_L41                   
      0.1         36989674       1440      25687.3      24607.0      23712      33343       1996.9  update_sgs_massflux_jacobian__FILE_ClimaAtmos_jl_src_prognostic_equations_implicit_manual_sparse_ja…
      0.1         35334626        240     147227.6     146911.0     144702     164062       2368.7  edmfx_entr_detr_tendency__FILE_ClimaAtmos_jl_src_prognostic_equations_edmfx_entr_detr_jl_L615       
      0.1         34216960        240     142570.7     142350.5     140095     174398       4010.5  solve_sgs__a_implicit_stage_analytic__FILE_ClimaAtmos_jl_src_prognostic_equations_implicit_initiali…
      0.1         32800014        240     136666.7     136351.0     134623     152607       2146.2  edmfx_entr_detr_tendency__FILE_ClimaAtmos_jl_src_prognostic_equations_edmfx_entr_detr_jl_L617       
      0.1         32200465        960      33542.2      33439.5      32959      41344        975.0  updraft_sedimentation__FILE_ClimaAtmos_jl_src_prognostic_equations_advection_jl_L548                
      0.1         31284481       2400      13035.2      12063.5       2496      33184       8648.8  update_aux__NVTX                                                                                    
      0.1         29898720        720      41526.0      44479.5      16064      91231      21666.0  set_buoyancy_gradient_inputs__NVTX                                                                  
      0.1         29829332       1200      24857.8      24768.0      24192      30239        675.7  vertical_advection_of_water_tendency__FILE_ClimaAtmos_jl_src_prognostic_equations_water_advection_j…
      0.1         29745858        240     123941.1     123583.0     122143     151583       3529.7  solve_sgs__a_implicit_stage_analytic__FILE_ClimaAtmos_jl_src_prognostic_equations_implicit_initiali…
      0.1         29472483        360      81868.0      81727.5      79839      88544       1104.9  picard_step__FILE_ClimaAtmos_jl_src_parameterized_tendencies_microphysics_cloud_fraction_jl_L63     
      0.1         29416457        960      30642.1      30560.0      29952      37151        832.2  _FILE_ClimaAtmos_jl_src_prognostic_equations_implicit_manual_sparse_jacobian_jl_L1410               
      0.1         29361640        480      61170.1      60927.0      60672      75679       1834.1  run_field_matrix_solver__FILE_ClimaCore_jl_src_MatrixFields_field_matrix_solver_jl_L377             
      0.1         28342656       3360       8435.3       6080.0       5664      19104       4167.7  _FILE_ClimaAtmos_jl_src_cache_microphysics_cache_jl_L248                                            
      0.1         26064635        960      27150.7      27008.0      26655      33408        824.7  update_advection_jacobian__FILE_ClimaAtmos_jl_src_prognostic_equations_implicit_manual_sparse_jacob…
      0.1         25966954        240     108195.6     107599.0     107007     129727       2792.5  update_advection_jacobian__FILE_ClimaAtmos_jl_src_prognostic_equations_implicit_manual_sparse_jacob…
      0.1         25751461        480      53648.9      53503.5      47232      61888       3690.8  _FILE_ClimaAtmos_jl_src_prognostic_equations_implicit_manual_sparse_jacobian_jl_L778                
      0.1         25589818        720      35541.4      35327.0      34879      43328       1001.1  set_sgs__u___FILE_ClimaAtmos_jl_src_cache_precomputed_quantities_jl_L582                            
      0.1         25379791        960      26437.3      27328.0      22752      34975       3352.5  microphysics_tendency__FILE_ClimaAtmos_jl_src_parameterized_tendencies_microphysics_tendency_jl_L172
      0.1         24306556        480      50638.7      50528.0      48512      55424       1024.6  non_orographic_gravity_wave_apply_tendency__FILE_ClimaAtmos_jl_src_parameterized_tendencies_gravity…
      0.1         24243060        240     101012.8     100783.0      99679     119711       2390.3  solve_sgs__a_implicit_stage_analytic__FILE_ClimaAtmos_jl_src_prognostic_equations_implicit_initiali…
      0.1         24179514        240     100748.0     100575.5      98559     110271       1458.6  edmfx_pressure_drag_tke_source__FILE_ClimaAtmos_jl_src_prognostic_equations_edmfx_tke_jl_L113       
      0.1         23246177       4228       5498.1       5472.0       5215       7136        184.7  set_precipitation_velocities__FILE_ClimaAtmos_jl_src_cache_microphysics_cache_jl_L195               
      0.1         23011322        240      95880.5      95663.0      94720     115359       2504.6  edmfx_sgs_diffusive_flux_tendency__FILE_ClimaAtmos_jl_src_prognostic_equations_edmfx_sgs_flux_jl_L2…
      0.1         22598875        600      37664.8      35376.0      33311      49440       3901.2  enforce_edmf_updraft_constraints__FILE_ClimaAtmos_jl_src_prognostic_equations_mass_flux_closures_jl…
      0.1         21179795        240      88249.1      87903.5      87519     108927       2652.4  implicit_vertical_advection_tendency__FILE_ClimaAtmos_jl_src_prognostic_equations_implicit_implicit…
      0.1         20837712        240      86823.8      88271.0      21087     178207      65669.4  gpu_broadcast_kernel_linear(CompilerMetadata<DynamicSize, DynamicCheck, void, CartesianIndices<(int…
      0.1         20737524        240      86406.4      85952.0      84319     103520       2318.6  update_sgs_massflux_jacobian__FILE_ClimaAtmos_jl_src_prognostic_equations_implicit_manual_sparse_ja…
      0.1         20652400        240      86051.7      85695.5      84223     105919       2550.0  update_sgs_massflux_jacobian__FILE_ClimaAtmos_jl_src_prognostic_equations_implicit_manual_sparse_ja…
      0.1         20399737       1680      12142.7      12640.0       9920      15104       1952.8  set_precipitation_surface_fluxes__FILE_ClimaAtmos_jl_src_cache_microphysics_cache_jl_L1342          
      0.1         20031393        960      20866.0      20511.0      19872      26912        934.1  _FILE_ClimaAtmos_jl_src_prognostic_equations_implicit_manual_sparse_jacobian_jl_L924                
      0.1         19754014        960      20577.1      21408.0      17056      27648       2926.7  microphysics_tendency__FILE_ClimaAtmos_jl_src_parameterized_tendencies_microphysics_tendency_jl_L180
      0.1         19741882       1440      13709.6      13664.0      12960      15680        368.1  edmfx_sgs_mass_flux_tendency__FILE_ClimaAtmos_jl_src_prognostic_equations_edmfx_sgs_flux_jl_L66     
      0.1         19274846        120     160623.7     160238.5     157983     184990       3237.9  update_surf_temp__FILE_ClimaLand_SbcNB_src_standalone_Snow_snow_parameterizations_jl_L1004          
      0.1         18911741        240      78798.9      78783.5      77407      91871       1753.0  edmfx_sgs_diffusive_flux_tendency__FILE_ClimaAtmos_jl_src_prognostic_equations_edmfx_sgs_flux_jl_L3…
      0.1         18647139       1680      11099.5       6048.0       3040      38240       9299.0  source__NVTX                                                                                        
      0.1         18374531        960      19140.1      19824.0      16032      25184       2519.8  microphysics_tendency__FILE_ClimaAtmos_jl_src_parameterized_tendencies_microphysics_tendency_jl_L185
      0.1         17888493        960      18633.8      18496.0      18240      23104        563.5  updraft_sedimentation__FILE_ClimaAtmos_jl_src_prognostic_equations_advection_jl_L547                
      0.1         17799752        240      74165.6      73920.0      73504      87519       1728.3  surface_flux_tendency__FILE_ClimaAtmos_jl_src_prognostic_equations_surface_flux_jl_L113             
      0.1         17497981        240      72908.3      72671.0      71519      82591       1282.3  edmfx_sgs_mass_flux_tendency__FILE_ClimaAtmos_jl_src_prognostic_equations_edmfx_sgs_flux_jl_L82     
      0.1         17148036        480      35725.1      36304.0      32255      43840       2167.6  update_sgs_boundary_condition_jacobian__FILE_ClimaAtmos_jl_src_prognostic_equations_implicit_manual…
      0.1         17019533        480      35457.4      36512.0      31103      43072       3027.1  _FILE_ClimaAtmos_jl_src_prognostic_equations_implicit_manual_sparse_jacobian_jl_L784                
      0.1         16610005        240      69208.4      69023.5      67904      80895       1502.5  edmfx_sgs_mass_flux_tendency__FILE_ClimaAtmos_jl_src_prognostic_equations_edmfx_sgs_flux_jl_L112    
      0.1         16414881        240      68395.3      68287.0      67647      74271        813.0  radiation_tendency__FILE_ClimaAtmos_jl_src_parameterized_tendencies_radiation_radiation_jl_L556     
      0.1         16052084        240      66883.7      66688.0      66208      77504       1374.0  edmfx_sgs_diffusive_flux_tendency__FILE_ClimaAtmos_jl_src_prognostic_equations_edmfx_sgs_flux_jl_L2…
      0.1         15965335       5555       2874.0       2944.0       2400      12736        265.2  _FILE_ClimaDiagnostics_Q9hyU_src_clima_diagnostics_jl_L148                                          
      0.1         15638994        960      16290.6      16240.0      13152      23551       2567.0  enforce_grid_mean_microphysics_constraints__FILE_ClimaAtmos_jl_src_prognostic_equations_mass_flux_c…
      0.1         15109158        240      62954.8      62848.0      62079      74399       1476.5  edmfx_sgs_diffusive_flux_tendency__FILE_ClimaAtmos_jl_src_prognostic_equations_edmfx_sgs_flux_jl_L3…
      0.1         15104829        240      62936.8      62720.0      62015      74111       1467.5  surface_flux_tendency__FILE_ClimaAtmos_jl_src_prognostic_equations_surface_flux_jl_L122             
      0.1         14974758        120     124789.6     124479.0     122463     144927       2740.9  turbulent_fluxes__FILE_ClimaLand_SbcNB_src_standalone_Soil_energy_hydrology_jl_L1197                
      0.0         14703258        240      61263.6      61023.0      60703      74943       1752.5  implicit_vertical_advection_tendency__FILE_ClimaAtmos_jl_src_prognostic_equations_implicit_implicit…
      0.0         14666627        720      20370.3      20704.0      17952      24032       1329.8  _kappa_m_field__FILE_ClimaAtmos_jl_src_prognostic_equations_implicit_manual_sparse_jacobian_jl_L658 
      0.0         14516920        240      60487.2      60415.0      59648      65407        604.0  radiation_tendency__FILE_ClimaAtmos_jl_src_parameterized_tendencies_radiation_radiation_jl_L547     
      0.0         14352032        240      59800.1      59231.5      57760      63616       1160.7  update_diffusion_jacobian__FILE_ClimaAtmos_jl_src_prognostic_equations_implicit_manual_sparse_jacob…
      0.0         14343087        240      59762.9      59552.0      59071      70239       1342.8  implicit_vertical_advection_tendency__FILE_ClimaAtmos_jl_src_prognostic_equations_implicit_implicit…
      0.0         13857450        240      57739.4      57216.0      56704      62368       1049.8  update_diffusion_jacobian__FILE_ClimaAtmos_jl_src_prognostic_equations_implicit_manual_sparse_jacob…
      0.0         13557206        240      56488.4      56383.0      56095      62751        787.8  update_sgs_massflux_jacobian__FILE_ClimaAtmos_jl_src_prognostic_equations_implicit_manual_sparse_ja…
      0.0         13547784        240      56449.1      56239.5      55743      64639       1049.6  update_diffusion_jacobian__FILE_ClimaAtmos_jl_src_prognostic_equations_implicit_manual_sparse_jacob…
      0.0         13531526        360      37587.6      37408.0      36288      40896        661.2  _apply_edmf_cloud_weighting__FILE_ClimaAtmos_jl_src_parameterized_tendencies_microphysics_cloud_fra…
      0.0         13387219        840      15937.2      15375.5      14176      20992       1207.0  set_precipitation_velocities__FILE_ClimaAtmos_jl_src_cache_microphysics_cache_jl_L261               
      0.0         13347857        240      55616.1      55455.0      54879      64831       1180.1  update_sgs_diffusion_jacobian__FILE_ClimaAtmos_jl_src_prognostic_equations_implicit_manual_sparse_j…
      0.0         12800059        240      53333.6      53152.0      52735      63328       1262.5  update_sgs_massflux_jacobian__FILE_ClimaAtmos_jl_src_prognostic_equations_implicit_manual_sparse_ja…
      0.0         12520669        240      52169.5      52032.0      51199      61344       1189.8  surface_flux_tendency__FILE_ClimaAtmos_jl_src_prognostic_equations_surface_flux_jl_L118             
      0.0         12318939       3120       3948.4       3808.0       3135       6176        480.3  lsm_radiant_energy_fluxes__NVTX                                                                     
      0.0         12275151        240      51146.5      51567.0      44512      55680       2331.2  update_sgs_massflux_jacobian__FILE_ClimaAtmos_jl_src_prognostic_equations_implicit_manual_sparse_ja…
      0.0         12133933        480      25279.0      25184.0      24832      30688        669.3  update_diffusion_jacobian__FILE_ClimaAtmos_jl_src_prognostic_equations_implicit_manual_sparse_jacob…
      0.0         11878558        480      24747.0      24976.0      20896      32320       2577.0  edmfx_sgs_diffusive_flux_tendency__FILE_ClimaAtmos_jl_src_prognostic_equations_edmfx_sgs_flux_jl_L3…
      0.0         11757898       4560       2578.5       2432.0       2367       3712        223.6  CoupledSimulation_FILE_ClimaCoupler_jl_src_SimCoordinator_jl_L409                                   
      0.0         11649006        240      48537.5      48576.0      45887      53055       1546.3  update_advection_jacobian__FILE_ClimaAtmos_jl_src_prognostic_equations_implicit_manual_sparse_jacob…
      0.0         11495582        240      47898.3      48335.0      40959      51935       2342.0  update_sgs_massflux_jacobian__FILE_ClimaAtmos_jl_src_prognostic_equations_implicit_manual_sparse_ja…
      0.0         11273661        240      46973.6      46016.0      45440      52192       1673.0  update_advection_jacobian__FILE_ClimaAtmos_jl_src_prognostic_equations_implicit_manual_sparse_jacob…
      0.0         11182146        240      46592.3      46832.0      43327      50047       1544.2  update_advection_jacobian__FILE_ClimaAtmos_jl_src_prognostic_equations_implicit_manual_sparse_jacob…
      0.0         11166247        960      11631.5      12096.0       7200      17023       4235.5  boundary_flux__FILE_ClimaLand_SbcNB_src_standalone_Soil_Biogeochemistry_Biogeochemistry_jl_L952     
      0.0         11152867        240      46470.3      46367.0      45631      54847        843.7  set_microphysics_tendency_cache__FILE_ClimaAtmos_jl_src_cache_microphysics_cache_jl_L991            
      0.0         10999249       2160       5092.2       5152.0       4160       6592        317.7  check_land_equality_FILE_ClimaLand_SbcNB_src_shared_utilities_utils_jl_L59                          
      0.0         10985541        240      45773.1      45695.0      45056      54240        852.0  set_microphysics_tendency_cache__FILE_ClimaAtmos_jl_src_cache_microphysics_cache_jl_L992            
      0.0         10619203        240      44246.7      44064.0      43744      54336       1298.0  update_advection_jacobian__FILE_ClimaAtmos_jl_src_prognostic_equations_implicit_manual_sparse_jacob…
      0.0         10605745        360      29460.4      29695.0      26656      34368       1045.1  _apply_edmf_cloud_weighting__FILE_ClimaAtmos_jl_src_parameterized_tendencies_microphysics_cloud_fra…
      0.0         10235606        240      42648.4      42528.0      41408      52255       1253.5  edmfx_pressure_drag_tke_source__FILE_ClimaAtmos_jl_src_prognostic_equations_edmfx_tke_jl_L110       
      0.0         10034017       2880       3484.0       3392.0       2400       6240        694.0  remap__NVTX                                                                                         
      0.0         10003599        240      41681.7      41519.5      41151      50848       1190.6  update_sedimentation_jacobian__FILE_ClimaAtmos_jl_src_prognostic_equations_implicit_manual_sparse_j…
      0.0          9964144        240      41517.3      41391.5      40544      48959        937.9  update_sgs_massflux_jacobian__FILE_ClimaAtmos_jl_src_prognostic_equations_implicit_manual_sparse_ja…
      0.0          9811223        720      13626.7      13600.0      12992      15104        284.9  edmfx_sgs_mass_flux_tendency__FILE_ClimaAtmos_jl_src_prognostic_equations_edmfx_sgs_flux_jl_L80     
      0.0          9809709        480      20436.9      20352.0      20096      24895        554.0  update_advection_jacobian__FILE_ClimaAtmos_jl_src_prognostic_equations_implicit_manual_sparse_jacob…
      0.0          9770059        240      40708.6      40640.0      40256      42688        289.4  update_sgs_massflux_jacobian__FILE_ClimaAtmos_jl_src_prognostic_equations_implicit_manual_sparse_ja…
      0.0          9578550        240      39910.6      39968.0      37376      50720       1553.2  edmfx_sgs_vertical_advection_tendency__FILE_ClimaAtmos_jl_src_prognostic_equations_advection_jl_L384
      0.0          9578346        240      39909.8      39919.0      38816      49504       1286.5  compute_fractional_absorbances__FILE_ClimaLand_SbcNB_src_standalone_Vegetation_radiation_jl_L501    
      0.0          9349108        480      19477.3      19552.0      18912      23520        582.4  edmfx_sgs_diffusive_flux_tendency__FILE_ClimaAtmos_jl_src_prognostic_equations_edmfx_sgs_flux_jl_L2…
      0.0          9327032        720      12954.2      12896.0      12703      16223        401.2  update_sedimentation_jacobian__FILE_ClimaAtmos_jl_src_prognostic_equations_implicit_manual_sparse_j…
      0.0          9063947        360      25177.6      23999.5      23456      28480       1833.6  set_microphysics_tendency_cache__FILE_ClimaAtmos_jl_src_cache_microphysics_cache_jl_L990            
      0.0          8842204        240      36842.5      35760.0      35039      40864       1790.1  update_advection_jacobian__FILE_ClimaAtmos_jl_src_prognostic_equations_implicit_manual_sparse_jacob…
      0.0          8601767        240      35840.7      34975.5      34111      40735       1452.7  update_advection_jacobian__FILE_ClimaAtmos_jl_src_prognostic_equations_implicit_manual_sparse_jacob…
      0.0          8408964       1440       5839.6       5760.0       5408       7104        268.3  set_velocity_at_surface__FILE_ClimaAtmos_jl_src_cache_precomputed_quantities_jl_L482                
      0.0          7986368        720      11092.2      11072.0      10624      13952        352.7  source__FILE_ClimaLand_SbcNB_src_standalone_Soil_Runoff_Runoff_jl_L355                              
      0.0          7968966        480      16602.0      17296.0      13056      22592       3123.5  enforce_grid_mean_microphysics_constraints__FILE_ClimaAtmos_jl_src_prognostic_equations_mass_flux_c…
      0.0          7962104        720      11058.5      10944.0      10400      13600        431.3  __p__q_tot_field__FILE_ClimaAtmos_jl_src_prognostic_equations_implicit_manual_sparse_jacobian_jl_L6…
      0.0          7848125        240      32700.5      32575.0      32127      39712        903.6  update_advection_jacobian__FILE_ClimaAtmos_jl_src_prognostic_equations_implicit_manual_sparse_jacob…
      0.0          7838907        240      32662.1      32576.0      32255      37728        644.0  solve_sgs_u__implicit_stage_analytic__FILE_ClimaAtmos_jl_src_prognostic_equations_implicit_initiali…
      0.0          7748932       1680       4612.5       4192.0       3168       7392       1314.9  gpu_broadcast_kernel_linear(CompilerMetadata<DynamicSize, DynamicCheck, void, CartesianIndices<(int…
      0.0          7698308       1440       5346.0       5312.0       4736       6720        265.2  set_velocity_at_surface__FILE_ClimaAtmos_jl_src_cache_precomputed_quantities_jl_L486                
      0.0          7611018        240      31712.6      31584.0      31232      39007        930.5  update_diffusion_jacobian__FILE_ClimaAtmos_jl_src_prognostic_equations_implicit_manual_sparse_jacob…
      0.0          7568903        240      31537.1      31456.0      31199      35712        551.7  edmfx_sgs_vertical_advection_tendency__FILE_ClimaAtmos_jl_src_prognostic_equations_advection_jl_L342
      0.0          7456354         90      82848.4      82751.5      75584      92319       3513.0  update_aerosol_concentrations__FILE_ClimaAtmos_jl_src_parameterized_tendencies_radiation_update_inp…
      0.0          7069222        240      29455.1      29344.0      29088      35552        765.1  solve_sgs_u__implicit_stage_analytic__FILE_ClimaAtmos_jl_src_prognostic_equations_implicit_initiali…
      0.0          6970557        240      29044.0      28927.5      28448      36064        819.1  edmfx_tke_sources__FILE_ClimaAtmos_jl_src_prognostic_equations_edmfx_tke_jl_L75                     
      0.0          6941961        240      28924.8      28800.0      28287      35295        854.5  solve_sgs_u__implicit_stage_analytic__FILE_ClimaAtmos_jl_src_prognostic_equations_implicit_initiali…
      0.0          6941506        240      28922.9      28832.0      28288      31968        474.5  edmfx_sgs_mass_flux_tendency__FILE_ClimaAtmos_jl_src_prognostic_equations_edmfx_sgs_flux_jl_L67     
      0.0          6558445        240      27326.9      26592.0      25984      30848       1309.2  update_diffusion_jacobian__FILE_ClimaAtmos_jl_src_prognostic_equations_implicit_manual_sparse_jacob…
      0.0          6493406       2286       2840.5       2944.0       2399       3840        258.8  set_insolation_variables__FILE_ClimaAtmos_jl_src_callbacks_callbacks_jl_L274                        
      0.0          6484358        240      27018.2      26880.0      26688      33472        804.7  edmfx_tke_sources__FILE_ClimaAtmos_jl_src_prognostic_equations_edmfx_tke_jl_L79                     
      0.0          6216326        480      12950.7      12895.5      12576      16192        443.1  update_sedimentation_jacobian__FILE_ClimaAtmos_jl_src_prognostic_equations_implicit_manual_sparse_j…
      0.0          6199650        240      25831.9      25472.0      24608      29920        975.0  update_diffusion_jacobian__FILE_ClimaAtmos_jl_src_prognostic_equations_implicit_manual_sparse_jacob…
      0.0          6179573        240      25748.2      25663.5      22591      29696       1537.0  update_advection_jacobian__FILE_ClimaAtmos_jl_src_prognostic_equations_implicit_manual_sparse_jacob…
      0.0          6143790        240      25599.1      25504.0      25024      31488        735.1  initialize_implicit_stage_problem__FILE_ClimaAtmos_jl_src_prognostic_equations_implicit_initialize_…
      0.0          6021967        240      25091.5      24992.0      24736      31008        749.4  solve_sgs_u__implicit_stage_analytic__FILE_ClimaAtmos_jl_src_prognostic_equations_implicit_initiali…
      0.0          5922315        240      24676.3      24575.5      24191      30336        716.2  solve_sgs_u__implicit_stage_analytic__FILE_ClimaAtmos_jl_src_prognostic_equations_implicit_initiali…
      0.0          5712780       1800       3173.8       3072.0       2847       4416        243.1  update_flux_fields__FILE_ClimaCoupler_jl_src_FluxCalculator_jl_L482                                 
      0.0          5658394       2400       2357.7       2336.0       2271       3104         91.3  import_atmos_fields__FILE_ClimaCoupler_jl_ext_ClimaCouplerClimaLandExt_climaland_integrated_jl_L360 
      0.0          5425908        240      22608.0      22496.0      22016      27744        677.0  update_diffusion_jacobian__FILE_ClimaAtmos_jl_src_prognostic_equations_implicit_manual_sparse_jacob…
      0.0          5406037        240      22525.2      22464.0      21504      27648        673.6  initialize_implicit_stage_problem__FILE_ClimaAtmos_jl_src_prognostic_equations_implicit_initialize_…
      0.0          5402062        120      45017.2      44927.5      44159      53791        893.5  set_microphysics_tendency_cache__FILE_ClimaAtmos_jl_src_cache_microphysics_cache_jl_L993            
      0.0          5334261        120      44452.2      44352.0      43680      52128        775.2  set_microphysics_tendency_cache__FILE_ClimaAtmos_jl_src_cache_microphysics_cache_jl_L994            
      0.0          5325531        240      22189.7      22112.0      21856      26848        576.1  solve_sgs_u__implicit_stage_analytic__FILE_ClimaAtmos_jl_src_prognostic_equations_implicit_initiali…
      0.0          5246190       1560       3362.9       3168.0       2720       5312        466.1  update_boundary_fluxes__NVTX                                                                        
      0.0          5244274        840       6243.2       6208.0       5920       7456        171.1  set_precipitation_surface_fluxes__FILE_ClimaAtmos_jl_src_cache_microphysics_cache_jl_L1344          
      0.0          5145648        480      10720.1      10688.0      10144      12832        334.8  non_orographic_gravity_wave_apply_tendency__FILE_ClimaAtmos_jl_src_parameterized_tendencies_gravity…
      0.0          5142146        240      21425.6      21344.0      21088      26111        614.6  edmfx_sgs_diffusive_flux_tendency__FILE_ClimaAtmos_jl_src_prognostic_equations_edmfx_sgs_flux_jl_L2…
      0.0          5137984       1440       3568.0       3552.0       3456       4640        124.7  check_land_equality_FILE_ClimaLand_SbcNB_src_shared_utilities_utils_jl_L57                          
      0.0          5032661        240      20969.4      20895.5      20383      25920        638.3  initialize_implicit_stage_problem__FILE_ClimaAtmos_jl_src_prognostic_equations_implicit_initialize_…
      0.0          4934648        240      20561.0      20480.0      20032      25280        597.0  update_advection_jacobian__FILE_ClimaAtmos_jl_src_prognostic_equations_implicit_manual_sparse_jacob…
      0.0          4889913        360      13583.1      13568.0      12864      15744        308.5  _FILE_ClimaAtmos_jl_src_prognostic_equations_eddy_diffusion_closures_jl_L804                        
      0.0          4867478         24     202811.6     202686.0     199007     205278       1668.3  gpu_permutedims_kernel_(CompilerMetadata<DynamicSize, DynamicCheck, void, CartesianIndices<(int)3, …
      0.0          4803500        240      20014.6      21215.5      17791      24128       1875.1  enforce_grid_mean_microphysics_constraints__FILE_ClimaAtmos_jl_src_prognostic_equations_mass_flux_c…
      0.0          4650068        240      19375.3      19360.0      18431      23936        637.8  enforce_grid_mean_microphysics_constraints__FILE_ClimaAtmos_jl_src_prognostic_equations_mass_flux_c…
      0.0          4643345        240      19347.3      19263.5      18848      23232        508.4  implicit_vertical_advection_tendency__FILE_ClimaAtmos_jl_src_prognostic_equations_implicit_implicit…
      0.0          4634136        240      19308.9      19232.0      18720      24000        594.0  solve_sgs__a_implicit_stage_analytic__FILE_ClimaAtmos_jl_src_prognostic_equations_implicit_initiali…
      0.0          4517020        360      12547.3      12512.0      12032      16063        493.0  gpu_broadcast_kernel_cartesian(CompilerMetadata<DynamicSize, DynamicCheck, void, CartesianIndices<(…
      0.0          4480630        360      12446.2      12416.0      12096      14016        211.3  set_covariance_cache__FILE_ClimaAtmos_jl_src_parameterized_tendencies_microphysics_cloud_fraction_j…
      0.0          4386165        360      12183.8       4992.0       4704      32096      10242.8  update_root_extraction__NVTX                                                                        
      0.0          4298779        240      17911.6      17856.0      17152      20800        417.9  solve_sgs_u__implicit_stage_analytic__FILE_ClimaAtmos_jl_src_prognostic_equations_implicit_initiali…
      0.0          4220219        480       8792.1       8992.0       7231      11456       1419.5  edmfx_boundary_condition_tendency__FILE_ClimaAtmos_jl_src_prognostic_equations_edmfx_boundary_condi…
      0.0          4013726        360      11149.2      11136.0      10720      13248        233.7  set_covariance_cache__FILE_ClimaAtmos_jl_src_parameterized_tendencies_microphysics_cloud_fraction_j…
      0.0          3949364       1200       3291.1       3168.0       3104       4512        234.5  update_flux_fields__FILE_ClimaCoupler_jl_src_FluxCalculator_jl_L464                                 
      0.0          3674410        480       7655.0       7712.0       7200       9056        309.0  boundary_flux__FILE_ClimaLand_SbcNB_src_standalone_Soil_Biogeochemistry_Biogeochemistry_jl_L938     
      0.0          3670565        120      30588.0      30527.5      30144      37343        659.4  set_microphysics_tendency_cache__FILE_ClimaAtmos_jl_src_cache_microphysics_cache_jl_L1012           
      0.0          3629088        240      15121.2      15072.0      14464      18560        448.1  solve_sgs__a_implicit_stage_analytic__FILE_ClimaAtmos_jl_src_prognostic_equations_implicit_initiali…
      0.0          3515335       1080       3254.9       3232.0       3199       4160        107.4  combine_surfaces__FILE_ClimaCoupler_jl_src_FieldExchanger_jl_L387                                   
      0.0          3493988        240      14558.3      15104.0       9504      20032       4525.9  set_edmfx_surface_conditions__FILE_ClimaAtmos_jl_src_prognostic_equations_edmfx_boundary_condition_…
      0.0          3490429        480       7271.7       7232.0       6975       8384        178.0  boundary_flux__FILE_ClimaLand_SbcNB_src_standalone_Soil_Biogeochemistry_Biogeochemistry_jl_L1094    
      0.0          3315846        960       3454.0       3328.0       2879       5184        451.8  CoupledSimulation_FILE_ClimaCoupler_jl_src_SimCoordinator_jl_L285                                   
      0.0          3234467        240      13476.9      13408.0      12896      16127        358.2  solve_sgs_u__implicit_stage_analytic__FILE_ClimaAtmos_jl_src_prognostic_equations_implicit_initiali…
      0.0          3212711        240      13386.3      13344.0      12928      15200        294.2  solve_sgs_u__implicit_stage_analytic__FILE_ClimaAtmos_jl_src_prognostic_equations_implicit_initiali…
      0.0          3154445        120      26287.0      26239.0      25216      29920        672.6  enforce_edmf_updraft_constraints__FILE_ClimaAtmos_jl_src_prognostic_equations_mass_flux_closures_jl…
      0.0          3078853        240      12828.6      12768.0      12512      15552        374.0  sgs__a_implicit_tendency__FILE_ClimaAtmos_jl_src_prognostic_equations_implicit_initialize_implicit_…
      0.0          2876326        360       7989.8       7904.0       7711       9664        270.4  update_imp_aux__NVTX                                                                                
      0.0          2872268        240      11967.8      11936.0      11424      14816        390.6  initialize_implicit_stage_problem__FILE_ClimaAtmos_jl_src_prognostic_equations_implicit_initialize_…
      0.0          2592651        240      10802.7      10752.0      10431      12864        292.7  sgs_u__implicit_tendency__FILE_ClimaAtmos_jl_src_prognostic_equations_implicit_initialize_implicit_…
      0.0          2562983        360       7119.4       3456.0       3296      15552       5254.9  orchestrate_diagnostics_NVTX                                                                        
      0.0          2486473        960       2590.1       2560.0       2400       3360        114.0  copyto__FILE_ClimaCore_jl_src_Fields_broadcast_jl_L407                                              
      0.0          2400783        480       5001.6       4768.0       4672       6976        421.4  dss__FILE_ClimaCore_jl_src_Topologies_dss_jl_L417                                                   
      0.0          2376142        720       3300.2       3328.0       3040       4416        233.9  update_implicit_boundary_fluxes__FILE_ClimaLand_SbcNB_src_standalone_Vegetation_canopy_energy_jl_L1…
      0.0          2365867        120      19715.6      19680.0      19264      22496        335.1  set_edmfx_surface_conditions__FILE_ClimaAtmos_jl_src_prognostic_equations_edmfx_boundary_condition_…
      0.0          2350701        120      19589.2      19520.0      19296      24256        594.1  enforce_edmf_updraft_constraints__FILE_ClimaAtmos_jl_src_prognostic_equations_mass_flux_closures_jl…
      0.0          2269711        960       2364.3       2399.0       2271       3008         93.7  ClimaAtmosSimulation_FILE_ClimaCoupler_jl_ext_ClimaCouplerClimaAtmosExt_jl_L109                     
      0.0          2233038        120      18608.7      18559.0      18144      20320        289.8  set_microphysics_tendency_cache__FILE_ClimaAtmos_jl_src_cache_microphysics_cache_jl_L1011           
      0.0          2201389        120      18344.9      18304.0      17984      21664        352.8  set_covariance_cache_and_cloud_fraction__FILE_ClimaAtmos_jl_src_parameterized_tendencies_microphysi…
      0.0          2124456         74      28708.9      48176.0       4128      49440      21857.1  interpolate__FILE_ClimaCore_jl_src_Remapping_distributed_remapping_jl_L1272                         
      0.0          2105198        120      17543.3      17472.0      17119      19776        362.3  enforce_edmf_updraft_constraints__FILE_ClimaAtmos_jl_src_prognostic_equations_mass_flux_closures_jl…
      0.0          2100687        120      17505.7      17440.0      17056      18656        284.9  update_turbulent_fluxes__FILE_ClimaCoupler_jl_ext_ClimaCouplerClimaAtmosExt_jl_L506                 
      0.0          2051058         84      24417.4      24032.0      23552      26047        781.1  gpu_broadcast_kernel_cartesian(CompilerMetadata<DynamicSize, DynamicCheck, void, CartesianIndices<(…
      0.0          2027345        120      16894.5      16832.0      16448      20288        459.9  soil_infiltration_capacity_FILE_ClimaLand_SbcNB_src_standalone_Soil_Runoff_Runoff_jl_L405           
      0.0          1908973         84      22725.9      22751.0      21920      23584        345.6  gpu_broadcast_kernel_cartesian(CompilerMetadata<DynamicSize, DynamicCheck, void, CartesianIndices<(…
      0.0          1882195        126      14938.1      14912.0      14080      18272        334.6  _FILE_ClimaAtmos_jl_src_setups_common_overwrite_from_file_jl_L72                                    
      0.0          1843374        600       3072.3       2944.0       2912       4320        247.2  compute_surface_fluxes__FILE_ClimaCoupler_jl_ext_ClimaCouplerClimaLandExt_climaland_integrated_jl_L…
      0.0          1687732        240       7032.2       7584.0       5664       9664       1305.2  component_specific_humidity_FILE_ClimaLand_SbcNB_src_standalone_Soil_energy_hydrology_jl_L1021      
      0.0          1686293        120      14052.4      13984.0      13760      17280        428.4  update_photosynthesis__FILE_ClimaLand_SbcNB_src_standalone_Vegetation_pmodel_jl_L812                
      0.0          1644240        120      13702.0      13504.0      13056      15136        493.7  set_edmfx_surface_conditions__FILE_ClimaAtmos_jl_src_prognostic_equations_edmfx_boundary_condition_…
      0.0          1614290        240       6726.2       6720.0       6496       7424        146.9  update_sgs_boundary_condition_jacobian__FILE_ClimaAtmos_jl_src_prognostic_equations_implicit_manual…
      0.0          1613778        360       4482.7       4480.0       4288       5600        146.5  compute_imp_tendency__FILE_ClimaLand_SbcNB_src_standalone_Vegetation_canopy_energy_jl_L174          
      0.0          1600110        120      13334.3      13280.0      12832      15744        374.3  compute_soilo2__FILE_ClimaLand_SbcNB_src_diagnostics_land_compute_methods_jl_L585                   
      0.0          1560855        360       4335.7       4416.0       3584       6016        466.5  snow_boundary_fluxes__NVTX                                                                          
      0.0          1543285        240       6430.4       6944.0       5248       8992       1038.8  update_soil_snow_ground_heat_flux__NVTX                                                             
      0.0          1506731        120      12556.1      12512.0      12160      14303        264.9  enforce_edmf_updraft_constraints__FILE_ClimaAtmos_jl_src_prognostic_equations_mass_flux_closures_jl…
      0.0          1486704        360       4129.7       4096.0       4064       5120        130.0  set_eff_land_radiation_properties__FILE_ClimaLand_SbcNB_src_integrated_land_radiation_jl_L14        
      0.0          1466454        216       6789.1       2912.0       2848      12672       4379.0  _FILE_ClimaUtilities_2GLZR_ext_TimeVaryingInputsExt_jl_L427                                         
      0.0          1463479        480       3048.9       3040.0       3007       3776         94.5  ice_rhs__FILE_ClimaCoupler_jl_src_Models_prescr_seaice_jl_L490                                      
      0.0          1456444        360       4045.7       4032.0       3904       5088        129.2  compute_jacobian__FILE_ClimaLand_SbcNB_src_standalone_Vegetation_canopy_energy_jl_L246              
      0.0          1442196        360       4006.1       3968.0       3904       5024        133.3  combine_surfaces__FILE_ClimaCoupler_jl_src_FieldExchanger_jl_L415                                   
      0.0          1436884        480       2993.5       2976.0       2944       3744         95.7  ice_rhs__FILE_ClimaCoupler_jl_src_Models_prescr_seaice_jl_L487                                      
      0.0          1426159        480       2971.2       2848.0       2815       4032        224.3  _FILE_ClimaCoupler_jl_src_Models_prescr_seaice_jl_L272                                              
      0.0          1380376        360       3834.4       3808.0       3616       4896        142.2  single_field_solve__FILE_ClimaCore_jl_src_MatrixFields_single_field_solver_jl_L46                   
      0.0          1363504        480       2840.6       2816.0       2783       3808         98.9  _FILE_ClimaCoupler_jl_src_Models_prescr_seaice_jl_L266                                              
      0.0          1351954        240       5633.1       5855.5       5088       7136        424.6  gpu_getindex_kernel(CompilerMetadata<DynamicSize, DynamicCheck, void, CartesianIndices<(int)1, Tupl…
      0.0          1334999        120      11125.0      11072.0      10848      13664        351.4  update_photosynthesis__FILE_ClimaLand_SbcNB_src_standalone_Vegetation_pmodel_jl_L825                
      0.0          1334452        240       5560.2       5536.0       5408       7007        181.4  solve_sgs_u__implicit_stage_analytic__FILE_ClimaAtmos_jl_src_prognostic_equations_implicit_initiali…
      0.0          1332501        120      11104.2      11103.5      10720      12928        247.7  set_edmfx_surface_conditions__FILE_ClimaAtmos_jl_src_prognostic_equations_edmfx_boundary_condition_…
      0.0          1327703        240       5532.1       5504.0       5408       6784        174.8  precomputed_quantities_FILE_ClimaAtmos_jl_src_cache_precomputed_quantities_jl_L236                  
      0.0          1305589        240       5440.0       5408.0       5280       7040        186.2  solve_sgs_u__implicit_stage_analytic__FILE_ClimaAtmos_jl_src_prognostic_equations_implicit_initiali…
      0.0          1297105        480       2702.3       2688.0       2655       3392         87.4  _FILE_ClimaCoupler_jl_src_Models_prescr_seaice_jl_L269                                              
      0.0          1262069        240       5258.6       5584.0       3392       8575       1728.6  soil_boundary_fluxes__NVTX                                                                          
      0.0          1256921        360       3491.4       3488.0       3296       4352        125.5  set_eff_land_radiation_properties__FILE_ClimaLand_SbcNB_src_integrated_land_radiation_jl_L12        
      0.0          1239603        360       3443.3       3455.5       3264       4256        127.8  compute_jacobian__FILE_ClimaLand_SbcNB_src_standalone_Vegetation_canopy_energy_jl_L245              
      0.0          1211926          2     605963.0     605963.0     604571     607355       1968.6  calc_saturation_profile__FILE_ClimaAtmos_jl_src_parameterized_tendencies_gravity_wave_drag_orograph…
      0.0          1123258        120       9360.5       9312.0       8928      11232        266.7  update_infiltration_water_flux__FILE_ClimaLand_SbcNB_src_standalone_Soil_Runoff_Runoff_jl_L249      
      0.0          1115422        240       4647.6       4640.0       4480       5472        127.6  solve_sgs__a_implicit_stage_analytic__FILE_ClimaAtmos_jl_src_prognostic_equations_implicit_initiali…
      0.0          1083960        240       4516.5       4528.0       4224       5792        219.4  update_albedo__FILE_ClimaLand_SbcNB_src_standalone_Soil_soil_albedo_jl_L193                         
      0.0          1083545         24      45147.7      45087.0      44736      45920        310.2  gpu_permutedims_kernel_(CompilerMetadata<DynamicSize, DynamicCheck, void, CartesianIndices<(int)2, …
      0.0          1074835        360       2985.7       2976.0       2784       3680        114.1  compute_exp_tendency__NVTX                                                                          
      0.0           980113        240       4083.8       4064.0       3872       5055        139.1  compute_sensible_heat_flux__FILE_ClimaLand_SbcNB_src_diagnostics_land_compute_methods_jl_L1009      
      0.0           927609        240       3865.0       3840.0       3808       4800         89.4  compute_surface_fluxes__NVTX                                                                        
      0.0           906235        120       7552.0       7520.0       7264       9152        223.5  compute_10cm_water_mass__FILE_ClimaLand_SbcNB_src_diagnostics_land_compute_methods_jl_L512          
      0.0           901558        120       7513.0       7456.0       7359       9184        226.7  update_SIF__FILE_ClimaLand_SbcNB_src_standalone_Vegetation_solar_induced_fluorescence_jl_L92        
      0.0           893880         66      13543.6      13424.0      12352      15264        748.3  update_cloud_properties__FILE_ClimaAtmos_jl_src_parameterized_tendencies_radiation_update_inputs_jl…
      0.0           888854        120       7407.1       7392.0       7200       9247        241.1  update_infiltration_water_flux__FILE_ClimaLand_SbcNB_src_standalone_Soil_Runoff_Runoff_jl_L261      
      0.0           838493        120       6987.4       6976.0       6751       7968        163.5  linear_interpolation_to_surface__FILE_ClimaLand_SbcNB_src_shared_utilities_Domains_jl_L1027         
      0.0           827739        240       3448.9       3424.0       3232       4384        141.1  update_ground_albedo_PAR__FILE_ClimaLand_SbcNB_src_integrated_land_jl_L1116                         
      0.0           824602          6     137433.7     137487.0     134463     139583       1693.5  update_cloud_properties__FILE_ClimaAtmos_jl_src_parameterized_tendencies_radiation_update_inputs_jl…
      0.0           811228        240       3380.1       3360.0       3200       4096        117.7  compute_total_respiration__FILE_ClimaLand_SbcNB_src_diagnostics_land_compute_methods_jl_L928        
      0.0           809850         40      20246.3      20256.0      20096      20383         58.0  gpu_broadcast_kernel_cartesian(CompilerMetadata<DynamicSize, DynamicCheck, void, CartesianIndices<(…
      0.0           804731        240       3353.0       3344.0       3136       4288        186.8  update_turbulent_fluxes__FILE_ClimaCoupler_jl_ext_ClimaCouplerClimaAtmosExt_jl_L515                 
      0.0           797663        240       3323.6       3296.0       3072       3968        126.9  _FILE_ClimaAtmos_jl_src_prognostic_equations_surface_flux_jl_L129                                   
      0.0           790012        240       3291.7       3328.0       3040       4448        226.9  canopy_boundary_fluxes__NVTX                                                                        
      0.0           772408        240       3218.4       3200.0       3136       4000        105.8  solve_sgs__a_implicit_stage_analytic__FILE_ClimaAtmos_jl_src_prognostic_equations_implicit_initiali…
      0.0           766747        272       2818.9       2912.0       2464       3904        322.8  compute_PAR__FILE_ClimaLand_SbcNB_src_standalone_Vegetation_radiation_jl_L163                       
      0.0           738010        120       6150.1       6112.0       5888       7648        210.2  get_residual_melt_flux_FILE_ClimaLand_SbcNB_src_standalone_Snow_snow_parameterizations_jl_L1090     
      0.0           732413        120       6103.4       6080.0       5888       7328        184.8  compute_exp_tendency__FILE_ClimaLand_SbcNB_src_standalone_Vegetation_pmodel_jl_L769                 
      0.0           721627        120       6013.6       5999.5       5760       7424        188.6  maximum_FILE_ClimaCore_jl_src_Fields_mapreduce_jl_L83                                               
      0.0           717274         12      59772.8      60063.5      58399      60704        762.2  update_cloud_properties__FILE_ClimaAtmos_jl_src_parameterized_tendencies_radiation_update_inputs_jl…
      0.0           713274        120       5943.9       5888.0       5728      10560        448.3  minimum_FILE_ClimaCore_jl_src_Fields_mapreduce_jl_L95                                               
      0.0           621946        120       5182.9       5152.0       4960       6240        154.9  component_specific_humidity_FILE_ClimaLand_SbcNB_src_standalone_Snow_snow_parameterizations_jl_L158 
      0.0           597405        120       4978.4       4960.0       4896       6176        162.0  compute_10cm_water_mass__FILE_ClimaLand_SbcNB_src_diagnostics_land_compute_methods_jl_L519          
      0.0           593180        120       4943.2       4928.0       4800       6080        154.4  update_turbulent_fluxes__FILE_ClimaCoupler_jl_ext_ClimaCouplerClimaAtmosExt_jl_L531                 
      0.0           593052        120       4942.1       4928.0       4768       6112        162.1  update_infiltration_water_flux__FILE_ClimaLand_SbcNB_src_standalone_Soil_Runoff_Runoff_jl_L252      
      0.0           570714        240       2378.0       2432.0       2240       3136        120.1  init_sfc_conditions_zero__FILE_ClimaAtmos_jl_src_surface_conditions_surface_conditions_jl_L142      
      0.0           570394        240       2376.6       2400.0       2272       3008         96.8  update_bf__FILE_ClimaLand_SbcNB_src_standalone_Soil_Biogeochemistry_Biogeochemistry_jl_L437         
      0.0           566781        120       4723.2       4704.0       4512       5632        138.0  get_update_surface_humidity_function_FILE_ClimaLand_SbcNB_src_standalone_Soil_energy_hydrology_jl_L…
      0.0           557852        120       4648.8       4640.0       4544       5696        137.8  update_field__FILE_ClimaCoupler_jl_ext_ClimaCouplerClimaAtmosExt_jl_L399                            
      0.0           555033        120       4625.3       4608.0       4480       5856        161.6  update_snow_cover_fraction__FILE_ClimaLand_SbcNB_src_standalone_Snow_snow_parameterizations_jl_L73  
      0.0           537464        120       4478.9       4480.0       4352       5439        132.0  get_update_surface_humidity_function_FILE_ClimaLand_SbcNB_src_standalone_Soil_energy_hydrology_jl_L…
      0.0           527804        120       4398.4       4384.0       4256       5376        132.1  compute_evapotranspiration__FILE_ClimaLand_SbcNB_src_diagnostics_land_compute_methods_jl_L881       
      0.0           506781        120       4223.2       4192.0       4064       5184        143.1  update_autotrophic_respiration__FILE_ClimaLand_SbcNB_src_standalone_Vegetation_autotrophic_respirat…
      0.0           491932        120       4099.4       4096.0       3904       4991        128.8  compute_exp_tendency__FILE_ClimaLand_SbcNB_src_standalone_Vegetation_plant_hydraulics_jl_L401       
      0.0           478844        120       3990.4       3968.0       3808       4608        113.6  get_update_surface_humidity_function_FILE_ClimaLand_SbcNB_src_standalone_Soil_energy_hydrology_jl_L…
      0.0           465184        120       3876.5       3872.0       3808       4800        120.6  update_field__FILE_ClimaCoupler_jl_ext_ClimaCouplerClimaAtmosExt_jl_L412                            
      0.0           464444        120       3870.4       3840.0       3744       4992        134.4  update_turbulent_fluxes__FILE_ClimaCoupler_jl_ext_ClimaCouplerClimaAtmosExt_jl_L549                 
      0.0           437916        120       3649.3       3632.0       3488       4480        128.5  update_snow_albedo__FILE_ClimaLand_SbcNB_src_standalone_Snow_snow_parameterizations_jl_L49          
      0.0           430684        120       3589.0       3584.0       3519       4384        106.9  update_turbulent_fluxes__FILE_ClimaCoupler_jl_ext_ClimaCouplerClimaAtmosExt_jl_L529                 
      0.0           424380        120       3536.5       3520.0       3392       4416        113.1  update_density_and_depth__FILE_ClimaLand_SbcNB_src_standalone_Snow_snow_parameterizations_jl_L630   
      0.0           416380        120       3469.8       3456.0       3424       4288        106.7  combine_surfaces__FILE_ClimaCoupler_jl_src_FieldExchanger_jl_L421                                   
      0.0           413215        120       3443.5       3424.0       3264       4288        124.5  compute_precip__FILE_ClimaLand_SbcNB_src_diagnostics_land_compute_methods_jl_L456                   
      0.0           407612         40      10190.3       8480.0       8320      19616       3213.8  average_pre_output_hook__FILE_ClimaDiagnostics_Q9hyU_src_DiagnosticVariables_jl_L122                
      0.0           405180        120       3376.5       3360.0       3264       4128        111.0  compute_net_ecosystem_exchange__FILE_ClimaLand_SbcNB_src_diagnostics_land_compute_methods_jl_L133   
      0.0           400541        120       3337.8       3328.0       3296       4128        104.5  update_canopy_conductance__FILE_ClimaLand_SbcNB_src_standalone_Vegetation_stomatalconductance_jl_L1…
      0.0           397407          6      66234.5      66047.5      65440      67488        704.2  update_relative_humidity__FILE_ClimaAtmos_jl_src_parameterized_tendencies_radiation_update_inputs_j…
      0.0           392221          2     196110.5     196110.5     195838     196383        385.4  calc_saturation_profile__FILE_ClimaAtmos_jl_src_parameterized_tendencies_gravity_wave_drag_orograph…
      0.0           390300        120       3252.5       3232.0       3200       4032        105.2  gpu_broadcast_kernel_linear(CompilerMetadata<DynamicSize, DynamicCheck, void, CartesianIndices<(int…
      0.0           378364        120       3153.0       3136.0       3104       3936         99.5  update_turbulent_fluxes__FILE_ClimaCoupler_jl_ext_ClimaCouplerClimaAtmosExt_jl_L553                 
      0.0           377084        120       3142.4       3136.0       3103       3904         98.9  update_infiltration_water_flux__FILE_ClimaLand_SbcNB_src_standalone_Soil_Runoff_Runoff_jl_L259      
      0.0           375742        120       3131.2       3104.0       2912       3904        123.7  update_hydraulics__FILE_ClimaLand_SbcNB_src_standalone_Vegetation_plant_hydraulics_jl_L514          
      0.0           369630        120       3080.3       3072.0       2976       3776        101.6  compute_canopy_transpiration__FILE_ClimaLand_SbcNB_src_diagnostics_land_compute_methods_jl_L235     
      0.0           369437        120       3078.6       3072.0       3039       3808         94.6  update_field__FILE_ClimaCoupler_jl_ext_ClimaCouplerClimaLandExt_climaland_integrated_jl_L314        
      0.0           368124        120       3067.7       3040.0       3039       3808         96.0  compute_10cm_water_mass__FILE_ClimaLand_SbcNB_src_diagnostics_land_compute_methods_jl_L526          
      0.0           365566        120       3046.4       3040.0       3007       3808         98.5  update_subsurface_energy_runoff__FILE_ClimaLand_SbcNB_src_standalone_Soil_Runoff_Runoff_jl_L282     
      0.0           349918          6      58319.7      58287.5      57952      58656        258.0  gpu_broadcast_kernel_cartesian(CompilerMetadata<DynamicSize, DynamicCheck, void, CartesianIndices<(…
      0.0           347036          6      57839.3      57631.0      55072      60735       2477.5  non_orographic_gravity_wave_compute_tendency__FILE_ClimaAtmos_jl_src_parameterized_tendencies_gravi…
      0.0           344288        120       2869.1       2848.0       2816       3552         90.6  update_density_and_depth__FILE_ClimaLand_SbcNB_src_standalone_Snow_snow_parameterizations_jl_L629   
      0.0           342396        120       2853.3       2848.0       2816       3552         90.8  update_radiative_transfer__FILE_ClimaLand_SbcNB_src_standalone_Vegetation_radiation_jl_L821         
      0.0           342207        120       2851.7       2848.0       2816       3520         88.6  gpu_broadcast_kernel_linear(CompilerMetadata<DynamicSize, DynamicCheck, void, CartesianIndices<(int…
      0.0           329341        120       2744.5       2720.0       2687       3456        100.2  update_surf_temp__FILE_ClimaLand_SbcNB_src_standalone_Snow_snow_parameterizations_jl_L1028          
      0.0           321341        126       2550.3       2528.0       2527       3136         56.4  set_insolation_variables__FILE_ClimaAtmos_jl_src_callbacks_callbacks_jl_L273                        
      0.0           320219        120       2668.5       2656.0       2624       3296         83.3  update_biomass__FILE_ClimaLand_SbcNB_src_standalone_Vegetation_biomass_jl_L329                      
      0.0           316764        120       2639.7       2624.0       2591       3264         83.1  update_infiltration_water_flux__FILE_ClimaLand_SbcNB_src_standalone_Soil_Runoff_Runoff_jl_L264      
      0.0           308957         12      25746.4      25744.0      21056      30336       4534.2  gpu_broadcast_kernel_cartesian(CompilerMetadata<DynamicSize, DynamicCheck, void, CartesianIndices<(…
      0.0           305149        120       2542.9       2528.0       2496       3168         80.9  update_snow_albedo__FILE_ClimaLand_SbcNB_src_standalone_Snow_snow_parameterizations_jl_L52          
      0.0           255486          6      42581.0      42495.5      42176      43296        389.9  compute_col_gas_CUDA_(SubArray<Float32, (int)2, CuDeviceArray<Float32, (int)3, (int)1>, Tuple<Int64…
      0.0           250974          2     125487.0     125487.0     125343     125631        203.6  non_orographic_gravity_wave_compute_tendency__FILE_ClimaAtmos_jl_src_parameterized_tendencies_gravi…
      0.0           232414         48       4842.0       4864.0       4512       5024        133.5  gpu_broadcast_kernel_linear(CompilerMetadata<DynamicSize, DynamicCheck, void, CartesianIndices<(int…
      0.0           225182         12      18765.2      18688.0      18176      19424        571.4  update_volume_mixing_ratios__FILE_ClimaAtmos_jl_src_parameterized_tendencies_radiation_update_input…
      0.0           219423          6      36570.5      36624.0      36352      36703        142.1  gpu_broadcast_kernel_cartesian(CompilerMetadata<DynamicSize, DynamicCheck, void, CartesianIndices<(…
      0.0           214846          6      35807.7      35888.0      35231      36128        353.6  update_cloud_properties__FILE_ClimaAtmos_jl_src_parameterized_tendencies_radiation_update_inputs_jl…
      0.0           202590          6      33765.0      33759.5      33312      34400        392.6  update_relative_humidity__FILE_ClimaAtmos_jl_src_parameterized_tendencies_radiation_update_inputs_j…
      0.0           201664          4      50416.0      50368.0      48160      52768       2570.3  non_orographic_gravity_wave_compute_tendency__FILE_ClimaAtmos_jl_src_parameterized_tendencies_gravi…
      0.0           197407          6      32901.2      32815.5      32448      33632        411.5  gpu_broadcast_kernel_cartesian(CompilerMetadata<DynamicSize, DynamicCheck, void, CartesianIndices<(…
      0.0           195870          4      48967.5      49087.5      47999      49696        863.3  _ddz_FILE_ClimaAtmos_jl_src_parameterized_tendencies_gravity_wave_drag_orographic_gravity_wave_jl_L…
      0.0           189632          6      31605.3      31616.0      31456      31712        102.5  gpu_broadcast_kernel_cartesian(CompilerMetadata<DynamicSize, DynamicCheck, void, CartesianIndices<(…
      0.0           186238         10      18623.8      18992.0      17440      19231        689.5  field_shiftlevel_up__FILE_ClimaAtmos_jl_src_parameterized_tendencies_gravity_wave_drag_non_orograph…
      0.0           186174          4      46543.5      46655.5      45600      47263        699.0  calc_nonpropagating_forcing__FILE_ClimaAtmos_jl_src_parameterized_tendencies_gravity_wave_drag_orog…
      0.0           181855          4      45463.8      45455.5      45344      45600        123.8  _d2dz2_FILE_ClimaAtmos_jl_src_parameterized_tendencies_gravity_wave_drag_orographic_gravity_wave_jl…
      0.0           176862          2      88431.0      88431.0      88383      88479         67.9  get_pbl_z__FILE_ClimaAtmos_jl_src_parameterized_tendencies_gravity_wave_drag_orographic_gravity_wav…
      0.0           171711          6      28618.5      28608.0      27968      29280        487.5  gpu_broadcast_kernel_cartesian(CompilerMetadata<DynamicSize, DynamicCheck, void, CartesianIndices<(…
      0.0           170719          4      42679.8      42687.5      42560      42784         95.4  calc_propagate_forcing__FILE_ClimaAtmos_jl_src_parameterized_tendencies_gravity_wave_drag_orographi…
      0.0           164478          2      82239.0      82239.0      82111      82367        181.0  calc_nonpropagating_forcing__FILE_ClimaAtmos_jl_src_parameterized_tendencies_gravity_wave_drag_orog…
      0.0           143487          2      71743.5      71743.5      71456      72031        406.6  calc_nonpropagating_forcing__FILE_ClimaAtmos_jl_src_parameterized_tendencies_gravity_wave_drag_orog…
      0.0           136351          2      68175.5      68175.5      68127      68224         68.6  calc_base_flux__FILE_ClimaAtmos_jl_src_parameterized_tendencies_gravity_wave_drag_orographic_gravit…
      0.0           129215         12      10767.9      10735.5      10464      11456        266.9  gpu_broadcast_kernel_linear(CompilerMetadata<DynamicSize, DynamicCheck, void, CartesianIndices<(int…
      0.0           127776         34       3758.1       3744.0       3072       4160        168.6  gpu_broadcast_kernel_cartesian(CompilerMetadata<DynamicSize, DynamicCheck, void, CartesianIndices<(…
      0.0           122908          6      20484.7      20480.0      20415      20543         55.1  gpu_broadcast_kernel_cartesian(CompilerMetadata<DynamicSize, DynamicCheck, void, CartesianIndices<(…
      0.0           120989         12      10082.4      10048.0       9983      10335        118.3  gpu_broadcast_kernel_linear(CompilerMetadata<DynamicSize, DynamicCheck, void, CartesianIndices<(int…
      0.0           115294          6      19215.7      19184.0      19103      19360         94.7  gpu_broadcast_kernel_cartesian(CompilerMetadata<DynamicSize, DynamicCheck, void, CartesianIndices<(…
      0.0           113503          6      18917.2      18912.0      18655      19104        155.0  gpu_broadcast_kernel_cartesian(CompilerMetadata<DynamicSize, DynamicCheck, void, CartesianIndices<(…
      0.0           110302          6      18383.7      18367.0      18304      18496         82.9  gpu_broadcast_kernel_cartesian(CompilerMetadata<DynamicSize, DynamicCheck, void, CartesianIndices<(…
      0.0           104415          6      17402.5      17408.0      17311      17472         65.6  gpu_broadcast_kernel_cartesian(CompilerMetadata<DynamicSize, DynamicCheck, void, CartesianIndices<(…
      0.0           100223          4      25055.8      25056.0      23871      26240       1295.7  postprocess_and_accumulate__FILE_ClimaAtmos_jl_src_parameterized_tendencies_gravity_wave_drag_non_o…
      0.0            98624          2      49312.0      49312.0      49280      49344         45.3  calc_propagate_forcing__FILE_ClimaAtmos_jl_src_parameterized_tendencies_gravity_wave_drag_orographi…
      0.0            97728          4      24432.0      24400.0      24352      24576        106.1  non_orographic_gravity_wave_compute_tendency__FILE_ClimaAtmos_jl_src_parameterized_tendencies_gravi…
      0.0            95039         12       7919.9       7952.0       7552       8288        264.5  gpu_broadcast_kernel_cartesian(CompilerMetadata<DynamicSize, DynamicCheck, void, CartesianIndices<(…
      0.0            90368          2      45184.0      45184.0      45120      45248         90.5  non_orographic_gravity_wave_compute_tendency__FILE_ClimaAtmos_jl_src_parameterized_tendencies_gravi…
      0.0            66911          2      33455.5      33455.5      33407      33504         68.6  calc_saturation_profile__FILE_ClimaAtmos_jl_src_parameterized_tendencies_gravity_wave_drag_orograph…
      0.0            66144          2      33072.0      33072.0      33056      33088         22.6  calc_nonpropagating_forcing__FILE_ClimaAtmos_jl_src_parameterized_tendencies_gravity_wave_drag_orog…
      0.0            63776          4      15944.0      15936.0      15744      16160        231.3  gw_average__FILE_ClimaAtmos_jl_src_parameterized_tendencies_gravity_wave_drag_non_orographic_gravit…
      0.0            55295          6       9215.8       9200.0       9152       9311         56.9  set_insolation_variables__FILE_ClimaAtmos_jl_src_callbacks_callbacks_jl_L258                        
      0.0            48320          2      24160.0      24160.0      24032      24288        181.0  calc_nonpropagating_forcing__FILE_ClimaAtmos_jl_src_parameterized_tendencies_gravity_wave_drag_orog…
      0.0            47679          6       7946.5       7936.0       7840       8064         77.6  update_drivers__FILE_ClimaLand_SbcNB_src_shared_utilities_drivers_jl_L1253                          
      0.0            32352          2      16176.0      16176.0      16128      16224         67.9  calc_nonpropagating_forcing__FILE_ClimaAtmos_jl_src_parameterized_tendencies_gravity_wave_drag_orog…
      0.0            32064          2      16032.0      16032.0      15968      16096         90.5  field_shiftface_down__FILE_ClimaAtmos_jl_src_parameterized_tendencies_gravity_wave_drag_orographic_…
      0.0            32032          4       8008.0       8000.0       8000       8032         16.0  gw_average__FILE_ClimaAtmos_jl_src_parameterized_tendencies_gravity_wave_drag_non_orographic_gravit…
      0.0            31839          2      15919.5      15919.5      15904      15935         21.9  calc_nonpropagating_forcing__FILE_ClimaAtmos_jl_src_parameterized_tendencies_gravity_wave_drag_orog…
      0.0            29312          6       4885.3       4864.0       4832       4992         56.0  non_orographic_gravity_wave_forcing_FILE_ClimaAtmos_jl_src_parameterized_tendencies_gravity_wave_dr…
      0.0            29248          6       4874.7       4880.0       4800       4928         52.3  gpu_broadcast_kernel_linear(CompilerMetadata<DynamicSize, DynamicCheck, void, CartesianIndices<(int…
      0.0            27903          4       6975.8       6992.0       6751       7168        223.6  orographic_gravity_wave_forcing__FILE_ClimaAtmos_jl_src_parameterized_tendencies_gravity_wave_drag_…
      0.0            27840          6       4640.0       4656.0       4576       4672         40.5  gpu_broadcast_kernel_linear(CompilerMetadata<DynamicSize, DynamicCheck, void, CartesianIndices<(int…
      0.0            27808          6       4634.7       4640.0       4608       4640         13.1  gpu_broadcast_kernel_linear(CompilerMetadata<DynamicSize, DynamicCheck, void, CartesianIndices<(int…
      0.0            26848          6       4474.7       4480.0       4448       4480         13.1  gpu_broadcast_kernel_linear(CompilerMetadata<DynamicSize, DynamicCheck, void, CartesianIndices<(int…
      0.0            22208          2      11104.0      11104.0      10656      11552        633.6  calc_nonpropagating_forcing__FILE_ClimaAtmos_jl_src_parameterized_tendencies_gravity_wave_drag_orog…
      0.0            20704          6       3450.7       3456.0       3424       3456         13.1  gpu_broadcast_kernel_linear(CompilerMetadata<DynamicSize, DynamicCheck, void, CartesianIndices<(int…
      0.0            17568          2       8784.0       8784.0       8640       8928        203.6  non_orographic_gravity_wave_compute_tendency__FILE_ClimaAtmos_jl_src_parameterized_tendencies_gravi…
      0.0            16639          4       4159.8       4159.5       4032       4288        130.9  postprocess_and_accumulate__FILE_ClimaAtmos_jl_src_parameterized_tendencies_gravity_wave_drag_non_o…
      0.0            16288          4       4072.0       4064.0       3936       4224        129.0  calc_base_flux__FILE_ClimaAtmos_jl_src_parameterized_tendencies_gravity_wave_drag_orographic_gravit…
      0.0            16031          2       8015.5       8015.5       8000       8031         21.9  orographic_gravity_wave_compute_tendency__FILE_ClimaAtmos_jl_src_parameterized_tendencies_gravity_w…
      0.0            15808          2       7904.0       7904.0       7872       7936         45.3  orographic_gravity_wave_compute_tendency__FILE_ClimaAtmos_jl_src_parameterized_tendencies_gravity_w…
      0.0            15168          2       7584.0       7584.0       7520       7648         90.5  calc_nonpropagating_forcing__FILE_ClimaAtmos_jl_src_parameterized_tendencies_gravity_wave_drag_orog…
      0.0            14047          2       7023.5       7023.5       7008       7039         21.9  partial_mapreduce_grid(identity, _, Bool, CartesianIndices<(int)5, Tuple<OneTo<Int64>, OneTo<Int64>…
      0.0            13248          2       6624.0       6624.0       6464       6784        226.3  orographic_gravity_wave_compute_tendency__FILE_ClimaAtmos_jl_src_parameterized_tendencies_gravity_w…
      0.0            12576          2       6288.0       6288.0       6272       6304         22.6  calc_base_flux__FILE_ClimaAtmos_jl_src_parameterized_tendencies_gravity_wave_drag_orographic_gravit…
      0.0            12064          2       6032.0       6032.0       6016       6048         22.6  calc_base_flux__FILE_ClimaAtmos_jl_src_parameterized_tendencies_gravity_wave_drag_orographic_gravit…
      0.0            11776          4       2944.0       2944.0       2848       3040        110.9  fill__FILE_ClimaCore_jl_src_Fields_Fields_jl_L434                                                   
      0.0            10591          2       5295.5       5295.5       5279       5312         23.3  calc_base_flux__FILE_ClimaAtmos_jl_src_parameterized_tendencies_gravity_wave_drag_orographic_gravit…
      0.0            10496          2       5248.0       5248.0       5248       5248          0.0  calc_base_flux__FILE_ClimaAtmos_jl_src_parameterized_tendencies_gravity_wave_drag_orographic_gravit…
      0.0            10272          2       5136.0       5136.0       5120       5152         22.6  partial_mapreduce_grid(identity, _, Bool, CartesianIndices<(int)6, Tuple<OneTo<Int64>, OneTo<Int64>…
      0.0             9856          2       4928.0       4928.0       4928       4928          0.0  non_orographic_gravity_wave_forcing_FILE_ClimaAtmos_jl_src_parameterized_tendencies_gravity_wave_dr…
      0.0             9632          2       4816.0       4816.0       4800       4832         22.6  calc_base_flux__FILE_ClimaAtmos_jl_src_parameterized_tendencies_gravity_wave_drag_orographic_gravit…
      0.0             9632          2       4816.0       4816.0       4800       4832         22.6  orographic_gravity_wave_forcing__FILE_ClimaAtmos_jl_src_parameterized_tendencies_gravity_wave_drag_…
      0.0             9248          2       4624.0       4624.0       4608       4640         22.6  calc_base_flux__FILE_ClimaAtmos_jl_src_parameterized_tendencies_gravity_wave_drag_orographic_gravit…
      0.0             9184          2       4592.0       4592.0       4576       4608         22.6  orographic_gravity_wave_compute_tendency__FILE_ClimaAtmos_jl_src_parameterized_tendencies_gravity_w…
      0.0             7424          2       3712.0       3712.0       3712       3712          0.0  calc_base_flux__FILE_ClimaAtmos_jl_src_parameterized_tendencies_gravity_wave_drag_orographic_gravit…
      0.0             5888          2       2944.0       2944.0       2944       2944          0.0  calc_base_flux__FILE_ClimaAtmos_jl_src_parameterized_tendencies_gravity_wave_drag_orographic_gravit…
      0.0             5024          2       2512.0       2512.0       2496       2528         22.6  calc_base_flux__FILE_ClimaAtmos_jl_src_parameterized_tendencies_gravity_wave_drag_orographic_gravit…

Processing [results/experiments/launch-cost/baseline.sqlite] with [/opt/nvidia/nsight-systems/2025.3.2/host-linux-x64/reports/cuda_gpu_mem_time_sum.py]... 

 ** CUDA GPU MemOps Summary (by Time) (cuda_gpu_mem_time_sum):

 Time (%)  Total Time (ns)  Count  Avg (ns)  Med (ns)  Min (ns)  Max (ns)  StdDev (ns)            Operation           
 --------  ---------------  -----  --------  --------  --------  --------  -----------  ------------------------------
     48.8         63508548   4234   14999.7    2080.0       992     57631      20554.3  [CUDA memset]                 
     26.4         34310562    316  108577.7    1984.0      1887   1590738     317412.8  [CUDA memcpy Device-to-Host]  
     24.6         31971152    804   39765.1    8768.0      1248    503548      80098.3  [CUDA memcpy Host-to-Device]  
      0.2           323421     74    4370.6    5728.0      2112      6208       1668.0  [CUDA memcpy Device-to-Device]

Processing [results/experiments/launch-cost/baseline.sqlite] with [/opt/nvidia/nsight-systems/2025.3.2/host-linux-x64/reports/cuda_gpu_mem_size_sum.py]... 

 ** CUDA GPU MemOps Summary (by Size) (cuda_gpu_mem_size_sum):

 Total (MB)  Count  Avg (MB)  Med (MB)  Min (MB)  Max (MB)  StdDev (MB)            Operation           
 ----------  -----  --------  --------  --------  --------  -----------  ------------------------------
 113956.996   4234    26.915     0.590     0.000   105.284       42.730  [CUDA memset]                 
    628.961    804     0.782     0.147     0.000     4.645        1.621  [CUDA memcpy Host-to-Device]  
    188.302    316     0.596     0.000     0.000     4.645        1.544  [CUDA memcpy Device-to-Host]  
    188.301     74     2.545     4.645     0.074     4.645        2.294  [CUDA memcpy Device-to-Device]

Processing [results/experiments/launch-cost/baseline.sqlite] with [/opt/nvidia/nsight-systems/2025.3.2/host-linux-x64/reports/openmp_sum.py]... 
SKIPPED: results/experiments/launch-cost/baseline.sqlite does not contain OpenMP event data.

Processing [results/experiments/launch-cost/baseline.sqlite] with [/opt/nvidia/nsight-systems/2025.3.2/host-linux-x64/reports/opengl_khr_range_sum.py]... 
SKIPPED: results/experiments/launch-cost/baseline.sqlite does not contain KHR Extension (KHR_DEBUG) data.

Processing [results/experiments/launch-cost/baseline.sqlite] with [/opt/nvidia/nsight-systems/2025.3.2/host-linux-x64/reports/opengl_khr_gpu_range_sum.py]... 
SKIPPED: results/experiments/launch-cost/baseline.sqlite does not contain GPU KHR Extension (KHR_DEBUG) data.

Processing [results/experiments/launch-cost/baseline.sqlite] with [/opt/nvidia/nsight-systems/2025.3.2/host-linux-x64/reports/vulkan_marker_sum.py]... 
SKIPPED: results/experiments/launch-cost/baseline.sqlite does not contain Vulkan Debug Extension (Vulkan Debug Util) data.

Processing [results/experiments/launch-cost/baseline.sqlite] with [/opt/nvidia/nsight-systems/2025.3.2/host-linux-x64/reports/vulkan_gpu_marker_sum.py]... 
SKIPPED: results/experiments/launch-cost/baseline.sqlite does not contain GPU Vulkan Debug Extension (GPU Vulkan Debug markers) data.

Processing [results/experiments/launch-cost/baseline.sqlite] with [/opt/nvidia/nsight-systems/2025.3.2/host-linux-x64/reports/dx11_pix_sum.py]... 
SKIPPED: results/experiments/launch-cost/baseline.sqlite does not contain DX11 CPU debug markers.

Processing [results/experiments/launch-cost/baseline.sqlite] with [/opt/nvidia/nsight-systems/2025.3.2/host-linux-x64/reports/dx12_gpu_marker_sum.py]... 
SKIPPED: results/experiments/launch-cost/baseline.sqlite does not contain DX12 GPU debug markers.

Processing [results/experiments/launch-cost/baseline.sqlite] with [/opt/nvidia/nsight-systems/2025.3.2/host-linux-x64/reports/dx12_pix_sum.py]... 
SKIPPED: results/experiments/launch-cost/baseline.sqlite does not contain DX12 CPU debug markers.

Processing [results/experiments/launch-cost/baseline.sqlite] with [/opt/nvidia/nsight-systems/2025.3.2/host-linux-x64/reports/wddm_queue_sum.py]... 
SKIPPED: results/experiments/launch-cost/baseline.sqlite does not contain WDDM context data.

Processing [results/experiments/launch-cost/baseline.sqlite] with [/opt/nvidia/nsight-systems/2025.3.2/host-linux-x64/reports/um_sum.py]... 
SKIPPED: results/experiments/launch-cost/baseline.sqlite does not contain CUDA Unified Memory CPU page faults data.

Processing [results/experiments/launch-cost/baseline.sqlite] with [/opt/nvidia/nsight-systems/2025.3.2/host-linux-x64/reports/um_total_sum.py]... 
SKIPPED: results/experiments/launch-cost/baseline.sqlite does not contain CUDA Unified Memory CPU page faults data.

Processing [results/experiments/launch-cost/baseline.sqlite] with [/opt/nvidia/nsight-systems/2025.3.2/host-linux-x64/reports/um_cpu_page_faults_sum.py]... 
SKIPPED: results/experiments/launch-cost/baseline.sqlite does not contain CUDA Unified Memory CPU page faults data.

Processing [results/experiments/launch-cost/baseline.sqlite] with [/opt/nvidia/nsight-systems/2025.3.2/host-linux-x64/reports/openacc_sum.py]... 
SKIPPED: results/experiments/launch-cost/baseline.sqlite does not contain OpenACC event data.

Processing [results/experiments/launch-cost/baseline.sqlite] with [/opt/nvidia/nsight-systems/2025.3.2/host-linux-x64/reports/syscall_sum.py]... 
SKIPPED: results/experiments/launch-cost/baseline.sqlite does not contain syscall data.

