{
  "speedup_pct": -1.4345672986382452,
  "baseline": {
    "globalVid": 281474976710656,
    "duration": 3570967500,
    "startTime": 2685368143911,
    "stopTime": 2688939111411,
    "duration_s": 3.5709675
  },
  "mod": {
    "globalVid": 281474976710656,
    "duration": 3622195432,
    "startTime": 2738398146016,
    "stopTime": 2742020341448,
    "duration_s": 3.622195432
  }
}