{
  "nsys_speedup_pct": -7.528610880700359,
  "speedup_pct": -0.16432794263205874,
  "baseline": {
    "nsys_globalVid": 281474976710656,
    "nsys_duration": 3657177617,
    "nsys_startTime": 2152460445172,
    "nsys_stopTime": 2156117622789,
    "nsys_duration_s": 3.657177617,
    "n_steps_completed": 40,
    "wall_time_total": "23 seconds, 455 milliseconds",
    "sypd_callback": 0.14,
    "sypd": 0.14688946273978581
  },
  "mod": {
    "nsys_globalVid": 281474976710656,
    "nsys_duration": 3932512289,
    "nsys_startTime": 2456426978466,
    "nsys_stopTime": 2460359490755,
    "nsys_duration_s": 3.932512289,
    "n_steps_completed": 40,
    "wall_time_total": "23 seconds, 488 milliseconds",
    "sypd_callback": 0.14,
    "sypd": 0.1466484783124737
  }
}