{
  "nsys_speedup_pct": 10.120951593953887,
  "speedup_pct": 6.827713782001843,
  "baseline": {
    "nsys_globalVid": 281474976710656,
    "nsys_duration": 3338248028,
    "nsys_startTime": 2132726168216,
    "nsys_stopTime": 2136064416244,
    "nsys_duration_s": 3.338248028,
    "n_steps_completed": 40,
    "wall_time_total": "12 seconds, 964 milliseconds",
    "sypd_callback": 0.253,
    "sypd": 0.2597082287426746
  },
  "mod": {
    "nsys_globalVid": 281474976710656,
    "nsys_duration": 3000385561,
    "nsys_startTime": 2228442453057,
    "nsys_stopTime": 2231442838618,
    "nsys_duration_s": 3.000385561,
    "n_steps_completed": 40,
    "wall_time_total": "12 seconds, 42 milliseconds",
    "sypd_callback": 0.273,
    "sypd": 0.27873978334611965
  }
}