{
  "speedup_pct": -5.1010118126250115,
  "baseline": {
    "globalVid": 281474976710656,
    "duration": 3570967500,
    "startTime": 2685368143911,
    "stopTime": 2688939111411,
    "duration_s": 3.5709675
  },
  "mod": {
    "globalVid": 281474976710656,
    "duration": 3753122974,
    "startTime": 2898484917457,
    "stopTime": 2902238040431,
    "duration_s": 3.753122974
  }
}