{
  "nsys_speedup_pct": 8.355195308794915,
  "speedup_pct": 5.2091258781240874,
  "baseline": {
    "nsys_globalVid": 281474976710656,
    "nsys_duration": 3365447241,
    "nsys_startTime": 2097992131679,
    "nsys_stopTime": 2101357578920,
    "nsys_duration_s": 3.365447241,
    "n_steps_completed": 40,
    "wall_time_total": "13 seconds, 353 milliseconds",
    "sypd_callback": 0.246,
    "sypd": 0.2517155904396235
  },
  "mod": {
    "nsys_globalVid": 281474976710656,
    "nsys_duration": 3084257551,
    "nsys_startTime": 2159585245656,
    "nsys_stopTime": 2162669503207,
    "nsys_duration_s": 3.084257551,
    "n_steps_completed": 40,
    "wall_time_total": "12 seconds, 643 milliseconds",
    "sypd_callback": 0.26,
    "sypd": 0.2655483376131589
  }
}