{
  "nsys_speedup_pct": 10.239428103515502,
  "speedup_pct": 0.5625106909119992,
  "baseline": {
    "nsys_globalVid": 281474976710656,
    "nsys_duration": 4543377465,
    "nsys_startTime": 2269735534928,
    "nsys_stopTime": 2274278912393,
    "nsys_duration_s": 4.543377465,
    "n_steps_completed": 40,
    "wall_time_total": "23 seconds, 580 milliseconds",
    "sypd_callback": 0.139,
    "sypd": 0.14622466184295813
  },
  "mod": {
    "nsys_globalVid": 281474976710656,
    "nsys_duration": 4078161596,
    "nsys_startTime": 2548464414991,
    "nsys_stopTime": 2552542576587,
    "nsys_duration_s": 4.078161596,
    "n_steps_completed": 40,
    "wall_time_total": "23 seconds, 458 milliseconds",
    "sypd_callback": 0.14,
    "sypd": 0.14705184418769718
  }
}