{
  "nsys_speedup_pct": 10.102584462397813,
  "speedup_pct": 6.196285764362608,
  "baseline": {
    "nsys_globalVid": 281474976710656,
    "nsys_duration": 3987672991,
    "nsys_startTime": 2273770860318,
    "nsys_stopTime": 2277758533309,
    "nsys_duration_s": 3.987672991,
    "n_steps_completed": 40,
    "wall_time_total": "15 seconds, 761 milliseconds",
    "sypd_callback": 0.208,
    "sypd": 0.21845322990938232
  },
  "mod": {
    "nsys_globalVid": 281474976710656,
    "nsys_duration": 3584814959,
    "nsys_startTime": 2211927312063,
    "nsys_stopTime": 2215512127022,
    "nsys_duration_s": 3.584814959,
    "n_steps_completed": 40,
    "wall_time_total": "14 seconds, 821 milliseconds",
    "sypd_callback": 0.222,
    "sypd": 0.23288334762589685
  }
}