{
  "nsys_speedup_pct": -6.95269239934837,
  "speedup_pct": 11.683702324451028,
  "baseline": {
    "nsys_globalVid": 281474976710656,
    "nsys_duration": 3852445220,
    "nsys_startTime": 2327881021448,
    "nsys_stopTime": 2331733466668,
    "nsys_duration_s": 3.85244522,
    "n_steps_completed": 40,
    "wall_time_total": "23 seconds, 507 milliseconds",
    "sypd_callback": 0.14,
    "sypd": 0.14678011506499145
  },
  "mod": {
    "nsys_globalVid": 281474976710656,
    "nsys_duration": 4120293886,
    "nsys_startTime": 2424691072457,
    "nsys_stopTime": 2428811366343,
    "nsys_duration_s": 4.120293886,
    "n_steps_completed": 40,
    "wall_time_total": "20 seconds, 738 milliseconds",
    "sypd_callback": 0.158,
    "sypd": 0.16619822040573223
  }
}