{
  "nsys_speedup_pct": -1.8439021497435926,
  "speedup_pct": 1.2499999999999956,
  "baseline": {
    "nsys_globalVid": 281474976710656,
    "nsys_duration": 3303465968,
    "nsys_startTime": 3145813632594,
    "nsys_stopTime": 3149117098562,
    "nsys_duration_s": 3.303465968,
    "n_steps_completed": 40,
    "wall_time_total": "41 seconds, 340 milliseconds",
    "sypd": 0.079
  },
  "mod": {
    "nsys_globalVid": 281474976710656,
    "nsys_duration": 3364378648,
    "nsys_startTime": 3117034734782,
    "nsys_stopTime": 3120399113430,
    "nsys_duration_s": 3.364378648,
    "n_steps_completed": 40,
    "wall_time_total": "41 seconds, 271 milliseconds",
    "sypd": 0.08
  }
}