{
  "nsys_speedup_pct": 2.016753415021355,
  "speedup_pct": -0.40951825988229107,
  "baseline": {
    "nsys_globalVid": 281474976710656,
    "nsys_duration": 4270251403,
    "nsys_startTime": 2181186239574,
    "nsys_stopTime": 2185456490977,
    "nsys_duration_s": 4.270251403,
    "n_steps_completed": 40,
    "wall_time_total": "17 seconds, 340 milliseconds",
    "sypd_callback": 0.189,
    "sypd": 0.19927059454137205
  },
  "mod": {
    "nsys_globalVid": 281474976710656,
    "nsys_duration": 4184130962,
    "nsys_startTime": 2049641953219,
    "nsys_stopTime": 2053826084181,
    "nsys_duration_s": 4.184130962,
    "n_steps_completed": 40,
    "wall_time_total": "17 seconds, 392 milliseconds",
    "sypd_callback": 0.189,
    "sypd": 0.1984578733119854
  }
}