{
  "nsys_speedup_pct": -12.470627226102081,
  "speedup_pct": 0.9030759150790102,
  "baseline": {
    "nsys_globalVid": 281474976710656,
    "nsys_duration": 4572625247,
    "nsys_startTime": 2070156926184,
    "nsys_stopTime": 2074729551431,
    "nsys_duration_s": 4.572625247,
    "n_steps_completed": 40,
    "wall_time_total": "18 seconds, 786 milliseconds",
    "sypd_callback": 0.175,
    "sypd": 0.18365892738071393
  },
  "mod": {
    "nsys_globalVid": 281474976710656,
    "nsys_duration": 5142860296,
    "nsys_startTime": 2172878771313,
    "nsys_stopTime": 2178021631609,
    "nsys_duration_s": 5.142860296,
    "n_steps_completed": 40,
    "wall_time_total": "18 seconds, 641 milliseconds",
    "sypd_callback": 0.176,
    "sypd": 0.1853326216496161
  }
}