{
  "nsys_speedup_pct": 4.492068077093759,
  "speedup_pct": 2.710468756054496,
  "baseline": {
    "nsys_globalVid": 281474976710656,
    "nsys_duration": 3338248028,
    "nsys_startTime": 2132726168216,
    "nsys_stopTime": 2136064416244,
    "nsys_duration_s": 3.338248028,
    "n_steps_completed": 40,
    "wall_time_total": "12 seconds, 964 milliseconds",
    "sypd_callback": 0.253,
    "sypd": 0.2597082287426746
  },
  "mod": {
    "nsys_globalVid": 281474976710656,
    "nsys_duration": 3188291654,
    "nsys_startTime": 2158293199419,
    "nsys_stopTime": 2161481491073,
    "nsys_duration_s": 3.188291654,
    "n_steps_completed": 40,
    "wall_time_total": "12 seconds, 589 milliseconds",
    "sypd_callback": 0.261,
    "sypd": 0.2669436530550009
  }
}