{
  "speedup_pct": 0.15386174755160908,
  "baseline": {
    "globalVid": 281474976710656,
    "duration": 3570967500,
    "startTime": 2685368143911,
    "stopTime": 2688939111411,
    "duration_s": 3.5709675
  },
  "mod": {
    "globalVid": 281474976710656,
    "duration": 3565473147,
    "startTime": 2635494607592,
    "stopTime": 2639060080739,
    "duration_s": 3.565473147
  }
}