{
  "nsys_speedup_pct": -4.71146388705348,
  "speedup_pct": 6.196285764362608,
  "baseline": {
    "nsys_globalVid": 281474976710656,
    "nsys_duration": 2630466347,
    "nsys_startTime": 2223347441105,
    "nsys_stopTime": 2225977907452,
    "nsys_duration_s": 2.630466347,
    "n_steps_completed": 40,
    "wall_time_total": "15 seconds, 761 milliseconds",
    "sypd_callback": 0.208,
    "sypd": 0.21845322990938232
  },
  "mod": {
    "nsys_globalVid": 281474976710656,
    "nsys_duration": 2754399819,
    "nsys_startTime": 2195289743713,
    "nsys_stopTime": 2198044143532,
    "nsys_duration_s": 2.754399819,
    "n_steps_completed": 40,
    "wall_time_total": "14 seconds, 821 milliseconds",
    "sypd_callback": 0.222,
    "sypd": 0.23288334762589685
  }
}