{
  "nsys_speedup_pct": 7.655650093265343,
  "speedup_pct": 5.352952145153167,
  "baseline": {
    "nsys_globalVid": 281474976710656,
    "nsys_duration": 3482882012,
    "nsys_startTime": 2050398067217,
    "nsys_stopTime": 2053880949229,
    "nsys_duration_s": 3.482882012,
    "n_steps_completed": 40,
    "wall_time_total": "13 seconds, 334 milliseconds",
    "sypd_callback": 0.246,
    "sypd": 0.2521128032668273
  },
  "mod": {
    "nsys_globalVid": 281474976710656,
    "nsys_duration": 3216244752,
    "nsys_startTime": 2199482807169,
    "nsys_stopTime": 2202699051921,
    "nsys_duration_s": 3.216244752,
    "n_steps_completed": 40,
    "wall_time_total": "12 seconds, 608 milliseconds",
    "sypd_callback": 0.261,
    "sypd": 0.2663715445763021
  }
}