{
  "nsys_speedup_pct": 0.40586595654962254,
  "speedup_pct": 0.7282362923729857,
  "baseline": {
    "nsys_globalVid": 281474976710656,
    "nsys_duration": 4219484715,
    "nsys_startTime": 2233824868690,
    "nsys_stopTime": 2238044353405,
    "nsys_duration_s": 4.219484715,
    "n_steps_completed": 40,
    "wall_time_total": "23 seconds, 607 milliseconds",
    "sypd_callback": 0.139,
    "sypd": 0.1459970377068137
  },
  "mod": {
    "nsys_globalVid": 281474976710656,
    "nsys_duration": 4202359263,
    "nsys_startTime": 2221207759390,
    "nsys_stopTime": 2225410118653,
    "nsys_duration_s": 4.202359263,
    "n_steps_completed": 40,
    "wall_time_total": "23 seconds, 433 milliseconds",
    "sypd_callback": 0.14,
    "sypd": 0.14706804055259953
  }
}