{
  "nsys_speedup_pct": 29.676910576208993,
  "speedup_pct": 30.78098357546638,
  "baseline": {
    "nsys_globalVid": 281474976710656,
    "nsys_duration": 4711953589,
    "nsys_startTime": 1891035217514,
    "nsys_stopTime": 1895747171103,
    "nsys_duration_s": 4.711953589,
    "n_steps_completed": 40,
    "wall_time_total": "18 seconds, 842 milliseconds",
    "sypd_callback": 0.174,
    "sypd": 0.18028823356017964
  },
  "mod": {
    "nsys_globalVid": 281474976710656,
    "nsys_duration": 3313591336,
    "nsys_startTime": 1806223356165,
    "nsys_stopTime": 1809536947501,
    "nsys_duration_s": 3.313591336,
    "n_steps_completed": 40,
    "wall_time_total": "12 seconds, 917 milliseconds",
    "sypd_callback": 0.254,
    "sypd": 0.2604605538663494
  }
}