{
  "nsys_speedup_pct": 7.940634516509859,
  "speedup_pct": 0.1376076890524658,
  "baseline": {
    "nsys_globalVid": 281474976710656,
    "nsys_duration": 4309351983,
    "nsys_startTime": 2335233778612,
    "nsys_stopTime": 2339543130595,
    "nsys_duration_s": 4.309351983,
    "n_steps_completed": 40,
    "wall_time_total": "23 seconds, 580 milliseconds",
    "sypd_callback": 0.139,
    "sypd": 0.14622466184295813
  },
  "mod": {
    "nsys_globalVid": 281474976710656,
    "nsys_duration": 3967162092,
    "nsys_startTime": 2366106477422,
    "nsys_stopTime": 2370073639514,
    "nsys_duration_s": 3.967162092,
    "n_steps_completed": 40,
    "wall_time_total": "23 seconds, 539 milliseconds",
    "sypd_callback": 0.14,
    "sypd": 0.14642615549169863
  }
}