{
  "nsys_speedup_pct": 4.252045170934604,
  "speedup_pct": 10.319607925717843,
  "baseline": {
    "nsys_globalVid": 281474976710656,
    "nsys_duration": 4572625247,
    "nsys_startTime": 2070156926184,
    "nsys_stopTime": 2074729551431,
    "nsys_duration_s": 4.572625247,
    "n_steps_completed": 40,
    "wall_time_total": "18 seconds, 786 milliseconds",
    "sypd_callback": 0.175,
    "sypd": 0.18365892738071393
  },
  "mod": {
    "nsys_globalVid": 281474976710656,
    "nsys_duration": 4378195156,
    "nsys_startTime": 2081271550245,
    "nsys_stopTime": 2085649745401,
    "nsys_duration_s": 4.378195156,
    "n_steps_completed": 40,
    "wall_time_total": "16 seconds, 860 milliseconds",
    "sypd_callback": 0.195,
    "sypd": 0.20479273465774936
  }
}