{
  "nsys_speedup_pct": 2.694246780988796,
  "speedup_pct": 1.9722859859486963,
  "baseline": {
    "nsys_globalVid": 281474976710656,
    "nsys_duration": 3304220483,
    "nsys_startTime": 1942001147837,
    "nsys_stopTime": 1945305368320,
    "nsys_duration_s": 3.304220483,
    "n_steps_completed": 40,
    "wall_time_total": "12 seconds, 963 milliseconds",
    "sypd_callback": 0.253,
    "sypd": 0.2594320735974944
  },
  "mod": {
    "nsys_globalVid": 281474976710656,
    "nsys_duration": 3215196629,
    "nsys_startTime": 1975600079019,
    "nsys_stopTime": 1978815275648,
    "nsys_duration_s": 3.215196629,
    "n_steps_completed": 40,
    "wall_time_total": "12 seconds, 689 milliseconds",
    "sypd_callback": 0.259,
    "sypd": 0.26465176323535133
  }
}