{
  "nsys_speedup_pct": -0.0007274246772492887,
  "speedup_pct": 1.0297823714183973,
  "baseline": {
    "nsys_globalVid": 281474976710656,
    "nsys_duration": 3438294133,
    "nsys_startTime": 2054897833414,
    "nsys_stopTime": 2058336127547,
    "nsys_duration_s": 3.438294133,
    "n_steps_completed": 40,
    "wall_time_total": "13 seconds, 473 milliseconds",
    "sypd_callback": 0.244,
    "sypd": 0.2503927263533271
  },
  "mod": {
    "nsys_globalVid": 281474976710656,
    "nsys_duration": 3438319144,
    "nsys_startTime": 2112258610272,
    "nsys_stopTime": 2115696929416,
    "nsys_duration_s": 3.438319144,
    "n_steps_completed": 40,
    "wall_time_total": "13 seconds, 285 milliseconds",
    "sypd_callback": 0.247,
    "sypd": 0.2529980557312791
  }
}