{
  "speedup_pct": 4.516963768899396,
  "baseline": {
    "globalVid": 281474976710656,
    "duration": 3738128589,
    "startTime": 2958979629630,
    "stopTime": 2962717758219,
    "duration_s": 3.738128589
  },
  "mod": {
    "globalVid": 281474976710656,
    "duration": 3569278675,
    "startTime": 2787994297574,
    "stopTime": 2791563576249,
    "duration_s": 3.569278675
  }
}