{
  "nsys_speedup_pct": -26.738428169495833,
  "speedup_pct": -34.09133895721066,
  "baseline": {
    "nsys_globalVid": 281474976710656,
    "nsys_duration": 3571119192,
    "nsys_startTime": 2166609474910,
    "nsys_stopTime": 2170180594102,
    "nsys_duration_s": 3.571119192,
    "n_steps_completed": 40,
    "wall_time_total": "13 seconds, 19 milliseconds",
    "sypd_callback": 0.252,
    "sypd": 0.2576488347969946
  },
  "mod": {
    "nsys_globalVid": 281474976710656,
    "nsys_duration": 4525980332,
    "nsys_startTime": 2064193953626,
    "nsys_stopTime": 2068719933958,
    "nsys_duration_s": 4.525980332,
    "n_steps_completed": 40,
    "wall_time_total": "17 seconds, 573 milliseconds",
    "sypd_callback": 0.187,
    "sypd": 0.19214427777413115
  }
}