{
  "nsys_speedup_pct": 19.040812797784966,
  "speedup_pct": 29.525423576249278,
  "baseline": {
    "nsys_globalVid": 281474976710656,
    "nsys_duration": 4711953589,
    "nsys_startTime": 1891035217514,
    "nsys_stopTime": 1895747171103,
    "nsys_duration_s": 4.711953589,
    "n_steps_completed": 40,
    "wall_time_total": "18 seconds, 842 milliseconds",
    "sypd_callback": 0.174,
    "sypd": 0.18028823356017964
  },
  "mod": {
    "nsys_globalVid": 281474976710656,
    "nsys_duration": 3814759327,
    "nsys_startTime": 2211916050356,
    "nsys_stopTime": 2215730809683,
    "nsys_duration_s": 3.814759327,
    "n_steps_completed": 40,
    "wall_time_total": "13 seconds, 99 milliseconds",
    "sypd_callback": 0.251,
    "sypd": 0.2558202442766587
  }
}