{
  "speedup_pct": -0.7214022870930981,
  "baseline": {
    "globalVid": 281474976710656,
    "duration": 5702211337,
    "startTime": 2787370716765,
    "stopTime": 2793072928102,
    "duration_s": 5.702211337
  },
  "mod": {
    "globalVid": 281474976710656,
    "duration": 5743347220,
    "startTime": 2769574715828,
    "stopTime": 2775318063048,
    "duration_s": 5.74334722
  }
}