{
  "nsys_speedup_pct": 2.28029990788694,
  "speedup_pct": 0.0020864143384979883,
  "baseline": {
    "nsys_globalVid": 281474976710656,
    "nsys_duration": 2841321476,
    "nsys_startTime": 2246006787164,
    "nsys_stopTime": 2248848108640,
    "nsys_duration_s": 2.841321476,
    "n_steps_completed": 40,
    "wall_time_total": "27 seconds, 551 milliseconds",
    "sypd_callback": 0.119,
    "sypd": 0.12522170160107204
  },
  "mod": {
    "nsys_globalVid": 281474976710656,
    "nsys_duration": 2776530825,
    "nsys_startTime": 2258393563728,
    "nsys_stopTime": 2261170094553,
    "nsys_duration_s": 2.776530825,
    "n_steps_completed": 40,
    "wall_time_total": "27 seconds, 557 milliseconds",
    "sypd_callback": 0.119,
    "sypd": 0.12522431429912087
  }
}