{
  "speedup_pct": -0.918115384696172,
  "baseline": {
    "globalVid": 281474976710656,
    "duration": 3570967500,
    "startTime": 2685368143911,
    "stopTime": 2688939111411,
    "duration_s": 3.5709675
  },
  "mod": {
    "globalVid": 281474976710656,
    "duration": 3603753102,
    "startTime": 2742817334388,
    "stopTime": 2746421087490,
    "duration_s": 3.603753102
  }
}