{
  "nsys_speedup_pct": -2.8974769810614864,
  "speedup_pct": 1.2499999999999956,
  "baseline": {
    "nsys_globalVid": 281474976710656,
    "nsys_duration": 3303465968,
    "nsys_startTime": 3145813632594,
    "nsys_stopTime": 3149117098562,
    "nsys_duration_s": 3.303465968,
    "n_steps_completed": 40,
    "wall_time_total": "41 seconds, 340 milliseconds",
    "sypd": 0.079
  },
  "mod": {
    "nsys_globalVid": 281474976710656,
    "nsys_duration": 3399183134,
    "nsys_startTime": 3145564991038,
    "nsys_stopTime": 3148964174172,
    "nsys_duration_s": 3.399183134,
    "n_steps_completed": 40,
    "wall_time_total": "41 seconds, 222 milliseconds",
    "sypd": 0.08
  }
}