{
  "nsys_speedup_pct": 0.2311666394016476,
  "speedup_pct": 4.086189707104182,
  "baseline": {
    "nsys_globalVid": 281474976710656,
    "nsys_duration": 3438294133,
    "nsys_startTime": 2054897833414,
    "nsys_stopTime": 2058336127547,
    "nsys_duration_s": 3.438294133,
    "n_steps_completed": 40,
    "wall_time_total": "13 seconds, 473 milliseconds",
    "sypd_callback": 0.244,
    "sypd": 0.2503927263533271
  },
  "mod": {
    "nsys_globalVid": 281474976710656,
    "nsys_duration": 3430345944,
    "nsys_startTime": 2281348444445,
    "nsys_stopTime": 2284778790389,
    "nsys_duration_s": 3.430345944,
    "n_steps_completed": 40,
    "wall_time_total": "12 seconds, 888 milliseconds",
    "sypd_callback": 0.255,
    "sypd": 0.261060138877491
  }
}