{
  "nsys_speedup_pct": 9.275094936540196,
  "speedup_pct": 0.03494343618442031,
  "baseline": {
    "nsys_globalVid": 281474976710656,
    "nsys_duration": 4367386089,
    "nsys_startTime": 2676845667772,
    "nsys_stopTime": 2681213053861,
    "nsys_duration_s": 4.367386089,
    "n_steps_completed": 40,
    "wall_time_total": "24 seconds, 379 milliseconds",
    "sypd_callback": 0.135,
    "sypd": 0.14132497208428024
  },
  "mod": {
    "nsys_globalVid": 281474976710656,
    "nsys_duration": 3962306883,
    "nsys_startTime": 2128259037575,
    "nsys_stopTime": 2132221344458,
    "nsys_duration_s": 3.962306883,
    "n_steps_completed": 40,
    "wall_time_total": "24 seconds, 394 milliseconds",
    "sypd_callback": 0.135,
    "sypd": 0.14137437314814238
  }
}