{
  "nsys_speedup_pct": -0.3068997536615381,
  "speedup_pct": -0.4335645738513305,
  "baseline": {
    "nsys_globalVid": 281474976710656,
    "nsys_duration": 3398514621,
    "nsys_startTime": 2068153030025,
    "nsys_stopTime": 2071551544646,
    "nsys_duration_s": 3.398514621,
    "n_steps_completed": 40,
    "wall_time_total": "12 seconds, 862 milliseconds",
    "sypd_callback": 0.255,
    "sypd": 0.2617612437114024
  },
  "mod": {
    "nsys_globalVid": 281474976710656,
    "nsys_duration": 3408944654,
    "nsys_startTime": 1906481014712,
    "nsys_stopTime": 1909889959366,
    "nsys_duration_s": 3.408944654,
    "n_steps_completed": 40,
    "wall_time_total": "12 seconds, 918 milliseconds",
    "sypd_callback": 0.254,
    "sypd": 0.26063123899074875
  }
}