{
  "nsys_speedup_pct": 1.7833281455330363,
  "speedup_pct": 4.388382375590371,
  "baseline": {
    "nsys_globalVid": 281474976710656,
    "nsys_duration": 3438294133,
    "nsys_startTime": 2054897833414,
    "nsys_stopTime": 2058336127547,
    "nsys_duration_s": 3.438294133,
    "n_steps_completed": 40,
    "wall_time_total": "13 seconds, 473 milliseconds",
    "sypd_callback": 0.244,
    "sypd": 0.2503927263533271
  },
  "mod": {
    "nsys_globalVid": 281474976710656,
    "nsys_duration": 3376978066,
    "nsys_startTime": 2331680034095,
    "nsys_stopTime": 2335057012161,
    "nsys_duration_s": 3.376978066,
    "n_steps_completed": 40,
    "wall_time_total": "12 seconds, 863 milliseconds",
    "sypd_callback": 0.255,
    "sypd": 0.2618852526237375
  }
}