{
  "nsys_speedup_pct": 2.82157659121125,
  "speedup_pct": 9.195402298850563,
  "baseline": {
    "nsys_globalVid": 281474976710656,
    "nsys_duration": 3285314965,
    "nsys_startTime": 3016190998495,
    "nsys_stopTime": 3019476313460,
    "nsys_duration_s": 3.285314965,
    "n_steps_completed": 40,
    "wall_time_total": "41 seconds, 393 milliseconds",
    "sypd": 0.079
  },
  "mod": {
    "nsys_globalVid": 281474976710656,
    "nsys_duration": 3192617287,
    "nsys_startTime": 2984976370176,
    "nsys_stopTime": 2988168987463,
    "nsys_duration_s": 3.192617287,
    "n_steps_completed": 40,
    "wall_time_total": "37 seconds, 578 milliseconds",
    "sypd": 0.087
  }
}