{
  "nsys_speedup_pct": -0.3137795239751551,
  "speedup_pct": -0.09424887355726774,
  "baseline": {
    "nsys_globalVid": 281474976710656,
    "nsys_duration": 3398514621,
    "nsys_startTime": 2068153030025,
    "nsys_stopTime": 2071551544646,
    "nsys_duration_s": 3.398514621,
    "n_steps_completed": 40,
    "wall_time_total": "12 seconds, 862 milliseconds",
    "sypd_callback": 0.255,
    "sypd": 0.2617612437114024
  },
  "mod": {
    "nsys_globalVid": 281474976710656,
    "nsys_duration": 3409178464,
    "nsys_startTime": 1932547898029,
    "nsys_stopTime": 1935957076493,
    "nsys_duration_s": 3.409178464,
    "n_steps_completed": 40,
    "wall_time_total": "12 seconds, 840 milliseconds",
    "sypd_callback": 0.256,
    "sypd": 0.26151476898744586
  }
}