{
  "nsys_speedup_pct": -5.150839587656719,
  "speedup_pct": 0.0,
  "baseline": {
    "nsys_globalVid": 281474976710656,
    "nsys_duration": 3329250350,
    "nsys_startTime": 3045056855204,
    "nsys_stopTime": 3048386105554,
    "nsys_duration_s": 3.32925035,
    "n_steps_completed": 40,
    "wall_time_total": "41 seconds, 369 milliseconds",
    "sypd": 0.079
  },
  "mod": {
    "nsys_globalVid": 281474976710656,
    "nsys_duration": 3500734695,
    "nsys_startTime": 3199784272223,
    "nsys_stopTime": 3203285006918,
    "nsys_duration_s": 3.500734695,
    "n_steps_completed": 40,
    "wall_time_total": "41 seconds, 505 milliseconds",
    "sypd": 0.079
  }
}