{
  "nsys_speedup_pct": 17.38545564897842,
  "speedup_pct": 11.894482058917577,
  "baseline": {
    "nsys_globalVid": 281474976710656,
    "nsys_duration": 4394032687,
    "nsys_startTime": 2557695174218,
    "nsys_stopTime": 2562089206905,
    "nsys_duration_s": 4.394032687,
    "n_steps_completed": 40,
    "wall_time_total": "23 seconds, 653 milliseconds",
    "sypd_callback": 0.139,
    "sypd": 0.14598637167964504
  },
  "mod": {
    "nsys_globalVid": 281474976710656,
    "nsys_duration": 3630110083,
    "nsys_startTime": 2406854682330,
    "nsys_stopTime": 2410484792413,
    "nsys_duration_s": 3.630110083,
    "n_steps_completed": 40,
    "wall_time_total": "20 seconds, 815 milliseconds",
    "sypd_callback": 0.158,
    "sypd": 0.1656949247801579
  }
}