{
  "nsys_speedup_pct": 2.918383011725334,
  "speedup_pct": -0.4939777175659632,
  "baseline": {
    "nsys_globalVid": 281474976710656,
    "nsys_duration": 2630466347,
    "nsys_startTime": 2223347441105,
    "nsys_stopTime": 2225977907452,
    "nsys_duration_s": 2.630466347,
    "n_steps_completed": 40,
    "wall_time_total": "13 seconds, 671 milliseconds",
    "sypd_callback": 0.24,
    "sypd": 0.25166145599432926
  },
  "mod": {
    "nsys_globalVid": 281474976710656,
    "nsys_duration": 2553699264,
    "nsys_startTime": 2226002611423,
    "nsys_stopTime": 2228556310687,
    "nsys_duration_s": 2.553699264,
    "n_steps_completed": 40,
    "wall_time_total": "13 seconds, 734 milliseconds",
    "sypd_callback": 0.239,
    "sypd": 0.25042441518397557
  }
}