{
  "nsys_speedup_pct": -0.826270813358021,
  "speedup_pct": 5.252891031863626,
  "baseline": {
    "nsys_globalVid": 281474976710656,
    "nsys_duration": 4270251403,
    "nsys_startTime": 2181186239574,
    "nsys_stopTime": 2185456490977,
    "nsys_duration_s": 4.270251403,
    "n_steps_completed": 40,
    "wall_time_total": "17 seconds, 340 milliseconds",
    "sypd_callback": 0.189,
    "sypd": 0.19927059454137205
  },
  "mod": {
    "nsys_globalVid": 281474976710656,
    "nsys_duration": 4305535244,
    "nsys_startTime": 2066042256403,
    "nsys_stopTime": 2070347791647,
    "nsys_duration_s": 4.305535244,
    "n_steps_completed": 40,
    "wall_time_total": "16 seconds, 421 milliseconds",
    "sypd_callback": 0.2,
    "sypd": 0.21031839040955552
  }
}