{
  "nsys_speedup_pct": -2.116706078288755,
  "speedup_pct": -40.09237179216312,
  "baseline": {
    "nsys_globalVid": 281474976710656,
    "nsys_duration": 3571119192,
    "nsys_startTime": 2166609474910,
    "nsys_stopTime": 2170180594102,
    "nsys_duration_s": 3.571119192,
    "n_steps_completed": 40,
    "wall_time_total": "13 seconds, 19 milliseconds",
    "sypd_callback": 0.252,
    "sypd": 0.2576488347969946
  },
  "mod": {
    "nsys_globalVid": 281474976710656,
    "nsys_duration": 3646709289,
    "nsys_startTime": 2337947947866,
    "nsys_stopTime": 2341594657155,
    "nsys_duration_s": 3.646709289,
    "n_steps_completed": 40,
    "wall_time_total": "18 seconds, 530 milliseconds",
    "sypd_callback": 0.177,
    "sypd": 0.18391353611975014
  }
}