{
  "nsys_speedup_pct": 6.329653893895848,
  "speedup_pct": 6.59574456742228,
  "baseline": {
    "nsys_globalVid": 281474976710656,
    "nsys_duration": 4572625247,
    "nsys_startTime": 2070156926184,
    "nsys_stopTime": 2074729551431,
    "nsys_duration_s": 4.572625247,
    "n_steps_completed": 40,
    "wall_time_total": "18 seconds, 786 milliseconds",
    "sypd_callback": 0.175,
    "sypd": 0.18365892738071393
  },
  "mod": {
    "nsys_globalVid": 281474976710656,
    "nsys_duration": 4283193895,
    "nsys_startTime": 2078428109173,
    "nsys_stopTime": 2082711303068,
    "nsys_duration_s": 4.283193895,
    "n_steps_completed": 40,
    "wall_time_total": "17 seconds, 544 milliseconds",
    "sypd_callback": 0.187,
    "sypd": 0.1966280085742828
  }
}