{
  "nsys_speedup_pct": -0.36546841221187787,
  "speedup_pct": 8.415982584107784,
  "baseline": {
    "nsys_globalVid": 281474976710656,
    "nsys_duration": 4270251403,
    "nsys_startTime": 2181186239574,
    "nsys_stopTime": 2185456490977,
    "nsys_duration_s": 4.270251403,
    "n_steps_completed": 40,
    "wall_time_total": "17 seconds, 340 milliseconds",
    "sypd_callback": 0.189,
    "sypd": 0.19927059454137205
  },
  "mod": {
    "nsys_globalVid": 281474976710656,
    "nsys_duration": 4285857823,
    "nsys_startTime": 2100585511867,
    "nsys_stopTime": 2104871369690,
    "nsys_duration_s": 4.285857823,
    "n_steps_completed": 40,
    "wall_time_total": "15 seconds, 882 milliseconds",
    "sypd_callback": 0.207,
    "sypd": 0.21758228145470435
  }
}