{
  "nsys_speedup_pct": -12.968700941181366,
  "speedup_pct": 0.19273359204367013,
  "baseline": {
    "nsys_globalVid": 281474976710656,
    "nsys_duration": 2841321476,
    "nsys_startTime": 2246006787164,
    "nsys_stopTime": 2248848108640,
    "nsys_duration_s": 2.841321476,
    "n_steps_completed": 40,
    "wall_time_total": "27 seconds, 542 milliseconds",
    "sypd_callback": 0.119,
    "sypd": 0.1253672135844029
  },
  "mod": {
    "nsys_globalVid": 281474976710656,
    "nsys_duration": 3209803961,
    "nsys_startTime": 2412025887461,
    "nsys_stopTime": 2415235691422,
    "nsys_duration_s": 3.209803961,
    "n_steps_completed": 40,
    "wall_time_total": "27 seconds, 475 milliseconds",
    "sypd_callback": 0.12,
    "sypd": 0.12560930490969643
  }
}