{
  "nsys_speedup_pct": 15.536179809248985,
  "speedup_pct": 25.609271724507277,
  "baseline": {
    "nsys_globalVid": 281474976710656,
    "nsys_duration": 4555127996,
    "nsys_startTime": 1798322227889,
    "nsys_stopTime": 1802877355885,
    "nsys_duration_s": 4.555127996,
    "n_steps_completed": 40,
    "wall_time_total": "18 seconds, 922 milliseconds",
    "sypd_callback": 0.174,
    "sypd": 0.17933300422055032
  },
  "mod": {
    "nsys_globalVid": 281474976710656,
    "nsys_duration": 3847435120,
    "nsys_startTime": 1813580754886,
    "nsys_stopTime": 1817428190006,
    "nsys_duration_s": 3.84743512,
    "n_steps_completed": 40,
    "wall_time_total": "13 seconds, 997 milliseconds",
    "sypd_callback": 0.235,
    "sypd": 0.2410690261781316
  }
}