{
  "nsys_speedup_pct": 5.7295480347074434,
  "speedup_pct": 0.2822582403184337,
  "baseline": {
    "nsys_globalVid": 281474976710656,
    "nsys_duration": 3438125395,
    "nsys_startTime": 2001433672573,
    "nsys_stopTime": 2004871797968,
    "nsys_duration_s": 3.438125395,
    "n_steps_completed": 40,
    "wall_time_total": "12 seconds, 984 milliseconds",
    "sypd_callback": 0.253,
    "sypd": 0.25896387737694426
  },
  "mod": {
    "nsys_globalVid": 281474976710656,
    "nsys_duration": 3241136349,
    "nsys_startTime": 1870401139382,
    "nsys_stopTime": 1873642275731,
    "nsys_duration_s": 3.241136349,
    "n_steps_completed": 40,
    "wall_time_total": "12 seconds, 943 milliseconds",
    "sypd_callback": 0.254,
    "sypd": 0.259696893258016
  }
}